唯一ID,首次获取时间,最后更新时间,信息类型,公司名称,招聘标题,岗位,发布时间,招聘日期,工作地点,宣讲日期,宣讲开始时间,宣讲结束时间,宣讲地点,学历要求,专业要求,网申截止时间,投递方式,投递链接,详情链接,链接状态,来源页面,备注
3ca572f5cb9d558dadfd356a12e54f211d86bd98ef2dcbffc80806acfb33161a,2026-09-03 22:04:41,2026-09-03 22:04:41,现场招聘,中国电子科技集团公司第三十八研究所,2027届校园招聘简章,系统设计师(ZT一部),2026-08-28 12:29:42,2026-09-03,安徽省:合肥市,2026-09-03,14:00,16:00,【清】学生活动中心220,硕士、博士,,,,https://cetc38.zhaopin.com/,https://jiuye.uestc.edu.cn/career/recruitment/onsite/fw8992b33im9,verified,https://jiuye.uestc.edu.cn/career/recruitment/onsite,
19faedd6e351b99d7502a652c754d6fba1be67220127fbc157c958dfae77c781,2026-09-03 22:04:41,2026-09-03 22:04:41,现场招聘,中国电子科技集团公司第三十八研究所,2027届校园招聘简章,系统设计师(ZT二部),2026-08-28 12:29:42,2026-09-03,安徽省:合肥市,2026-09-03,14:00,16:00,【清】学生活动中心220,硕士、博士,,,,https://cetc38.zhaopin.com/,https://jiuye.uestc.edu.cn/career/recruitment/onsite/fw8992b33im9,verified,https://jiuye.uestc.edu.cn/career/recruitment/onsite,
e0c5b60e9a3e6ffffe46b5f5fb37d4858ede21f2ab389faeb22e852ac9fd85d3,2026-09-03 22:04:41,2026-09-03 22:04:41,现场招聘,中国电子科技集团公司第三十八研究所,2027届校园招聘简章,系统设计师(ZT四部),2026-08-28 12:29:42,2026-09-03,安徽省:合肥市,2026-09-03,14:00,16:00,【清】学生活动中心220,硕士、博士,,,,https://cetc38.zhaopin.com/,https://jiuye.uestc.edu.cn/career/recruitment/onsite/fw8992b33im9,verified,https://jiuye.uestc.edu.cn/career/recruitment/onsite,
62c3b8e1e984efa30f20b80297e78087ac8bc623f0e9dd91061578a6bd7c7864,2026-09-03 22:04:41,2026-09-03 22:04:41,现场招聘,中国电子科技集团公司第三十八研究所,2027届校园招聘简章,系统设计师(ZT五部),2026-08-28 12:29:42,2026-09-03,安徽省:合肥市,2026-09-03,14:00,16:00,【清】学生活动中心220,硕士、博士,,,,https://cetc38.zhaopin.com/,https://jiuye.uestc.edu.cn/career/recruitment/onsite/fw8992b33im9,verified,https://jiuye.uestc.edu.cn/career/recruitment/onsite,
fd8fa0d2993fc83e79299f8bf02a42fd231c0bfb6d500379964a37a662fa2e79,2026-09-03 22:04:41,2026-09-03 22:04:41,现场招聘,中国电子科技集团公司第三十八研究所,2027届校园招聘简章,系统设计师(低空专班),2026-08-28 12:29:42,2026-09-03,安徽省:合肥市,2026-09-03,14:00,16:00,【清】学生活动中心220,硕士、博士,,,,https://cetc38.zhaopin.com/,https://jiuye.uestc.edu.cn/career/recruitment/onsite/fw8992b33im9,verified,https://jiuye.uestc.edu.cn/career/recruitment/onsite,
c19be9379f76eeade91dee5b041bc01d1837f337fda044c0c1b4200430940f6d,2026-09-03 22:04:41,2026-09-03 22:04:41,现场招聘,中国电子科技集团公司第三十八研究所,2027届校园招聘简章,系统设计师(雷达探测感知全国重点实验室),2026-08-28 12:29:42,2026-09-03,安徽省:合肥市,2026-09-03,14:00,16:00,【清】学生活动中心220,硕士、博士,,,,https://cetc38.zhaopin.com/,https://jiuye.uestc.edu.cn/career/recruitment/onsite/fw8992b33im9,verified,https://jiuye.uestc.edu.cn/career/recruitment/onsite,
734078098cdbe280d4549e45d8723844e4cfc08f1d5865369cc0d953615e26db,2026-09-03 22:04:41,2026-09-03 22:04:41,现场招聘,中国电子科技集团公司第三十八研究所,2027届校园招聘简章,体系效能仿真分析设计师,2026-08-28 12:29:42,2026-09-03,安徽省:合肥市,2026-09-03,14:00,16:00,【清】学生活动中心220,硕士、博士,,,,https://cetc38.zhaopin.com/,https://jiuye.uestc.edu.cn/career/recruitment/onsite/fw8992b33im9,verified,https://jiuye.uestc.edu.cn/career/recruitment/onsite,
f824b011c630ffdbf58070e820bbf7de8d9c5ef09e5cd4ecc34d37ec33d21fec,2026-09-03 22:04:41,2026-09-03 22:04:41,现场招聘,中国电子科技集团公司第三十八研究所,2027届校园招聘简章,信号处理算法设计师,2026-08-28 12:29:42,2026-09-03,安徽省:合肥市,2026-09-03,14:00,16:00,【清】学生活动中心220,硕士、博士,,,,https://cetc38.zhaopin.com/,https://jiuye.uestc.edu.cn/career/recruitment/onsite/fw8992b33im9,verified,https://jiuye.uestc.edu.cn/career/recruitment/onsite,
465899b2d38f4e0c2cc86472cc8b86b03a5e225b065c53bc1ff1a752fc7c23fd,2026-09-03 22:04:41,2026-09-03 22:04:41,现场招聘,中国电子科技集团公司第三十八研究所,2027届校园招聘简章,人工智能算法设计师,2026-08-28 12:29:42,2026-09-03,安徽省:合肥市,2026-09-03,14:00,16:00,【清】学生活动中心220,硕士、博士,,,,https://cetc38.zhaopin.com/,https://jiuye.uestc.edu.cn/career/recruitment/onsite/fw8992b33im9,verified,https://jiuye.uestc.edu.cn/career/recruitment/onsite,
1b3d3260321943b348b9d3a790a3b02c9c3eb259d66d22355c307b327d7f7c1d,2026-09-03 22:04:41,2026-09-03 22:04:41,现场招聘,中国电子科技集团公司第三十八研究所,2027届校园招聘简章,系统设计师,2026-08-28 12:29:42,2026-09-03,安徽省:合肥市,2026-09-03,14:00,16:00,【清】学生活动中心220,硕士、博士,,,,https://cetc38.zhaopin.com/,https://jiuye.uestc.edu.cn/career/recruitment/onsite/fw8992b33im9,verified,https://jiuye.uestc.edu.cn/career/recruitment/onsite,
1e21ef0e73d603c31a1743db13d55ef51b9ca8e228497efe6126b8adf194c95a,2026-09-03 22:04:41,2026-09-03 22:04:41,现场招聘,中国电子科技集团公司第三十八研究所,2027届校园招聘简章,电源设计师,2026-08-28 12:29:42,2026-09-03,安徽省:合肥市,2026-09-03,14:00,16:00,【清】学生活动中心220,硕士、博士,,,,https://cetc38.zhaopin.com/,https://jiuye.uestc.edu.cn/career/recruitment/onsite/fw8992b33im9,verified,https://jiuye.uestc.edu.cn/career/recruitment/onsite,
d33592401e73d34e383b636d4f2279810ac30b85cdc089bfc431c7b3d8096617,2026-09-03 22:04:41,2026-09-03 22:04:41,现场招聘,中国电子科技集团公司第三十八研究所,2027届校园招聘简章,FPGA系统设计师,2026-08-28 12:29:42,2026-09-03,安徽省:合肥市,2026-09-03,14:00,16:00,【清】学生活动中心220,硕士、博士,,,,https://cetc38.zhaopin.com/,https://jiuye.uestc.edu.cn/career/recruitment/onsite/fw8992b33im9,verified,https://jiuye.uestc.edu.cn/career/recruitment/onsite,
582fd743b0699cfbf3f31789ab2d919f6ff21acd158a8e7658788e0c9bcb7672,2026-09-03 22:04:41,2026-09-03 22:04:41,现场招聘,中国电子科技集团公司第三十八研究所,2027届校园招聘简章,FPGA研发工程师,2026-08-28 12:29:42,2026-09-03,安徽省:合肥市,2026-09-03,14:00,16:00,【清】学生活动中心220,硕士、博士,,,,https://cetc38.zhaopin.com/,https://jiuye.uestc.edu.cn/career/recruitment/onsite/fw8992b33im9,verified,https://jiuye.uestc.edu.cn/career/recruitment/onsite,
203cad7b19f2e7bf215b36a96f9f9bda6be93b6b434e1b5f764fca97f24119bf,2026-09-03 22:04:41,2026-09-03 22:04:41,现场招聘,中国电子科技集团公司第三十八研究所,2027届校园招聘简章,数据处理算法设计师,2026-08-28 12:29:42,2026-09-03,安徽省:合肥市,2026-09-03,14:00,16:00,【清】学生活动中心220,硕士、博士,,,,https://cetc38.zhaopin.com/,https://jiuye.uestc.edu.cn/career/recruitment/onsite/fw8992b33im9,verified,https://jiuye.uestc.edu.cn/career/recruitment/onsite,
0ad214e3177c707dc1d102515c1ebbb7b77360734568676417b1e371c543bb26,2026-09-03 22:04:41,2026-09-03 22:04:41,现场招聘,中国电子科技集团公司第三十八研究所,2027届校园招聘简章,B/S架构设计师,2026-08-28 12:29:42,2026-09-03,安徽省:合肥市,2026-09-03,14:00,16:00,【清】学生活动中心220,硕士、博士,,,,https://cetc38.zhaopin.com/,https://jiuye.uestc.edu.cn/career/recruitment/onsite/fw8992b33im9,verified,https://jiuye.uestc.edu.cn/career/recruitment/onsite,
a6c7c98538f2e6f915629df7f985ab23bf3456d921420a5e0a8c1c208b885f23,2026-09-03 22:04:41,2026-09-03 22:04:41,现场招聘,中国电子科技集团公司第三十八研究所,2027届校园招聘简章,FPGA软件测试设计师,2026-08-28 12:29:42,2026-09-03,安徽省:合肥市,2026-09-03,14:00,16:00,【清】学生活动中心220,硕士、博士,,,,https://cetc38.zhaopin.com/,https://jiuye.uestc.edu.cn/career/recruitment/onsite/fw8992b33im9,verified,https://jiuye.uestc.edu.cn/career/recruitment/onsite,
b5fcbd005d78e38e8dd995b2702f3c1a80f801953a542a0de17f980ec8cbbb32,2026-09-03 22:04:41,2026-09-03 22:04:41,现场招聘,中国电子科技集团公司第三十八研究所,2027届校园招聘简章,信息系统开发设计师,2026-08-28 12:29:42,2026-09-03,安徽省:合肥市,2026-09-03,14:00,16:00,【清】学生活动中心220,硕士、博士,,,,https://cetc38.zhaopin.com/,https://jiuye.uestc.edu.cn/career/recruitment/onsite/fw8992b33im9,verified,https://jiuye.uestc.edu.cn/career/recruitment/onsite,
a2e03281b5016d5bca483f0004c56d1d8bfed7c26f40b8a40856bf2546508048,2026-09-03 22:04:41,2026-09-03 22:04:41,现场招聘,中国电子科技集团公司第三十八研究所,2027届校园招聘简章,浮空器系统设计师,2026-08-28 12:29:42,2026-09-03,安徽省:合肥市,2026-09-03,14:00,16:00,【清】学生活动中心220,硕士、博士,,,,https://cetc38.zhaopin.com/,https://jiuye.uestc.edu.cn/career/recruitment/onsite/fw8992b33im9,verified,https://jiuye.uestc.edu.cn/career/recruitment/onsite,
7f3d2e46331407bd2562e35c47ee3c2f50ff4f210d659b838d2ee695a1f3e581,2026-09-03 22:04:41,2026-09-03 22:04:41,现场招聘,中国电子科技集团公司第三十八研究所,2027届校园招聘简章,工艺设计师,2026-08-28 12:29:42,2026-09-03,安徽省:合肥市,2026-09-03,14:00,16:00,【清】学生活动中心220,硕士、博士,,,,https://cetc38.zhaopin.com/,https://jiuye.uestc.edu.cn/career/recruitment/onsite/fw8992b33im9,verified,https://jiuye.uestc.edu.cn/career/recruitment/onsite,
00705b2b0d6504208ed5f0ebe2462833e654a1dc35d5bef3ce678729293b6972,2026-09-03 22:04:41,2026-09-03 22:04:41,现场招聘,中国电子科技集团公司第三十八研究所,2027届校园招聘简章,机电设计师,2026-08-28 12:29:42,2026-09-03,安徽省:合肥市,2026-09-03,14:00,16:00,【清】学生活动中心220,硕士、博士,,,,https://cetc38.zhaopin.com/,https://jiuye.uestc.edu.cn/career/recruitment/onsite/fw8992b33im9,verified,https://jiuye.uestc.edu.cn/career/recruitment/onsite,
6fe15b05fc91e2259139cf458d31ed015128092e4f211266e19e623758a2bfdd,2026-09-03 22:04:41,2026-09-03 22:04:41,现场招聘,中国电子科技集团公司第三十八研究所,2027届校园招聘简章,环控系统设计师,2026-08-28 12:29:42,2026-09-03,安徽省:合肥市,2026-09-03,14:00,16:00,【清】学生活动中心220,硕士、博士,,,,https://cetc38.zhaopin.com/,https://jiuye.uestc.edu.cn/career/recruitment/onsite/fw8992b33im9,verified,https://jiuye.uestc.edu.cn/career/recruitment/onsite,
af97a201de3846fb69e37987cbd987c5e612314e66b611f2747b62119555086e,2026-09-03 22:04:41,2026-09-03 22:04:41,现场招聘,中国电子科技集团公司第三十八研究所,2027届校园招聘简章,力学仿真与测试,2026-08-28 12:29:42,2026-09-03,安徽省:合肥市,2026-09-03,14:00,16:00,【清】学生活动中心220,硕士、博士,,,,https://cetc38.zhaopin.com/,https://jiuye.uestc.edu.cn/career/recruitment/onsite/fw8992b33im9,verified,https://jiuye.uestc.edu.cn/career/recruitment/onsite,
454483cdacd0b7fef797553058483ccb990d7d9fd335f0de6f9b57ad2c2c27d6,2026-09-03 22:04:41,2026-09-03 22:04:41,现场招聘,中国电子科技集团公司第三十八研究所,2027届校园招聘简章,数字化设计与制造设计师,2026-08-28 12:29:42,2026-09-03,安徽省:合肥市,2026-09-03,14:00,16:00,【清】学生活动中心220,硕士、博士,,,,https://cetc38.zhaopin.com/,https://jiuye.uestc.edu.cn/career/recruitment/onsite/fw8992b33im9,verified,https://jiuye.uestc.edu.cn/career/recruitment/onsite,
606ea9c7a55ae53173d0c1c01232ae52dd5f48626db3b76099f24658fae3c32e,2026-09-03 22:04:41,2026-09-03 22:04:41,现场招聘,江苏恒立液压,,未明确列出,2026-08-31 10:49:57,2026-09-03,江苏省:常州市,2026-09-03,14:00,19:00,清水河校区自动化工程学院国际创新中心d104,本科、硕士、博士,,,,,https://jiuye.uestc.edu.cn/career/recruitment/onsite/fwsvx0bi5w5d,verified,https://jiuye.uestc.edu.cn/career/recruitment/onsite,
dca5d016dfcf94b5b47c5f1bb6f0cab9a7e8767529ed6af0f53d7e48a642bf9a,2026-09-03 22:04:41,2026-09-03 22:04:41,现场招聘,航天科工二院,,未明确列出,2026-08-31 11:12:04,2026-09-03,四川省:成都市,2026-09-03,14:30,17:30,清水河校区一楼圆厅,硕士、博士,,,,,https://jiuye.uestc.edu.cn/career/recruitment/onsite/fwsxw16ji77m,verified,https://jiuye.uestc.edu.cn/career/recruitment/onsite,
a0a0f0fff8cc6e3fbe92a90f31f63059d20c0a118103dd169fd44b8891c74fda,2026-09-03 22:04:41,2026-09-03 22:04:41,现场招聘,芯恩(青岛)集成电路有限公司,2027届校园招聘简章,系统应用技术工程师,2026-08-28 10:05:58,2026-09-03,山东省:青岛市,2026-09-03,14:30,17:30,清水河校区学生活动中心二楼圆厅,硕士、博士、本科、博士后,机械工程、控制科学与工程、电气工程、电子科学与技术等相关专业,,,https://siencampus.hotjob.cn/,https://jiuye.uestc.edu.cn/career/recruitment/onsite/fvn60xv8p341,verified,https://jiuye.uestc.edu.cn/career/recruitment/onsite,
1e70fea57d7374d08725f19c8eb2fa3ec4106e5cb070845bffccb35ed32728d7,2026-09-03 22:04:41,2026-09-03 22:04:41,现场招聘,芯恩(青岛)集成电路有限公司,2027届校园招聘简章,工艺工程师,2026-08-28 10:05:58,2026-09-03,山东省:青岛市,2026-09-03,14:30,17:30,清水河校区学生活动中心二楼圆厅,硕士、博士、本科、博士后,电子科学与技术、物理学、化学、材料科学与工程(半导体金属类材料)、光学工程等相关专业,,,https://siencampus.hotjob.cn/,https://jiuye.uestc.edu.cn/career/recruitment/onsite/fvn60xv8p341,verified,https://jiuye.uestc.edu.cn/career/recruitment/onsite,
e7f1fc312394db4127512111f709a152e32abda03e22e1ee522cd0c8ef30bb2e,2026-09-03 22:04:41,2026-09-03 22:04:41,现场招聘,芯恩(青岛)集成电路有限公司,2027届校园招聘简章,工艺整合工程师,2026-08-28 10:05:58,2026-09-03,山东省:青岛市,2026-09-03,14:30,17:30,清水河校区学生活动中心二楼圆厅,硕士、博士、本科、博士后,电子科学与技术、物理学、集成电路、光学工程等相关专业,,,https://siencampus.hotjob.cn/,https://jiuye.uestc.edu.cn/career/recruitment/onsite/fvn60xv8p341,verified,https://jiuye.uestc.edu.cn/career/recruitment/onsite,
bfc231ace7b037734df7d918a65804ea965dd5b52256d1a4061fd5b29e2e4251,2026-09-03 22:04:41,2026-09-03 22:04:41,现场招聘,芯恩(青岛)集成电路有限公司,2027届校园招聘简章,良率工程师,2026-08-28 10:05:58,2026-09-03,山东省:青岛市,2026-09-03,14:30,17:30,清水河校区学生活动中心二楼圆厅,硕士、博士、本科、博士后,电子科学与技术、集成电路、物理学、化学、光学工程、统计学、数学等相关专业,,,https://siencampus.hotjob.cn/,https://jiuye.uestc.edu.cn/career/recruitment/onsite/fvn60xv8p341,verified,https://jiuye.uestc.edu.cn/career/recruitment/onsite,
b07f033e6c2107a86f9f91eeb332ac85cbfabb7cc7f2eae2a7c2b414bec6ac7d,2026-09-03 22:04:41,2026-09-03 22:04:41,现场招聘,芯恩(青岛)集成电路有限公司,2027届校园招聘简章,智能制造算法工程师,2026-08-28 10:05:58,2026-09-03,山东省:青岛市,2026-09-03,14:30,17:30,清水河校区学生活动中心二楼圆厅,硕士、博士、本科、博士后,数学(运筹学)、统计学、控制科学与工程、软件工程、电子科学与技术等相关专业,,,https://siencampus.hotjob.cn/,https://jiuye.uestc.edu.cn/career/recruitment/onsite/fvn60xv8p341,verified,https://jiuye.uestc.edu.cn/career/recruitment/onsite,
fc20965c87a04532678330130a2af23591712a72813c748a3cf9127afc6098ca,2026-09-03 22:04:41,2026-09-03 22:04:41,现场招聘,芯恩(青岛)集成电路有限公司,2027届校园招聘简章,智能制造工程师,2026-08-28 10:05:58,2026-09-03,山东省:青岛市,2026-09-03,14:30,17:30,清水河校区学生活动中心二楼圆厅,硕士、博士、本科、博士后,工业工程、智能制造工程、运筹学、电子科学与技术、机械工程、控制科学与工程、材料科学与工程、物流管理等理工类专业,,,https://siencampus.hotjob.cn/,https://jiuye.uestc.edu.cn/career/recruitment/onsite/fvn60xv8p341,verified,https://jiuye.uestc.edu.cn/career/recruitment/onsite,
c4c81a11798e21637b2ea93746b84c0f67109b82427097be05f4b83619a577dc,2026-09-03 22:04:41,2026-09-03 22:04:41,现场招聘,芯恩(青岛)集成电路有限公司,2027届校园招聘简章,工业工程工程师,2026-08-28 10:05:58,2026-09-03,山东省:青岛市,2026-09-03,14:30,17:30,清水河校区学生活动中心二楼圆厅,硕士、博士、本科、博士后,工业工程,,,https://siencampus.hotjob.cn/,https://jiuye.uestc.edu.cn/career/recruitment/onsite/fvn60xv8p341,verified,https://jiuye.uestc.edu.cn/career/recruitment/onsite,
686b29a2ed1adec83738653b118958171e0b8ca532bbe6c0009fa542636a5670,2026-09-03 22:04:41,2026-09-03 22:04:41,现场招聘,芯恩(青岛)集成电路有限公司,2027届校园招聘简章,工艺助理,2026-08-28 10:05:58,2026-09-03,山东省:青岛市,2026-09-03,14:30,17:30,清水河校区学生活动中心二楼圆厅,硕士、博士、本科、博士后,电子科学与技术、材料科学与工程、物理学、化学、光学工程等相关专业,,,https://siencampus.hotjob.cn/,https://jiuye.uestc.edu.cn/career/recruitment/onsite/fvn60xv8p341,verified,https://jiuye.uestc.edu.cn/career/recruitment/onsite,
44b5af29c9b0cdc6b2bcde25f9d88ca26b5375061c3cf06d8737c1857ea30da7,2026-09-03 22:04:41,2026-09-03 22:04:41,现场招聘,芯恩(青岛)集成电路有限公司,2027届校园招聘简章,工程师,2026-08-28 10:05:58,2026-09-03,山东省:青岛市,2026-09-03,14:30,17:30,清水河校区学生活动中心二楼圆厅,硕士、博士、本科、博士后,电子科学与技术、材料科学与工程、物理学、化学、光学工程等相关专业,,,https://siencampus.hotjob.cn/,https://jiuye.uestc.edu.cn/career/recruitment/onsite/fvn60xv8p341,verified,https://jiuye.uestc.edu.cn/career/recruitment/onsite,
db64b07066ad58ab981c500dbb9b33bff573bbddda759b985eb6ad981b9678d1,2026-09-03 22:04:41,2026-09-03 22:04:41,现场招聘,芯恩(青岛)集成电路有限公司,2027届校园招聘简章,设备运维工程师,2026-08-28 10:05:58,2026-09-03,山东省:青岛市,2026-09-03,14:30,17:30,清水河校区学生活动中心二楼圆厅,硕士、博士、本科、博士后,机械工程、控制科学与工程、电子科学与技术、自动化等相关专业,,,https://siencampus.hotjob.cn/,https://jiuye.uestc.edu.cn/career/recruitment/onsite/fvn60xv8p341,verified,https://jiuye.uestc.edu.cn/career/recruitment/onsite,
063ef060f19494af191dbf393aba38e454e9007e0e516e50562100b572847d7a,2026-09-03 22:04:41,2026-09-03 22:04:41,现场招聘,芯恩(青岛)集成电路有限公司,2027届校园招聘简章,智能制造助理,2026-08-28 10:05:58,2026-09-03,山东省:青岛市,2026-09-03,14:30,17:30,清水河校区学生活动中心二楼圆厅,硕士、博士、本科、博士后,工业工程、数学、计算机、智能制造工程、管理类相关专业,,,https://siencampus.hotjob.cn/,https://jiuye.uestc.edu.cn/career/recruitment/onsite/fvn60xv8p341,verified,https://jiuye.uestc.edu.cn/career/recruitment/onsite,
3e09c48d50381fa5b1d42cb4160b6b61b5105e44ec98985325f3881756ab27a3,2026-09-03 22:04:41,2026-09-03 22:04:41,现场招聘,芯恩(青岛)集成电路有限公司,2027届校园招聘简章,电力工程师,2026-08-28 10:05:58,2026-09-03,山东省:青岛市,2026-09-03,14:30,17:30,清水河校区学生活动中心二楼圆厅,硕士、博士、本科、博士后,电气工程及其自动化、电气工程与智能控制、建筑电气与智能化等其他电气类相关专业,,,https://siencampus.hotjob.cn/,https://jiuye.uestc.edu.cn/career/recruitment/onsite/fvn60xv8p341,verified,https://jiuye.uestc.edu.cn/career/recruitment/onsite,
862c0b3e8b1ec65e1f5598a9df3b1fbce4f9339a21c8a62fb1832048f8b096e6,2026-09-03 22:04:41,2026-09-03 22:04:41,现场招聘,芯恩(青岛)集成电路有限公司,2027届校园招聘简章,暖通机械工程师,2026-08-28 10:05:58,2026-09-03,山东省:青岛市,2026-09-03,14:30,17:30,清水河校区学生活动中心二楼圆厅,硕士、博士、本科、博士后,建筑环境与能源应用工程、能源与动力工程等相关专业,,,https://siencampus.hotjob.cn/,https://jiuye.uestc.edu.cn/career/recruitment/onsite/fvn60xv8p341,verified,https://jiuye.uestc.edu.cn/career/recruitment/onsite,
c1228209c2ccf2a912a3222763724e17aea8399d7094ca4442cc260d0aec47ff,2026-09-03 22:04:41,2026-09-03 22:04:41,现场招聘,芯恩(青岛)集成电路有限公司,2027届校园招聘简章,气化工程师,2026-08-28 10:05:58,2026-09-03,山东省:青岛市,2026-09-03,14:30,17:30,清水河校区学生活动中心二楼圆厅,硕士、博士、本科、博士后,电气工程及其自动化、机械电子工程、化学工程与技术等,,,https://siencampus.hotjob.cn/,https://jiuye.uestc.edu.cn/career/recruitment/onsite/fvn60xv8p341,verified,https://jiuye.uestc.edu.cn/career/recruitment/onsite,
82078d9a0da5fe2a76be329a73c19c8c0ac4d72c72e671b3680a5060cf285a28,2026-09-03 22:04:41,2026-09-03 22:04:41,现场招聘,芯恩(青岛)集成电路有限公司,2027届校园招聘简章,水务工程师,2026-08-28 10:05:58,2026-09-03,山东省:青岛市,2026-09-03,14:30,17:30,清水河校区学生活动中心二楼圆厅,硕士、博士、本科、博士后,环境科学与工程等相关专业,,,https://siencampus.hotjob.cn/,https://jiuye.uestc.edu.cn/career/recruitment/onsite/fvn60xv8p341,verified,https://jiuye.uestc.edu.cn/career/recruitment/onsite,
3994261576cdf536014c7eb3cc6d96d26a2d8e15393a128a154a73270ea7bc80,2026-09-03 22:04:41,2026-09-03 22:04:41,现场招聘,芯恩(青岛)集成电路有限公司,2027届校园招聘简章,工艺研发工程师,2026-08-28 10:05:58,2026-09-03,山东省:青岛市,2026-09-03,14:30,17:30,清水河校区学生活动中心二楼圆厅,硕士、博士、本科、博士后,电子科学与技术、物理学、材料科学与工程、光学工程、化学等相关专业,,,https://siencampus.hotjob.cn/,https://jiuye.uestc.edu.cn/career/recruitment/onsite/fvn60xv8p341,verified,https://jiuye.uestc.edu.cn/career/recruitment/onsite,
054f1621fe1a5d1061bb41973c8c71d857c09458ced7101cf7eb394bf51725d7,2026-09-03 22:04:41,2026-09-03 22:04:41,现场招聘,芯恩(青岛)集成电路有限公司,2027届校园招聘简章,工艺整合研发工程师,2026-08-28 10:05:58,2026-09-03,山东省:青岛市,2026-09-03,14:30,17:30,清水河校区学生活动中心二楼圆厅,硕士、博士、本科、博士后,电子科学与技术、微电子科学与工程、集成电路(含EDA)、物理学、 材料科学与工程、光学工程等相关专业,,,https://siencampus.hotjob.cn/,https://jiuye.uestc.edu.cn/career/recruitment/onsite/fvn60xv8p341,verified,https://jiuye.uestc.edu.cn/career/recruitment/onsite,
505488a6ec5812b274e26f1026d98d5f77fc7df14a961f9258da8df578b018aa,2026-09-03 22:04:41,2026-09-03 22:04:41,现场招聘,芯恩(青岛)集成电路有限公司,2027届校园招聘简章,器件研发工程师,2026-08-28 10:05:58,2026-09-03,山东省:青岛市,2026-09-03,14:30,17:30,清水河校区学生活动中心二楼圆厅,硕士、博士、本科、博士后,电子科学与技术、集成电路(含EDA)、物理学(半导体相关)、材料科学与工程(半导体相关)等相关专业,,,https://siencampus.hotjob.cn/,https://jiuye.uestc.edu.cn/career/recruitment/onsite/fvn60xv8p341,verified,https://jiuye.uestc.edu.cn/career/recruitment/onsite,
4789981991a10bda0c8dc346ae7fd48d8252ad3fc6e3269f328db0d0f9b9fb48,2026-09-03 22:04:41,2026-09-03 22:04:41,现场招聘,芯恩(青岛)集成电路有限公司,2027届校园招聘简章,设计服务工程师,2026-08-28 10:05:58,2026-09-03,山东省:青岛市,2026-09-03,14:30,17:30,清水河校区学生活动中心二楼圆厅,硕士、博士、本科、博士后,微电子、模拟/数字集成电路、电子信息科学与技术等相关专业,,,https://siencampus.hotjob.cn/,https://jiuye.uestc.edu.cn/career/recruitment/onsite/fvn60xv8p341,verified,https://jiuye.uestc.edu.cn/career/recruitment/onsite,
216c6c52c354a02dbf1bb44d24a07058a0f017fa125561716f81acdca86b5720,2026-09-03 22:04:41,2026-09-03 22:04:41,现场招聘,芯恩(青岛)集成电路有限公司,2027届校园招聘简章,工艺设计套件工程师,2026-08-28 10:05:58,2026-09-03,山东省:青岛市,2026-09-03,14:30,17:30,清水河校区学生活动中心二楼圆厅,硕士、博士、本科、博士后,电子科学与技术、物理学、集成电路(含EDA)等相关专业,,,https://siencampus.hotjob.cn/,https://jiuye.uestc.edu.cn/career/recruitment/onsite/fvn60xv8p341,verified,https://jiuye.uestc.edu.cn/career/recruitment/onsite,
0fa3c0e76dfde0b6e204d697b0408d20da968aa7b6e6c243d78d0a4d4bfa8cae,2026-09-03 22:04:41,2026-09-03 22:04:41,现场招聘,芯恩(青岛)集成电路有限公司,2027届校园招聘简章,产品工程师,2026-08-28 10:05:58,2026-09-03,山东省:青岛市,2026-09-03,14:30,17:30,清水河校区学生活动中心二楼圆厅,硕士、博士、本科、博士后,电子科学与技术、集成电路、物理学等相关专业,,,https://siencampus.hotjob.cn/,https://jiuye.uestc.edu.cn/career/recruitment/onsite/fvn60xv8p341,verified,https://jiuye.uestc.edu.cn/career/recruitment/onsite,
dabcd484ba51f93e22d42dd6dea6a7aaa89f9f4ef24ea5dc7262668cca65e2a3,2026-09-03 22:04:41,2026-09-03 22:04:41,现场招聘,芯恩(青岛)集成电路有限公司,2027届校园招聘简章,失效分析工程师,2026-08-28 10:05:58,2026-09-03,山东省:青岛市,2026-09-03,14:30,17:30,清水河校区学生活动中心二楼圆厅,硕士、博士、本科、博士后,电子科学与技术等相关专业,,,https://siencampus.hotjob.cn/,https://jiuye.uestc.edu.cn/career/recruitment/onsite/fvn60xv8p341,verified,https://jiuye.uestc.edu.cn/career/recruitment/onsite,
5190957d68f177fea87a9091b95e4cd15fb0a00f493c7637135a660b4e5798bc,2026-09-03 22:04:41,2026-09-03 22:04:41,现场招聘,芯恩(青岛)集成电路有限公司,2027届校园招聘简章,IT开发工程师,2026-08-28 10:05:58,2026-09-03,山东省:青岛市,2026-09-03,14:30,17:30,清水河校区学生活动中心二楼圆厅,硕士、博士、本科、博士后,计算机科学与技术、自动化、软件工程等相关专业,,,https://siencampus.hotjob.cn/,https://jiuye.uestc.edu.cn/career/recruitment/onsite/fvn60xv8p341,verified,https://jiuye.uestc.edu.cn/career/recruitment/onsite,
7fdd0ed4056addbd9b0c4908261434c6548a1cd945011316fe9e6796fe16c648,2026-09-03 22:04:41,2026-09-03 22:04:41,现场招聘,芯恩(青岛)集成电路有限公司,2027届校园招聘简章,原物料计划工程师,2026-08-28 10:05:58,2026-09-03,山东省:青岛市,2026-09-03,14:30,17:30,清水河校区学生活动中心二楼圆厅,硕士、博士、本科、博士后,物流与管理工程、应用经济学(国际贸易)等相关专业,,,https://siencampus.hotjob.cn/,https://jiuye.uestc.edu.cn/career/recruitment/onsite/fvn60xv8p341,verified,https://jiuye.uestc.edu.cn/career/recruitment/onsite,
9ca8755e7c07df2b6bdbfe4d2e3d1efaecae4994ad48e3d9e2b5fa8f4d712d21,2026-09-03 22:04:41,2026-09-03 22:04:41,现场招聘,芯恩(青岛)集成电路有限公司,2027届校园招聘简章,生产规划工程师,2026-08-28 10:05:58,2026-09-03,山东省:青岛市,2026-09-03,14:30,17:30,清水河校区学生活动中心二楼圆厅,硕士、博士、本科、博士后,工业工程,,,https://siencampus.hotjob.cn/,https://jiuye.uestc.edu.cn/career/recruitment/onsite/fvn60xv8p341,verified,https://jiuye.uestc.edu.cn/career/recruitment/onsite,
147e458d985bf4421acd9b26f4a72d355319d00b8b972a2f4a34c3ce999b4b4d,2026-09-03 22:04:41,2026-09-03 22:04:41,现场招聘,中国人民解放军第五七〇一工厂,,未明确列出,2026-08-28 13:23:53,2026-09-03,四川省:成都市,2026-09-03,15:00,17:00,【清】立人楼B117,本科、硕士、博士,,,,https://xyz.51job.com/External/Apply.aspx?CtmID=9421353,https://jiuye.uestc.edu.cn/career/recruitment/onsite/fwi0r6piodfm,verified,https://jiuye.uestc.edu.cn/career/recruitment/onsite,
1bb7228c219932403ab9476ae5a64907ff2246a08932180aea3d135092602eaa,2026-09-03 22:04:41,2026-09-03 22:04:41,现场招聘,DJI 大疆 2027“拓疆者”校园招聘,DJI 大疆 2027“拓疆者”校园招聘,未明确列出,2026-08-28 15:29:12,2026-09-03,其他(具体查看招聘信息),2026-09-03,18:30,20:30,清水河校区活动中心二楼圆厅,硕士、博士、本科,,,,,https://jiuye.uestc.edu.cn/career/recruitment/onsite/fwivgjh4a51d,verified,https://jiuye.uestc.edu.cn/career/recruitment/onsite,
adb2d0df090418f0808d9139d936778edf54682e338e40586c1e4717ff1ae40c,2026-09-03 22:04:41,2026-09-03 22:04:41,现场招聘,创维集团有限公司,创维集团2027届校园招聘简章,【空中宣讲会】创维集团2027届校园招聘,2026-09-01 14:07:40,2026-09-03,广东省:深圳市,2026-09-03,19:00,,,本科,,,8月3日起,https://skyworth.hotjob.cn/,https://jiuye.uestc.edu.cn/career/recruitment/aerial/fwtpittojf9d,verified,https://jiuye.uestc.edu.cn/career/recruitment/aerial,
1bf39fa11a0b6f9c021c4447f9b252b83d315135af17d8ebe37d4630a44beff3,2026-09-03 22:04:41,2026-09-03 22:04:41,现场招聘,中国电子科技集团公司第十三研究所,2027届校园招聘,芯片设计,2026-08-28 16:45:22,2026-09-04,河北省:石家庄市,2026-09-04,09:30,11:30,【清】品学楼B108,硕士,电磁场与微波技术、电子与通信工程、电子科学与技术、集成电路工程、微电子学与固体电子学、电路与系统、物理电子学、无线电物理、半导体器件、信号与信息处理、光学工程、微电子、光电子、电力电子、导航制导与控制、自动控制、MEMS等,,,,https://jiuye.uestc.edu.cn/career/recruitment/onsite/fwgkk0oys64h,verified,https://jiuye.uestc.edu.cn/career/recruitment/onsite,
c7d4155aba780b041463e71b382605a244abae80b2926b28fdf10dbb8d94e003,2026-09-03 22:04:41,2026-09-03 22:04:41,现场招聘,中国电子科技集团公司第十三研究所,2027届校园招聘,电路设计,2026-08-28 16:45:22,2026-09-04,河北省:石家庄市,2026-09-04,09:30,11:30,【清】品学楼B108,硕士,电磁场与微波技术、电子与通信工程、电子科学与技术、集成电路工程、微电子学与固体电子学、电路与系统、物理电子学、无线电物理、半导体器件、信号与信息处理、光学工程、微电子、光电子、电力电子、导航制导与控制、自动控制、MEMS等,,,,https://jiuye.uestc.edu.cn/career/recruitment/onsite/fwgkk0oys64h,verified,https://jiuye.uestc.edu.cn/career/recruitment/onsite,
aa3f795ce8a816ddb109c596407c92a653cd20c8346add54c9ae2797f4c34ca0,2026-09-03 22:04:41,2026-09-03 22:04:41,现场招聘,中国电子科技集团公司第十三研究所,2027届校园招聘,半导体器件、模组设计、工艺研发,2026-08-28 16:45:22,2026-09-04,河北省:石家庄市,2026-09-04,09:30,11:30,【清】品学楼B108,硕士,电磁场与微波技术、电子与通信工程、电子科学与技术、集成电路工程、微电子学与固体电子学、半导体器件、半导体材料、物理学、电力电子、微电子、光电子、自动化、化学、数学等,,,,https://jiuye.uestc.edu.cn/career/recruitment/onsite/fwgkk0oys64h,verified,https://jiuye.uestc.edu.cn/career/recruitment/onsite,
dc6321570c956295315bbaf92977b499a13c0e0bbc95567bd18659c34ead0e5a,2026-09-03 22:04:41,2026-09-03 22:04:41,现场招聘,中国电子科技集团公司第十三研究所,2027届校园招聘,电子封装,2026-08-28 16:45:22,2026-09-04,河北省:石家庄市,2026-09-04,09:30,11:30,【清】品学楼B108,硕士,微电子学与固体电子学、电子封装、材料工程、机械设计制造、材料科学与工程、无机非金属材料、金属材料、陶瓷材料等,,,,https://jiuye.uestc.edu.cn/career/recruitment/onsite/fwgkk0oys64h,verified,https://jiuye.uestc.edu.cn/career/recruitment/onsite,
f27f36e3dd230013a86ea43282a23dfe989500694b63d82e7f9a32853107e32b,2026-09-03 22:04:41,2026-09-03 22:04:41,现场招聘,中国电子科技集团公司第十三研究所,2027届校园招聘,半导体仪器设备维护和计量技术研究,2026-08-28 16:45:22,2026-09-04,河北省:石家庄市,2026-09-04,09:30,11:30,【清】品学楼B108,硕士,电磁场与微波技术、电子与通信工程、电子科学与技术、微电子学、仪器科学与技术、仪器仪表工程、自动化、电气工程、机械电子等,,,,https://jiuye.uestc.edu.cn/career/recruitment/onsite/fwgkk0oys64h,verified,https://jiuye.uestc.edu.cn/career/recruitment/onsite,
4d6a6cee676c21b4aee556804b16d0d6e944b8f2b2c4aba25480f7bdfef8bb27,2026-09-03 22:04:41,2026-09-03 22:04:41,现场招聘,中国电子科技集团公司第十三研究所,2027届校园招聘,智能制造,2026-08-28 16:45:22,2026-09-04,河北省:石家庄市,2026-09-04,09:30,11:30,【清】品学楼B108,硕士,智能制造、自动化、计算机、软件工程、算法、应用数学、统计学、人工智能、大数据、微电子、机械及自动化、机械电子等,,,,https://jiuye.uestc.edu.cn/career/recruitment/onsite/fwgkk0oys64h,verified,https://jiuye.uestc.edu.cn/career/recruitment/onsite,
21791dd4e6a08a85d801533873d057e34ba9dc4ef00a9a6d5c0ebf281421c329,2026-09-03 22:04:41,2026-09-03 22:04:41,现场招聘,中国电子科技集团公司第十三研究所,2027届校园招聘,科研管理,2026-08-28 16:45:22,2026-09-04,河北省:石家庄市,2026-09-04,09:30,11:30,【清】品学楼B108,硕士,人力资源、企业管理、会计、财务管理、审计、税务、法律、金融、安全工程、安全管理等相关专业,,,,https://jiuye.uestc.edu.cn/career/recruitment/onsite/fwgkk0oys64h,verified,https://jiuye.uestc.edu.cn/career/recruitment/onsite,
2e3df49628afef231cd3cfe4a09e7f98744fdc3b3f93b8749cdfd4c552bea790,2026-09-03 22:04:41,2026-09-03 22:04:41,现场招聘,95861部队,2026年95861部队人才引进,未明确列出,2026-09-02 17:01:52,2026-09-04,其他(具体查看招聘信息),2026-09-04,10:00,11:30,【清】学生活动中心220,本科、硕士、博士,,,,,https://jiuye.uestc.edu.cn/career/recruitment/onsite/fx0y05vhnt36,verified,https://jiuye.uestc.edu.cn/career/recruitment/onsite,
e7e0e65ada761a32ea4f103bde7e204c4495a8d8fd0552cba943e271e6a5b070,2026-09-03 22:04:41,2026-09-03 22:04:41,现场招聘,成都佳驰电子科技股份有限公司,2027 届佳驰科技校园招聘简章,电磁研发工程师,2026-08-28 12:31:34,2026-09-04,四川省:成都市,2026-09-04,14:00,16:00,【清】学生活动中心201,硕士研究生及以上,电子科学与技术、电磁场与微波技术、信息与通信工程、天线等相关专业,,,https://m.zhaopin.com/xiaoyuan/company/detail?channelId=-1&comid=KA1386572109P90000001000&productId=-1&redirect=mxiaoyuan,https://jiuye.uestc.edu.cn/career/recruitment/onsite/fweko34qatxd,verified,https://jiuye.uestc.edu.cn/career/recruitment/onsite,
4ae98651e6e18d705fa108821585504f23e07fcb03f52ff1bb91da06e9f908e7,2026-09-03 22:04:41,2026-09-03 22:04:41,现场招聘,成都佳驰电子科技股份有限公司,2027 届佳驰科技校园招聘简章,材料研发工程师,2026-08-28 12:31:34,2026-09-04,四川省:成都市,2026-09-04,14:00,16:00,【清】学生活动中心201,硕士研究生及以上,复合材料、材料科学与工程、高分子材料等相关专业,,,https://m.zhaopin.com/xiaoyuan/company/detail?channelId=-1&comid=KA1386572109P90000001000&productId=-1&redirect=mxiaoyuan,https://jiuye.uestc.edu.cn/career/recruitment/onsite/fweko34qatxd,verified,https://jiuye.uestc.edu.cn/career/recruitment/onsite,
90c7dd73b3d071ff797a25af78499816a6f0423f23844c5bf2bc51b35e3ad6ec,2026-09-03 22:04:41,2026-09-03 22:04:41,现场招聘,成都佳驰电子科技股份有限公司,2027 届佳驰科技校园招聘简章,结构研发工程师,2026-08-28 12:31:34,2026-09-04,四川省:成都市,2026-09-04,14:00,16:00,【清】学生活动中心201,硕士研究生及以上,力学、结构强度、飞行器设计与工程等相关专业,,,https://m.zhaopin.com/xiaoyuan/company/detail?channelId=-1&comid=KA1386572109P90000001000&productId=-1&redirect=mxiaoyuan,https://jiuye.uestc.edu.cn/career/recruitment/onsite/fweko34qatxd,verified,https://jiuye.uestc.edu.cn/career/recruitment/onsite,
08dca290e2e5d9eab4b6879b34d87e5c285d7ffdd547cfb816dd26e5942902e9,2026-09-03 22:04:41,2026-09-03 22:04:41,现场招聘,成都佳驰电子科技股份有限公司,2027 届佳驰科技校园招聘简章,飞控系统工程师,2026-08-28 12:31:34,2026-09-04,四川省:成都市,2026-09-04,14:00,16:00,【清】学生活动中心201,硕士研究生及以上,飞行器设计、控制工程、飞行器动力工程等相关专业,,,https://m.zhaopin.com/xiaoyuan/company/detail?channelId=-1&comid=KA1386572109P90000001000&productId=-1&redirect=mxiaoyuan,https://jiuye.uestc.edu.cn/career/recruitment/onsite/fweko34qatxd,verified,https://jiuye.uestc.edu.cn/career/recruitment/onsite,
f7c11ed5e9eaea238d133562ef46371fd930b9cc6689f3d162051f9190731624,2026-09-03 22:04:41,2026-09-03 22:04:41,现场招聘,成都佳驰电子科技股份有限公司,2027 届佳驰科技校园招聘简章,软件开发工程师,2026-08-28 12:31:34,2026-09-04,四川省:成都市,2026-09-04,14:00,16:00,【清】学生活动中心201,硕士研究生及以上,计算机、软件工程等相关专业,,,https://m.zhaopin.com/xiaoyuan/company/detail?channelId=-1&comid=KA1386572109P90000001000&productId=-1&redirect=mxiaoyuan,https://jiuye.uestc.edu.cn/career/recruitment/onsite/fweko34qatxd,verified,https://jiuye.uestc.edu.cn/career/recruitment/onsite,
a74f287e6a978723db1a6b81be6a51429a0398254a3422e22bbb7b3c7223f212,2026-09-03 22:04:41,2026-09-03 22:04:41,现场招聘,成都佳驰电子科技股份有限公司,2027 届佳驰科技校园招聘简章,销售工程师,2026-08-28 12:31:34,2026-09-04,四川省:成都市,2026-09-04,14:00,16:00,【清】学生活动中心201,硕士研究生及以上,材料、电子、航空航天、市场营销、经管类等相关专业,,,https://m.zhaopin.com/xiaoyuan/company/detail?channelId=-1&comid=KA1386572109P90000001000&productId=-1&redirect=mxiaoyuan,https://jiuye.uestc.edu.cn/career/recruitment/onsite/fweko34qatxd,verified,https://jiuye.uestc.edu.cn/career/recruitment/onsite,
f29d0dc0369d8ff2505c3f93b32d35995628f141f1b698ec6669eeb503922c44,2026-09-03 22:04:41,2026-09-03 22:04:41,现场招聘,成都佳驰电子科技股份有限公司,2027 届佳驰科技校园招聘简章,人力资源岗,2026-08-28 12:31:34,2026-09-04,四川省:成都市,2026-09-04,14:00,16:00,【清】学生活动中心201,硕士研究生及以上,理工类、人力资源、工商管理等相关专业,,,https://m.zhaopin.com/xiaoyuan/company/detail?channelId=-1&comid=KA1386572109P90000001000&productId=-1&redirect=mxiaoyuan,https://jiuye.uestc.edu.cn/career/recruitment/onsite/fweko34qatxd,verified,https://jiuye.uestc.edu.cn/career/recruitment/onsite,
a17b5931a1aa0970bb9a13bf5e373d06d5f158c8372af37bf51187668ade208b,2026-09-03 22:04:41,2026-09-03 22:04:41,现场招聘,上海伯镭智能科技股份有限公司,,未明确列出,2026-08-28 12:28:28,2026-09-04,上海市:浦东新区,2026-09-04,15:00,17:00,【清】品学楼B108,本科、硕士、博士,,,,,https://jiuye.uestc.edu.cn/career/recruitment/onsite/fwi7yj1pkqgy,verified,https://jiuye.uestc.edu.cn/career/recruitment/onsite,
e0df26c2390a822aebf9b0e58f7cdc12470cb5b0175fc0c078d0b534cafa0f2e,2026-09-03 22:04:41,2026-09-03 22:04:41,现场招聘,晓禾科技(武汉)有限公司,晓禾教育2027届校园招聘,【空中宣讲会】晓禾教育,2026-08-28 14:02:15,2026-09-04,"湖北省:武汉市,其他(具体查看招聘信息)",2026-09-04,15:00,,,本科、硕士,,,,https://jsj.top/f/HUEqdf,https://jiuye.uestc.edu.cn/career/recruitment/aerial/fw7ffuuzw8w1,verified,https://jiuye.uestc.edu.cn/career/recruitment/aerial,
9530894e0e27843cc307f0d5e5cc2ec6ff3b6b93b81a8817ee8a55872074464b,2026-09-03 22:04:41,2026-09-03 22:04:41,现场招聘,vivo 维沃移动通信有限公司,vivo 2027届秋季校园招聘全面启动!,未明确列出,2026-08-28 10:08:27,2026-09-04,"广东省:深圳市,上海市:浦东新区,江苏省:南京市,浙江省:杭州市,广东省:东莞市",2026-09-04,18:30,20:30,【清】学生活动中心二楼圆厅,本科、硕士、博士,,,,https://hr-campus.vivo.com/,https://jiuye.uestc.edu.cn/career/recruitment/onsite/fuy1irmoensy,verified,https://jiuye.uestc.edu.cn/career/recruitment/onsite,
c8c87b9a07fa8d46b0f0a5a25cec71c5c6260b09bb6a9566d935e12016afbdf2,2026-09-03 22:04:41,2026-09-03 22:04:41,现场招聘,深圳格见构知半导体有限公司,格见半导体2027届校园招聘,数字设计工程师,2026-08-28 13:26:14,2026-09-04,上海,2026-09-04,19:30,21:00,【清】品学楼B109,硕士,,,,https://gejian-semi.zhiye.com/,https://jiuye.uestc.edu.cn/career/recruitment/onsite/fwi0iowrocg2,verified,https://jiuye.uestc.edu.cn/career/recruitment/onsite,
27193ec8c638da7268a5648f88ae6a48610ad85e42312490e5e66e0b816261c9,2026-09-03 22:04:41,2026-09-03 22:04:41,现场招聘,深圳格见构知半导体有限公司,格见半导体2027届校园招聘,数字验证工程师,2026-08-28 13:26:14,2026-09-04,成都,2026-09-04,19:30,21:00,【清】品学楼B109,硕士,,,,https://gejian-semi.zhiye.com/,https://jiuye.uestc.edu.cn/career/recruitment/onsite/fwi0iowrocg2,verified,https://jiuye.uestc.edu.cn/career/recruitment/onsite,
76e17fda09bd7e0f0e4231f1b7c66519ca81b58fb39762a615a6bb1f6e42c15f,2026-09-03 22:04:41,2026-09-03 22:04:41,现场招聘,深圳格见构知半导体有限公司,格见半导体2027届校园招聘,模拟设计工程师,2026-08-28 13:26:14,2026-09-04,上海,2026-09-04,19:30,21:00,【清】品学楼B109,硕士,,,,https://gejian-semi.zhiye.com/,https://jiuye.uestc.edu.cn/career/recruitment/onsite/fwi0iowrocg2,verified,https://jiuye.uestc.edu.cn/career/recruitment/onsite,
c444370e0d018d3c0bdfd66b49a112bb01796d5f2fe0cb39a0a79ba766384423,2026-09-03 22:04:41,2026-09-03 22:04:41,现场招聘,深圳格见构知半导体有限公司,格见半导体2027届校园招聘,模拟测试工程师,2026-08-28 13:26:14,2026-09-04,深圳,2026-09-04,19:30,21:00,【清】品学楼B109,本科、硕士,,,,https://gejian-semi.zhiye.com/,https://jiuye.uestc.edu.cn/career/recruitment/onsite/fwi0iowrocg2,verified,https://jiuye.uestc.edu.cn/career/recruitment/onsite,
c31ad340f3938afd5715200ce54b7ab43f8bbf9804010c065b08e461cfda8fa3,2026-09-03 22:04:41,2026-09-03 22:04:41,现场招聘,深圳格见构知半导体有限公司,格见半导体2027届校园招聘,硬件开发工程师,2026-08-28 13:26:14,2026-09-04,上海,2026-09-04,19:30,21:00,【清】品学楼B109,本科、硕士,,,,https://gejian-semi.zhiye.com/,https://jiuye.uestc.edu.cn/career/recruitment/onsite/fwi0iowrocg2,verified,https://jiuye.uestc.edu.cn/career/recruitment/onsite,
2cbce1e94a2a10a2baad0796f984251aa7f8f8e3987f154cbc2ee1eb7e3ff647,2026-09-03 22:04:41,2026-09-03 22:04:41,现场招聘,深圳格见构知半导体有限公司,格见半导体2027届校园招聘,嵌入式软件开发工程师,2026-08-28 13:26:14,2026-09-04,上海、成都,2026-09-04,19:30,21:00,【清】品学楼B109,本科、硕士,,,,https://gejian-semi.zhiye.com/,https://jiuye.uestc.edu.cn/career/recruitment/onsite/fwi0iowrocg2,verified,https://jiuye.uestc.edu.cn/career/recruitment/onsite,
54e59dde0e802efecd1e04e7e13b2dcac4ee7722e8344732d891bda6fa5f4450,2026-09-03 22:04:41,2026-09-03 22:04:41,现场招聘,深圳格见构知半导体有限公司,格见半导体2027届校园招聘,FAE工程师,2026-08-28 13:26:14,2026-09-04,深圳、西安、上海,2026-09-04,19:30,21:00,【清】品学楼B109,本科、硕士,,,,https://gejian-semi.zhiye.com/,https://jiuye.uestc.edu.cn/career/recruitment/onsite/fwi0iowrocg2,verified,https://jiuye.uestc.edu.cn/career/recruitment/onsite,
c1a6bcb1a3df3e323339fed94a925a48094c6bbb2267b7aa81b58215d28a17c7,2026-09-03 22:04:41,2026-09-03 22:04:41,现场招聘,深圳格见构知半导体有限公司,格见半导体2027届校园招聘,管培生,2026-08-28 13:26:14,2026-09-04,深圳、上海,2026-09-04,19:30,21:00,【清】品学楼B109,本科、硕士,,,,https://gejian-semi.zhiye.com/,https://jiuye.uestc.edu.cn/career/recruitment/onsite/fwi0iowrocg2,verified,https://jiuye.uestc.edu.cn/career/recruitment/onsite,
dd9a8c9226a7133b3501383c8a12d453f13245bcf2f28348e1431f90ac7cbb84,2026-09-03 22:04:41,2026-09-03 22:04:41,现场招聘,深圳格见构知半导体有限公司,格见半导体2027届校园招聘,财务专员,2026-08-28 13:26:14,2026-09-04,上海,2026-09-04,19:30,21:00,【清】品学楼B109,本科、硕士,,,,https://gejian-semi.zhiye.com/,https://jiuye.uestc.edu.cn/career/recruitment/onsite/fwi0iowrocg2,verified,https://jiuye.uestc.edu.cn/career/recruitment/onsite,
fe6ec828bc09816e51e0db33da0afbdeaedc1e0e35d493c2a7f8d30898e83336,2026-09-03 22:04:41,2026-09-03 22:04:41,现场招聘,深圳格见构知半导体有限公司,格见半导体2027届校园招聘,人力专员,2026-08-28 13:26:14,2026-09-04,上海,2026-09-04,19:30,21:00,【清】品学楼B109,本科、硕士,,,,https://gejian-semi.zhiye.com/,https://jiuye.uestc.edu.cn/career/recruitment/onsite/fwi0iowrocg2,verified,https://jiuye.uestc.edu.cn/career/recruitment/onsite,
84b0d0e5b5bacf035cd0a00f7a5dd4b832e22dfade1cbc380721f01eae507da2,2026-09-03 22:04:41,2026-09-03 22:04:41,现场招聘,格科微电子(上海)有限公司,,未明确列出,2026-09-02 16:24:43,2026-09-07,上海市:浦东新区,2026-09-07,09:30,11:30,【清】立人楼B117,硕士,,,,https://gcoreinc.hotjob.cn/,https://jiuye.uestc.edu.cn/career/recruitment/onsite/fwzwn0s7f281,verified,https://jiuye.uestc.edu.cn/career/recruitment/onsite,
5781da65909fe41408045ba8105220516cbe3c8730341201dda2bd3da0be3968,2026-09-03 22:04:41,2026-09-03 22:04:41,现场招聘,电子科技大学,,未明确列出,2026-08-28 22:45:55,2026-09-07,四川省:成都市,2026-09-07,09:30,11:30,【清】品学楼B109,硕士,,,,,https://jiuye.uestc.edu.cn/career/recruitment/onsite/fwf85681afwh,verified,https://jiuye.uestc.edu.cn/career/recruitment/onsite,
fe350e30d504f512c02a780809b408e276ec806868d8b227778e1e240a433768,2026-09-03 22:04:41,2026-09-03 22:04:41,现场招聘,电子科技大学,,未明确列出,2026-08-28 22:45:50,2026-09-07,四川省:成都市,2026-09-07,09:30,11:30,【清】品学楼B108,硕士,,,,,https://jiuye.uestc.edu.cn/career/recruitment/onsite/fwf89y1rcdtu,verified,https://jiuye.uestc.edu.cn/career/recruitment/onsite,
f89eecbcfe320264420d5d1f1c5701b3f33b55a4c3c3e15a9aba443906cf8261,2026-09-03 22:04:41,2026-09-03 22:04:41,现场招聘,电子科技大学,,未明确列出,2026-08-28 22:44:34,2026-09-07,四川省:成都市,2026-09-07,09:30,11:30,【清】品学楼B205,硕士,,,,,https://jiuye.uestc.edu.cn/career/recruitment/onsite/fwfemex2qqrl,verified,https://jiuye.uestc.edu.cn/career/recruitment/onsite,
b7d3f735aeacce40870cf24b087038e56489dd4f6bd242b53bc7aedf147e384f,2026-09-03 22:04:41,2026-09-03 22:04:41,现场招聘,中国电子科技集团公司第十二研究所,,真空电子器件研制,2026-09-03 15:17:51,2026-09-07,北京市:朝阳区,2026-09-07,10:30,11:30,【清】学生活动中心220,硕士,"计算机科学与技术类、电子科学与技术类,电子信息类,材料类,材料科学与工程类,电气工程类,自动化,信息与通信工程类,物理学类,机械类,机械工程类,航空航天类,控制科学与工程,软件工程类",,,,https://jiuye.uestc.edu.cn/career/recruitment/onsite/fx44be4q4rup,verified,https://jiuye.uestc.edu.cn/career/recruitment/onsite,
933bd8e457db6d8925d4e4ec228d0547085ebeb2bc65e0df617fdf600a9e6388,2026-09-03 22:04:41,2026-09-03 22:04:41,现场招聘,中国电子科技集团公司第十二研究所,,电子陶瓷研制,2026-09-03 15:17:51,2026-09-07,北京市:朝阳区,2026-09-07,10:30,11:30,【清】学生活动中心220,硕士,"材料类,材料科学与工程类,力学类,机械类,机械工程类",,,,https://jiuye.uestc.edu.cn/career/recruitment/onsite/fx44be4q4rup,verified,https://jiuye.uestc.edu.cn/career/recruitment/onsite,
6907dca17f8faddea9d2ff35324f1e3daf45076aeff56a116f9973660576777f,2026-09-03 22:04:41,2026-09-03 22:04:41,现场招聘,中国电子科技集团公司第十二研究所,,电源研发,2026-09-03 15:17:51,2026-09-07,北京市:朝阳区,2026-09-07,10:30,11:30,【清】学生活动中心220,硕士,"电子科学与技术类,电子信息类,电气工程类,电力技术类",,,,https://jiuye.uestc.edu.cn/career/recruitment/onsite/fx44be4q4rup,verified,https://jiuye.uestc.edu.cn/career/recruitment/onsite,
44d48d77f6b0dd8fc658bee1e4546b60313dfa7ab50e4675606f59a6fac597a6,2026-09-03 22:04:41,2026-09-03 22:04:41,现场招聘,中国电子科技集团公司第十二研究所,,结构设计,2026-09-03 15:17:51,2026-09-07,北京市:朝阳区,2026-09-07,10:30,11:30,【清】学生活动中心220,硕士,"材料类,材料科学与工程类,机械类,机械工程类",,,,https://jiuye.uestc.edu.cn/career/recruitment/onsite/fx44be4q4rup,verified,https://jiuye.uestc.edu.cn/career/recruitment/onsite,
dd1b6018c065e47dd8ea6bb535cd4cfccaaafc39c63fa5934150ea8261127ec9,2026-09-03 22:04:41,2026-09-03 22:04:41,现场招聘,中国电子科技集团公司第十二研究所,,加工工艺研究,2026-09-03 15:17:51,2026-09-07,北京市:朝阳区,2026-09-07,10:30,11:30,【清】学生活动中心220,硕士,"电子信息类,电子科学与技术类,材料类,材料科学与工程类,机械类,机械工程类",,,,https://jiuye.uestc.edu.cn/career/recruitment/onsite/fx44be4q4rup,verified,https://jiuye.uestc.edu.cn/career/recruitment/onsite,
94496e37944ed38598d320eddbca4322e435ceb4a29ea3fad5ca8de6b5f9403e,2026-09-03 22:04:41,2026-09-03 22:04:41,现场招聘,中国电子科技集团公司第十二研究所,,可靠性设计与实验,2026-09-03 15:17:51,2026-09-07,北京市:朝阳区,2026-09-07,10:30,11:30,【清】学生活动中心220,硕士,航空航天(可靠性相关),,,,https://jiuye.uestc.edu.cn/career/recruitment/onsite/fx44be4q4rup,verified,https://jiuye.uestc.edu.cn/career/recruitment/onsite,
b900b37ff8e130d0eca079e20ee1ff279978829f573165596ef89001ae081b6a,2026-09-03 22:04:41,2026-09-03 22:04:41,现场招聘,中国电子科技集团公司第十二研究所,,薪酬管理,2026-09-03 15:17:51,2026-09-07,北京市:朝阳区,2026-09-07,10:30,11:30,【清】学生活动中心220,硕士,财务类、法学类,,,,https://jiuye.uestc.edu.cn/career/recruitment/onsite/fx44be4q4rup,verified,https://jiuye.uestc.edu.cn/career/recruitment/onsite,
a299908b5088ab71352a6dd96414a6649a2bacc72c8688c50294b50fa00de738,2026-09-03 22:04:41,2026-09-03 22:04:41,现场招聘,中国电子科技集团公司第十二研究所,,纪检管理,2026-09-03 15:17:51,2026-09-07,北京市:朝阳区,2026-09-07,10:30,11:30,【清】学生活动中心220,硕士,财务类、法学类,,,,https://jiuye.uestc.edu.cn/career/recruitment/onsite/fx44be4q4rup,verified,https://jiuye.uestc.edu.cn/career/recruitment/onsite,
6ac3b13d1125410d2f2c99ae6b64c838d4ed9cc9d5ae0d3b5178160f4940e47a,2026-09-03 22:04:41,2026-09-03 22:04:41,现场招聘,中国电子科技集团公司第十二研究所,,法律事务,2026-09-03 15:17:51,2026-09-07,北京市:朝阳区,2026-09-07,10:30,11:30,【清】学生活动中心220,硕士,财务类、法学类,,,,https://jiuye.uestc.edu.cn/career/recruitment/onsite/fx44be4q4rup,verified,https://jiuye.uestc.edu.cn/career/recruitment/onsite,
b464a30e1607081f028e15fbce92a748def5c0a0eee2cb7fd5bb25ef7a1ce6bc,2026-09-03 22:04:41,2026-09-03 22:04:41,现场招聘,招商银行股份有限公司成都分行,2027秋季校园招聘公告,未明确列出,2026-08-28 20:06:08,2026-09-07,其他(具体查看招聘信息),2026-09-07,14:00,16:00,学生活动中心201,本科、硕士,,,,,https://jiuye.uestc.edu.cn/career/recruitment/onsite/fwj8c584updt,verified,https://jiuye.uestc.edu.cn/career/recruitment/onsite,
b117838be6ab0af22e4a77b1d6b7e18dd7ae56705bd9f056db9d23c5e306be80,2026-09-03 22:04:41,2026-09-03 22:04:41,现场招聘,赛索德(上海)智能科技有限公司,,未明确列出,2026-09-02 11:48:28,2026-09-07,上海市:虹口区,2026-09-07,14:00,16:00,【清】学生活动中心220,硕士、博士,,,,,https://jiuye.uestc.edu.cn/career/recruitment/onsite/fx00twhhs2de,verified,https://jiuye.uestc.edu.cn/career/recruitment/onsite,
e0f7b989015f96e7a476653e432ca4724c41d141c8fd79c0a2c19651c31b5b00,2026-09-03 22:04:41,2026-09-03 22:04:41,现场招聘,中国航空工业集团公司雷华电子技术研究所,航空工业雷达所&中航智谱 2027届校园招聘,未明确列出,2026-08-28 17:15:05,2026-09-07,其他(具体查看招聘信息),2026-09-07,15:00,17:00,【清】立人楼B118,硕士、博士,,,,,https://jiuye.uestc.edu.cn/career/recruitment/onsite/fwbmjxjybv2a,verified,https://jiuye.uestc.edu.cn/career/recruitment/onsite,
3cf0b6a9435cf66b7b164ae4465c51687c1b777a2a2bb9e4308555de62f487cb,2026-09-03 22:04:41,2026-09-03 22:04:41,现场招聘,恒玄科技(上海)股份有限公司,,未明确列出,2026-08-28 13:10:10,2026-09-07,"北京市:海淀区,上海市:浦东新区,湖北省:武汉市,四川省:成都市,广东省:深圳市",2026-09-07,15:00,17:00,【清】立人楼B117,本科、硕士,,,,,https://jiuye.uestc.edu.cn/career/recruitment/onsite/fwi7cwu1w9a9,verified,https://jiuye.uestc.edu.cn/career/recruitment/onsite,
c10497b6391c6a23100f35560e4d5ea28fcb35bbc6cab244c815e08b55337ff3,2026-09-03 22:04:41,2026-09-03 22:04:41,现场招聘,杭州士兰微电子股份有限公司,,未明确列出,2026-08-31 11:11:44,2026-09-07,浙江省:杭州市,2026-09-07,15:00,17:00,【清】立人楼B119,硕士,,,,,https://jiuye.uestc.edu.cn/career/recruitment/onsite/fwss42pfk002,verified,https://jiuye.uestc.edu.cn/career/recruitment/onsite,
442b72ae7fec2fa283d51677530b5b60e83742ba8b71e30b2e8306abc4194c5c,2026-09-03 22:04:41,2026-09-03 22:04:41,现场招聘,电子科技大学,,未明确列出,2026-08-28 22:43:49,2026-09-07,四川省:成都市,2026-09-07,15:00,17:00,【清】品学楼B108,硕士,,,,,https://jiuye.uestc.edu.cn/career/recruitment/onsite/fwf807o0l2iq,verified,https://jiuye.uestc.edu.cn/career/recruitment/onsite,
0464d3018e8dbd0dfe7c52bf267621640a45ae5a722c38fa56159392868dec26,2026-09-03 22:04:41,2026-09-03 22:04:41,现场招聘,电子科技大学,,未明确列出,2026-08-28 22:45:41,2026-09-07,四川省:成都市,2026-09-07,15:00,17:00,【清】品学楼B205,硕士,,,,,https://jiuye.uestc.edu.cn/career/recruitment/onsite/fwf9c5rs51qa,verified,https://jiuye.uestc.edu.cn/career/recruitment/onsite,
c3b728442ad2be03675112e1460be958c4eb4f6364f4d79d7af2a273af7983ab,2026-09-03 22:04:41,2026-09-03 22:04:41,现场招聘,电子科技大学,,未明确列出,2026-08-28 22:44:38,2026-09-07,四川省:成都市,2026-09-07,15:00,17:00,【清】品学楼B109,硕士,,,,,https://jiuye.uestc.edu.cn/career/recruitment/onsite/fwfcu1dnoirm,verified,https://jiuye.uestc.edu.cn/career/recruitment/onsite,
2b67b3974552d242cc5a189310d5a0966918f5bd253bf4e9a04ddb0e18195d1a,2026-09-03 22:04:41,2026-09-03 22:04:41,现场招聘,京东方科技集团股份有限公司,Hi YOU京东方2027全球校园招聘正式启动!,未明确列出,2026-08-31 18:31:15,2026-09-07,四川省:成都市,2026-09-07,16:00,18:30,学生活动中心201,本科、硕士、博士,,,,,https://jiuye.uestc.edu.cn/career/recruitment/onsite/fwtdd8twmz9e,verified,https://jiuye.uestc.edu.cn/career/recruitment/onsite,
b7111cd67555e35f56a2bbf9a6616ca503381633a392cde408bf2d6d4876a519,2026-09-03 22:04:41,2026-09-03 22:04:41,现场招聘,成都海集科技有限公司,海艺科技-星海人才计划-2027届校园招聘,未明确列出,2026-08-28 20:15:22,2026-09-07,四川省:成都市,2026-09-07,16:30,18:00,【清】学生活动中心220,本科、硕士、博士、博士后,,,,https://home.haiyi.art/,https://jiuye.uestc.edu.cn/career/recruitment/onsite/fwjhy0uaf6de,verified,https://jiuye.uestc.edu.cn/career/recruitment/onsite,
41ae8f4c58a51c37770ae054e21931d410c82da641b1388155ad41b839921618,2026-09-03 22:04:41,2026-09-03 22:04:41,现场招聘,苏州旭创科技有限公司,中际旭创 2027届全球校园招聘简章,未明确列出,2026-08-28 17:09:41,2026-09-07,"四川省:成都市,江苏省:苏州市,安徽省:铜陵市",2026-09-07,18:30,20:30,【清】学生活动中心220,本科、硕士、博士,,,,https://zj-innolight.jobs.feishu.cn/300308,https://jiuye.uestc.edu.cn/career/recruitment/onsite/fwfhp6d9lcld,verified,https://jiuye.uestc.edu.cn/career/recruitment/onsite,
60cf653a5b8db18f5854d48f649108a5ec4fbd3de9ef6e718afc757af9f6fb6a,2026-09-03 22:04:41,2026-09-03 22:04:41,现场招聘,星宸科技股份有限公司,,未明确列出,2026-08-28 12:19:21,2026-09-07,",,,,",2026-09-07,19:30,21:00,【清】品学楼B108,本科、硕士、博士,,,,https://sigmastar.zhiye.com/campus/jobs,https://jiuye.uestc.edu.cn/career/recruitment/onsite/fwiags6lux35,verified,https://jiuye.uestc.edu.cn/career/recruitment/onsite,
8fd88dce6c7e96f8e1c10b89ed7c48bcc7523a7fda968925fe548135d4035dc3,2026-09-03 22:04:41,2026-09-03 22:04:41,现场招聘,星宸科技股份有限公司,,未明确列出,2026-08-28 15:05:04,2026-09-07,"上海市:闵行区,四川省:成都市,福建省:厦门市,广东省:深圳市,浙江省:杭州市",2026-09-07,19:30,21:00,【清】品学楼B109,本科、硕士、博士,,,,https://sigmastar.zhiye.com/campus/jobs,https://jiuye.uestc.edu.cn/career/recruitment/onsite/fwiqno1s0fsx,verified,https://jiuye.uestc.edu.cn/career/recruitment/onsite,
cec61b98aca860ecc38d719853a78adaa7d7dfe1c220e05aa12594c0838f4619,2026-09-03 22:04:41,2026-09-05 08:42:55,现场招聘,四川奔向未来商务信息咨询有限公司,2026年秋季全国重点高校毕业生巡回招聘面试会,【组团】“链接人才 驱动未来”巡回招聘面试会,2026-09-04 16:42:11,2026-09-08,其他(具体查看招聘信息),2026-09-08,09:00,12:00,【清】学生活动中心一楼圆厅,本科、硕士、博士、博士后,,,,,https://jiuye.uestc.edu.cn/career/recruitment/group/fwivk983k001,verified,https://jiuye.uestc.edu.cn/career/recruitment/group,
a76cbb4bf8f0e94324df18d9ec74466f81f350103c0892e87577bbb3af5f8d41,2026-09-03 22:04:41,2026-09-03 22:04:41,现场招聘,成都中科唯实仪器有限责任公司,,未明确列出,2026-09-03 12:25:13,2026-09-08,四川省:成都市,2026-09-08,09:30,10:00,【清】立人楼B118,硕士、博士,,,,,https://jiuye.uestc.edu.cn/career/recruitment/onsite/fx3jvm3eo002,verified,https://jiuye.uestc.edu.cn/career/recruitment/onsite,
f88114c29897a13dd13c9795cbd31fc5d3293590deb0b5701396fa75fa6c32bc,2026-09-03 22:04:41,2026-09-03 22:04:41,现场招聘,四川华铸新材料有限公司,逐梦航天 · 材聚未来,未明确列出,2026-08-31 11:32:24,2026-09-08,四川省:绵阳市,2026-09-08,09:30,11:30,【清】立人楼B119,本科、硕士,,,,,https://jiuye.uestc.edu.cn/career/recruitment/onsite/fwin6c44ok5d,verified,https://jiuye.uestc.edu.cn/career/recruitment/onsite,
10edb891d508ebbd1ccda3bea9be4b78b50276f3a2946ac8b77ee818a801c56b,2026-09-03 22:04:41,2026-09-03 22:04:41,现场招聘,电子科技大学,,未明确列出,2026-08-28 22:45:45,2026-09-08,四川省:成都市,2026-09-08,09:30,11:30,【清】品学楼B108,硕士,,,,,https://jiuye.uestc.edu.cn/career/recruitment/onsite/fwf8g62w01kx,verified,https://jiuye.uestc.edu.cn/career/recruitment/onsite,
63b34205c9e0befdc3963bc2252ff2df07d2681632b0bd9d8e35d8fedb4f2590,2026-09-03 22:04:41,2026-09-03 22:04:41,现场招聘,电子科技大学,,未明确列出,2026-08-28 22:45:25,2026-09-08,四川省:成都市,2026-09-08,09:30,11:30,【清】品学楼B109,硕士,,,,,https://jiuye.uestc.edu.cn/career/recruitment/onsite/fwf9p6jxmubm,verified,https://jiuye.uestc.edu.cn/career/recruitment/onsite,
07bc694dde3add56edcb3f0a193359a2e5b5891ad38711af75c9a349d51e47fb,2026-09-03 22:04:41,2026-09-03 22:04:41,现场招聘,电子科技大学,,未明确列出,2026-08-28 22:45:16,2026-09-08,四川省:成都市,2026-09-08,09:30,11:30,【清】品学楼B205,硕士,,,,,https://jiuye.uestc.edu.cn/career/recruitment/onsite/fwf9uxu9sm4i,verified,https://jiuye.uestc.edu.cn/career/recruitment/onsite,
f7353900ed4b7aa94cac2240f004b448ea4348d5479ab41c753dc6e0081cd718,2026-09-03 22:04:41,2026-09-03 22:04:41,现场招聘,陕西电子芯业时代科技有限公司,,未明确列出,2026-08-28 16:41:22,2026-09-08,陕西省:西安市,2026-09-08,09:30,11:30,【清】立人楼B117,本科、硕士、博士,,,,,https://jiuye.uestc.edu.cn/career/recruitment/onsite/fwj1o2jedn29,verified,https://jiuye.uestc.edu.cn/career/recruitment/onsite,
67167d25c33bfbb25efb39771bed3898cce53723b7d19f990899c1be21ec75f0,2026-09-03 22:04:41,2026-09-03 22:04:41,现场招聘,东风汽车集团股份有限公司奕派汽车科技分公司,二、招聘需求,未明确列出,2026-08-28 15:49:27,2026-09-08,其他(具体查看招聘信息),2026-09-08,14:00,16:00,【清】学生活动中心220,本科、硕士、博士,,,,,https://jiuye.uestc.edu.cn/career/recruitment/onsite/fw4p7e8nzyf6,verified,https://jiuye.uestc.edu.cn/career/recruitment/onsite,
f6a55ddb5fdff1d5cfdd9005b562059618a0e972445223577ca851449c1d52cc,2026-09-03 22:04:41,2026-09-03 22:04:41,现场招聘,伯乐校招,【组团】伯乐校招-全国重点高校2027届毕业生秋季巡回招聘会,【组团】伯乐校招-全国重点高校2027届毕业生秋季巡回招聘会,2026-09-01 19:48:20,2026-09-08,其他(具体查看招聘信息),2026-09-08,14:00,17:00,【清】学生活动中心一楼圆厅,本科、硕士、博士,,,,,https://jiuye.uestc.edu.cn/career/recruitment/group/fwxsedqdklqa,verified,https://jiuye.uestc.edu.cn/career/recruitment/group,
c30d17776523e24e3e26139733e01fb5272bf0f52a8775ce648abfb48622667f,2026-09-03 22:04:41,2026-09-08 09:28:01,现场招聘,上海贝岭股份有限公司,,未明确列出,2026-09-08 00:05:18,2026-09-08,其他(具体查看招聘信息),2026-09-08,14:00,18:00,【清】4号楼A区420(电子学院),本科、硕士、博士,,,,,https://jiuye.uestc.edu.cn/career/recruitment/onsite/fwxfnrwwoxky,verified,https://jiuye.uestc.edu.cn/career/recruitment/onsite,
34f9a0cac0d5f839e37bca16748f5bfaea4a8cc32abec37e3573a3aadce5d650,2026-09-03 22:04:41,2026-09-03 22:04:41,现场招聘,广东军辉达进出口贸易有限公司,广东军辉达进出口贸易有限公司招聘简章,【空中宣讲】广东军辉达进出口贸易有限公司,2026-08-28 13:45:55,2026-09-08,广东省:东莞市,2026-09-08,14:00,,,本科、硕士,,,,https://meeting.tencent.com/dm/6oWstR1iuvE9,https://jiuye.uestc.edu.cn/career/recruitment/aerial/fvtc6finad4y,verified,https://jiuye.uestc.edu.cn/career/recruitment/aerial,
ee9561288ce432adcf45a52f2ac39d6b4dbb10c74688f40dd3d100d67d949698,2026-09-03 22:04:41,2026-09-03 22:04:41,现场招聘,华北光电技术研究所(中国电子科技集团公司第十一研究所),招聘专业及岗位,光电系统总体设计,2026-09-03 10:28:25,2026-09-08,北京市:朝阳区,2026-09-08,15:00,16:00,【清】立人楼B117,硕士、博士,光学工程/物理电子学/光电子学/光通信/自动控制/精密仪器等,,,,https://jiuye.uestc.edu.cn/career/recruitment/onsite/fx3b67srxts1,verified,https://jiuye.uestc.edu.cn/career/recruitment/onsite,
f0c37d51f59e617bf51fa219e88bf94696a67346491847d985b48c3a32cfac52,2026-09-03 22:04:41,2026-09-03 22:04:41,现场招聘,华北光电技术研究所(中国电子科技集团公司第十一研究所),招聘专业及岗位,光学设计,2026-09-03 10:28:25,2026-09-08,北京市:朝阳区,2026-09-08,15:00,16:00,【清】立人楼B117,硕士、博士,光学工程/物理电子学/光电子学/光通信/自动控制/精密仪器等,,,,https://jiuye.uestc.edu.cn/career/recruitment/onsite/fx3b67srxts1,verified,https://jiuye.uestc.edu.cn/career/recruitment/onsite,
632c4aa311151d78589697bcd30c8ddc7c889f81fafd0769d339b1b71ff5f708,2026-09-03 22:04:41,2026-09-03 22:04:41,现场招聘,华北光电技术研究所(中国电子科技集团公司第十一研究所),招聘专业及岗位,光电探测器器件设计,2026-09-03 10:28:25,2026-09-08,北京市:朝阳区,2026-09-08,15:00,16:00,【清】立人楼B117,硕士、博士,光学工程/物理电子学/凝聚态物理/光电子学/应用物理/光电信息科学与工程等,,,,https://jiuye.uestc.edu.cn/career/recruitment/onsite/fx3b67srxts1,verified,https://jiuye.uestc.edu.cn/career/recruitment/onsite,
664a0aab3fbc58c68596b6348b553d3beb35d77f19f09851932cc9c44b018570,2026-09-03 22:04:41,2026-09-03 22:04:41,现场招聘,华北光电技术研究所(中国电子科技集团公司第十一研究所),招聘专业及岗位,激光器设计,2026-09-03 10:28:25,2026-09-08,北京市:朝阳区,2026-09-08,15:00,16:00,【清】立人楼B117,硕士、博士,光学工程/物理电子学/凝聚态物理/光电子学/应用物理/光电信息科学与工程等,,,,https://jiuye.uestc.edu.cn/career/recruitment/onsite/fx3b67srxts1,verified,https://jiuye.uestc.edu.cn/career/recruitment/onsite,
8e8b3d635c66cb7317cd410494bd40c12b1486547f8a7a9ad880f0d3098a5d08,2026-09-03 22:04:41,2026-09-03 22:04:41,现场招聘,华北光电技术研究所(中国电子科技集团公司第十一研究所),招聘专业及岗位,集成电路设计,2026-09-03 10:28:25,2026-09-08,北京市:朝阳区,2026-09-08,15:00,16:00,【清】立人楼B117,硕士、博士,集成电路/微电子学/电子科学与技术/通信与信息系统/电气工程及自动化/控制科学与工程/电子信息等,,,,https://jiuye.uestc.edu.cn/career/recruitment/onsite/fx3b67srxts1,verified,https://jiuye.uestc.edu.cn/career/recruitment/onsite,
5900163fc0595e9579c2861c07fe63f8e7f7a87d89db2e0bd8c4016485d6a486,2026-09-03 22:04:41,2026-09-03 22:04:41,现场招聘,华北光电技术研究所(中国电子科技集团公司第十一研究所),招聘专业及岗位,硬件电路设计,2026-09-03 10:28:25,2026-09-08,北京市:朝阳区,2026-09-08,15:00,16:00,【清】立人楼B117,硕士、博士,集成电路/微电子学/电子科学与技术/通信与信息系统/电气工程及自动化/控制科学与工程/电子信息等,,,,https://jiuye.uestc.edu.cn/career/recruitment/onsite/fx3b67srxts1,verified,https://jiuye.uestc.edu.cn/career/recruitment/onsite,
fd4e9531bd67ff8de6625260ff9dbd2e778e6d101e6fa9b1f4ecc5f40f765fb5,2026-09-03 22:04:41,2026-09-03 22:04:41,现场招聘,华北光电技术研究所(中国电子科技集团公司第十一研究所),招聘专业及岗位,嵌入式开发,2026-09-03 10:28:25,2026-09-08,北京市:朝阳区,2026-09-08,15:00,16:00,【清】立人楼B117,硕士、博士,集成电路/微电子学/电子科学与技术/通信与信息系统/电气工程及自动化/控制科学与工程/电子信息等,,,,https://jiuye.uestc.edu.cn/career/recruitment/onsite/fx3b67srxts1,verified,https://jiuye.uestc.edu.cn/career/recruitment/onsite,
550de76d51a819bcf057b6520b4e561ee993f0802a712ab953330afe41b99962,2026-09-03 22:04:41,2026-09-03 22:04:41,现场招聘,华北光电技术研究所(中国电子科技集团公司第十一研究所),招聘专业及岗位,伺服控制,2026-09-03 10:28:25,2026-09-08,北京市:朝阳区,2026-09-08,15:00,16:00,【清】立人楼B117,硕士、博士,集成电路/微电子学/电子科学与技术/通信与信息系统/电气工程及自动化/控制科学与工程/电子信息等,,,,https://jiuye.uestc.edu.cn/career/recruitment/onsite/fx3b67srxts1,verified,https://jiuye.uestc.edu.cn/career/recruitment/onsite,
b499f333a0d746340fa0c34e5f8f12d28cbd01a77ed0c967942f2b1d3468b669,2026-09-03 22:04:41,2026-09-03 22:04:41,现场招聘,华北光电技术研究所(中国电子科技集团公司第十一研究所),招聘专业及岗位,信号处理,2026-09-03 10:28:25,2026-09-08,北京市:朝阳区,2026-09-08,15:00,16:00,【清】立人楼B117,硕士、博士,集成电路/微电子学/电子科学与技术/通信与信息系统/电气工程及自动化/控制科学与工程/电子信息等,,,,https://jiuye.uestc.edu.cn/career/recruitment/onsite/fx3b67srxts1,verified,https://jiuye.uestc.edu.cn/career/recruitment/onsite,
bcaa57f886627e61146d404eed4549f6c126bec4a02018c36e54e99ffbd12318,2026-09-03 22:04:41,2026-09-03 22:04:41,现场招聘,华北光电技术研究所(中国电子科技集团公司第十一研究所),招聘专业及岗位,算法设计,2026-09-03 10:28:25,2026-09-08,北京市:朝阳区,2026-09-08,15:00,16:00,【清】立人楼B117,硕士、博士,计算机科学与技术/软件工程/人工智能等,,,,https://jiuye.uestc.edu.cn/career/recruitment/onsite/fx3b67srxts1,verified,https://jiuye.uestc.edu.cn/career/recruitment/onsite,
33703fc5bea84cfbe5652888fb180495864057b8adcdd29a38943d3e259a5b34,2026-09-03 22:04:41,2026-09-03 22:04:41,现场招聘,华北光电技术研究所(中国电子科技集团公司第十一研究所),招聘专业及岗位,软件开发,2026-09-03 10:28:25,2026-09-08,北京市:朝阳区,2026-09-08,15:00,16:00,【清】立人楼B117,硕士、博士,计算机科学与技术/软件工程/人工智能等,,,,https://jiuye.uestc.edu.cn/career/recruitment/onsite/fx3b67srxts1,verified,https://jiuye.uestc.edu.cn/career/recruitment/onsite,
e880f5282e33e486f5b99c67b611a903c80ff0ae83a20ce531fb5eb1dbb50b89,2026-09-03 22:04:41,2026-09-03 22:04:41,现场招聘,华北光电技术研究所(中国电子科技集团公司第十一研究所),招聘专业及岗位,人工智能,2026-09-03 10:28:25,2026-09-08,北京市:朝阳区,2026-09-08,15:00,16:00,【清】立人楼B117,硕士、博士,计算机科学与技术/软件工程/人工智能等,,,,https://jiuye.uestc.edu.cn/career/recruitment/onsite/fx3b67srxts1,verified,https://jiuye.uestc.edu.cn/career/recruitment/onsite,
cae4802483d0d0f92a1d80a8ae4ae7cdfbe0fcc163d2b28be898d8951fcfd0d9,2026-09-03 22:04:41,2026-09-03 22:04:41,现场招聘,华北光电技术研究所(中国电子科技集团公司第十一研究所),招聘专业及岗位,结构设计与仿真工艺与质量控制机械设计,2026-09-03 10:28:25,2026-09-08,北京市:朝阳区,2026-09-08,15:00,16:00,【清】立人楼B117,硕士、博士,力学/机械工程/控制工程/电气工程及自动化/精密仪器等,,,,https://jiuye.uestc.edu.cn/career/recruitment/onsite/fx3b67srxts1,verified,https://jiuye.uestc.edu.cn/career/recruitment/onsite,
624c67d9fb2aa201ed9db967451323463ae4f2fbb3eddcf84badac74ef6de464,2026-09-03 22:04:41,2026-09-03 22:04:41,现场招聘,华北光电技术研究所(中国电子科技集团公司第十一研究所),招聘专业及岗位,光电材料设计光电材料工艺,2026-09-03 10:28:25,2026-09-08,北京市:朝阳区,2026-09-08,15:00,16:00,【清】立人楼B117,硕士、博士,材料物理、凝聚态物理、半导体材料、材料科学与工程等,,,,https://jiuye.uestc.edu.cn/career/recruitment/onsite/fx3b67srxts1,verified,https://jiuye.uestc.edu.cn/career/recruitment/onsite,
582a0b0c7e0b4cded353985a9053b23d41f97df2c823f7ad087905d4629e2dff,2026-09-03 22:04:41,2026-09-03 22:04:41,现场招聘,华北光电技术研究所(中国电子科技集团公司第十一研究所),招聘专业及岗位,光学装调工艺,2026-09-03 10:28:25,2026-09-08,北京市:朝阳区,2026-09-08,15:00,16:00,【清】立人楼B117,硕士、博士,光学工程/精密仪器/机械工程等,,,,https://jiuye.uestc.edu.cn/career/recruitment/onsite/fx3b67srxts1,verified,https://jiuye.uestc.edu.cn/career/recruitment/onsite,
8d23de984eff95e4aa0d416ec8f5bf703c27da231aaa0b61755ac754286bfd0c,2026-09-03 22:04:41,2026-09-03 22:04:41,现场招聘,华北光电技术研究所(中国电子科技集团公司第十一研究所),招聘专业及岗位,生产装调工艺,2026-09-03 10:28:25,2026-09-08,北京市:朝阳区,2026-09-08,15:00,16:00,【清】立人楼B117,硕士、博士,光学工程/精密仪器/机械工程等,,,,https://jiuye.uestc.edu.cn/career/recruitment/onsite/fx3b67srxts1,verified,https://jiuye.uestc.edu.cn/career/recruitment/onsite,
16bae3a670842eb491524506041368f31444dae92b8de338ef9aff68c3e0aedb,2026-09-03 22:04:41,2026-09-03 22:04:41,现场招聘,华北光电技术研究所(中国电子科技集团公司第十一研究所),招聘专业及岗位,区域研发中心,2026-09-03 10:28:25,2026-09-08,北京市:朝阳区,2026-09-08,15:00,16:00,【清】立人楼B117,硕士、博士,区域研发中心,,,,https://jiuye.uestc.edu.cn/career/recruitment/onsite/fx3b67srxts1,verified,https://jiuye.uestc.edu.cn/career/recruitment/onsite,
7876a1d697d656f56bd49e673c6c5d8369827cfaa31f196a4c3a28e884c25bb0,2026-09-03 22:04:41,2026-09-03 22:04:41,现场招聘,成都爱瑞无线科技有限公司,,未明确列出,2026-09-01 15:20:58,2026-09-08,"四川省:成都市,上海市:松江区",2026-09-08,15:00,17:00,【清】立人楼B118,硕士,,,,https://app.mokahr.com/su/chumxr,https://jiuye.uestc.edu.cn/career/recruitment/onsite/fwfllpo0x6o2,verified,https://jiuye.uestc.edu.cn/career/recruitment/onsite,
0176af7d2cdc9cd67bee6ccda1e4fb762600ca9c9edb6516dc6c6c6392946f19,2026-09-03 22:04:41,2026-09-03 22:04:41,现场招聘,深圳市紫光同创电子股份有限公司,——紫光同创2027届校园招聘简章,未明确列出,2026-08-28 16:14:07,2026-09-08,"广东省:深圳市,四川省:成都市",2026-09-08,15:00,17:00,【清】立人楼B120,本科、硕士、博士,,,,https://campus.51job.com/Pango,https://jiuye.uestc.edu.cn/career/recruitment/onsite/fwhveim7t2bm,verified,https://jiuye.uestc.edu.cn/career/recruitment/onsite,
9390a262ed382aa1e45a8e0e35202d4a545cbc57b9febd7d2681f55a7cc30490,2026-09-03 22:04:41,2026-09-03 22:04:41,现场招聘,深圳长晶半导体有限公司,,未明确列出,2026-08-28 15:01:07,2026-09-08,"广东省:深圳市,江苏省:南京市,江苏省:无锡市",2026-09-08,15:00,17:00,【清】立人楼B119,本科、硕士,,,,,https://jiuye.uestc.edu.cn/career/recruitment/onsite/fwisaqvyn3lt,verified,https://jiuye.uestc.edu.cn/career/recruitment/onsite,
fc16cd5230c2223061f454245e1f03651851bb4aa003a953be775a5da5992c8a,2026-09-03 22:04:41,2026-09-03 22:04:41,现场招聘,电子科技大学,,未明确列出,2026-08-28 22:45:31,2026-09-08,四川省:成都市,2026-09-08,15:00,17:00,【清】品学楼B108,硕士,,,,,https://jiuye.uestc.edu.cn/career/recruitment/onsite/fwf9ll294nb5,verified,https://jiuye.uestc.edu.cn/career/recruitment/onsite,
3e797726f04ca1890e4be33916e0c95143790ced74cee157dcdd07f95604fd39,2026-09-03 22:04:41,2026-09-03 22:04:41,现场招聘,电子科技大学,,未明确列出,2026-08-28 22:45:21,2026-09-08,四川省:成都市,2026-09-08,15:00,17:00,【清】品学楼B109,硕士,,,,,https://jiuye.uestc.edu.cn/career/recruitment/onsite/fwf9rpid143l,verified,https://jiuye.uestc.edu.cn/career/recruitment/onsite,
4a53deaa907ef1166f699cc5b77a2fbf13d3a4d6081efa9b537378b1bc4c3ef4,2026-09-03 22:04:41,2026-09-03 22:04:41,现场招聘,电子科技大学,,未明确列出,2026-08-28 22:45:12,2026-09-08,四川省:成都市,2026-09-08,15:00,17:00,【清】品学楼B205,硕士,,,,,https://jiuye.uestc.edu.cn/career/recruitment/onsite/fwf9xhwikmbl,verified,https://jiuye.uestc.edu.cn/career/recruitment/onsite,
6c4c5786b53ded8fedd7e6a943ff800d71e7d9340a78faa187d8e3da9445d5de,2026-09-03 22:04:41,2026-09-03 22:04:41,现场招聘,潮州三环(集团)股份有限公司,一、 招聘岗位(请以网申平台为准),研发岗,2026-08-28 15:51:07,2026-09-08,广东潮州广东深圳四川成都四川德阳四川南充江苏苏州云南红河泰国春武里,2026-09-08,16:00,17:00,【清】立人楼B117,本科、硕士、博士,,,,,https://jiuye.uestc.edu.cn/career/recruitment/onsite/fwi0lnvu4rup,verified,https://jiuye.uestc.edu.cn/career/recruitment/onsite,
dc12c47876f219ab67f6766ded044d6c115da8e3c5595ce02a42f45c4a80080a,2026-09-03 22:04:41,2026-09-03 22:04:41,现场招聘,潮州三环(集团)股份有限公司,一、 招聘岗位(请以网申平台为准),机电岗,2026-08-28 15:51:07,2026-09-08,广东潮州广东深圳四川成都四川德阳四川南充江苏苏州云南红河泰国春武里,2026-09-08,16:00,17:00,【清】立人楼B117,本科、硕士、博士,,,,,https://jiuye.uestc.edu.cn/career/recruitment/onsite/fwi0lnvu4rup,verified,https://jiuye.uestc.edu.cn/career/recruitment/onsite,
98cfaf2981f8853380f8f9fcdcc7630d059e485e0ff3daac6a446aef4999e370,2026-09-03 22:04:41,2026-09-03 22:04:41,现场招聘,潮州三环(集团)股份有限公司,一、 招聘岗位(请以网申平台为准),技术支持类,2026-08-28 15:51:07,2026-09-08,广东潮州广东深圳四川成都四川德阳四川南充江苏苏州云南红河泰国春武里,2026-09-08,16:00,17:00,【清】立人楼B117,本科、硕士、博士,,,,,https://jiuye.uestc.edu.cn/career/recruitment/onsite/fwi0lnvu4rup,verified,https://jiuye.uestc.edu.cn/career/recruitment/onsite,
68aed674ee76f50aaccf326f5a75dcea69f466b90b6b7c2d2e1fb138ccd843f7,2026-09-03 22:04:41,2026-09-03 22:04:41,现场招聘,潮州三环(集团)股份有限公司,一、 招聘岗位(请以网申平台为准),职能类,2026-08-28 15:51:07,2026-09-08,广东潮州广东深圳四川成都四川德阳四川南充江苏苏州云南红河泰国春武里,2026-09-08,16:00,17:00,【清】立人楼B117,本科、硕士、博士,,,,,https://jiuye.uestc.edu.cn/career/recruitment/onsite/fwi0lnvu4rup,verified,https://jiuye.uestc.edu.cn/career/recruitment/onsite,
efa7b6a54857030a6ba30fad3ba8790d6665c42412838334fbf14bc07ccd8f20,2026-09-03 22:04:41,2026-09-03 22:04:41,现场招聘,上海长宁区乐读线上教育培训学校,,未明确列出,2026-08-28 13:29:14,2026-09-08,"北京市:海淀区,上海市:徐汇区,广东省:广州市,广东省:深圳市,重庆市:沙坪坝区",2026-09-08,16:30,18:00,【清】学生活动中心220,本科、硕士,,,,,https://jiuye.uestc.edu.cn/career/recruitment/onsite/fwi0dg79btoh,verified,https://jiuye.uestc.edu.cn/career/recruitment/onsite,
a670574f347eb901180e5621770d27c0e7ff643558961d6f6d873264630cf446,2026-09-03 22:04:41,2026-09-03 22:04:41,现场招聘,宁德时代新能源科技股份有限公司,宁德时代2027届全球校园招聘正式启动,未明确列出,2026-08-28 15:51:31,2026-09-08,其他(具体查看招聘信息),2026-09-08,18:30,20:30,【清】学生活动中心二楼圆厅,本科、硕士、博士,,,,,https://jiuye.uestc.edu.cn/career/recruitment/onsite/fwbppep57ria,verified,https://jiuye.uestc.edu.cn/career/recruitment/onsite,
10487066d2821875d69d6fa6c5455d2e9659556a1af2cb914956e2302b109ba5,2026-09-03 22:04:41,2026-09-03 22:04:41,现场招聘,眸芯科技(上海)有限公司,,未明确列出,2026-09-01 16:31:26,2026-09-08,四川省:成都市,2026-09-08,18:30,20:30,【清】学生活动中心220,硕士,,,,,https://jiuye.uestc.edu.cn/career/recruitment/onsite/fwx64lmn6xvl,verified,https://jiuye.uestc.edu.cn/career/recruitment/onsite,
0a9e7b990ab8e05976ec646b416abe83f3893b3b143f135da02dce21fd02f02a,2026-09-03 22:04:41,2026-09-03 22:04:41,现场招聘,OPPO广东移动通信有限公司,OPPO 2027届全球校园招聘简章,音频算法工程师,2026-08-28 15:50:13,2026-09-08,"广东省:深圳市,广东省:东莞市,北京市:朝阳区,上海市:徐汇区,江苏省:南京市",2026-09-08,19:00,20:30,【清】学生活动中心201,本科、硕士、博士,,,,https://careers.oppo.com/university/oppo/campus,https://jiuye.uestc.edu.cn/career/recruitment/onsite/fwf4woujsao2,verified,https://jiuye.uestc.edu.cn/career/recruitment/onsite,
765c934d67dd6ae60a0390d9035f9b9e577897de97eb79c97392e1fe4e9e6524,2026-09-03 22:04:41,2026-09-03 22:04:41,现场招聘,OPPO广东移动通信有限公司,OPPO 2027届全球校园招聘简章,计算机视觉算法开发工程师,2026-08-28 15:50:13,2026-09-08,"广东省:深圳市,广东省:东莞市,北京市:朝阳区,上海市:徐汇区,江苏省:南京市",2026-09-08,19:00,20:30,【清】学生活动中心201,本科、硕士、博士,,,,https://careers.oppo.com/university/oppo/campus,https://jiuye.uestc.edu.cn/career/recruitment/onsite/fwf4woujsao2,verified,https://jiuye.uestc.edu.cn/career/recruitment/onsite,
b2129ebdfc3c6d71ba29dfefe08142320b499659ae83e01269af1ecc54abf80c,2026-09-03 22:04:41,2026-09-03 22:04:41,现场招聘,OPPO广东移动通信有限公司,OPPO 2027届全球校园招聘简章,影像算法工程师(运动控制方向),2026-08-28 15:50:13,2026-09-08,"广东省:深圳市,广东省:东莞市,北京市:朝阳区,上海市:徐汇区,江苏省:南京市",2026-09-08,19:00,20:30,【清】学生活动中心201,本科、硕士、博士,,,,https://careers.oppo.com/university/oppo/campus,https://jiuye.uestc.edu.cn/career/recruitment/onsite/fwf4woujsao2,verified,https://jiuye.uestc.edu.cn/career/recruitment/onsite,
82ba3efa7f4d01f27c9308c2716707a7e83f6695bd2c98c302575f6e049b35a9,2026-09-03 22:04:41,2026-09-03 22:04:41,现场招聘,OPPO广东移动通信有限公司,OPPO 2027届全球校园招聘简章,影像算法工程师(姿态解算方向),2026-08-28 15:50:13,2026-09-08,"广东省:深圳市,广东省:东莞市,北京市:朝阳区,上海市:徐汇区,江苏省:南京市",2026-09-08,19:00,20:30,【清】学生活动中心201,本科、硕士、博士,,,,https://careers.oppo.com/university/oppo/campus,https://jiuye.uestc.edu.cn/career/recruitment/onsite/fwf4woujsao2,verified,https://jiuye.uestc.edu.cn/career/recruitment/onsite,
b4f565584d2eb3a60a94e49dbf4cc88d9b4f0666eb2d4e4a0df47e659acca206,2026-09-03 22:04:41,2026-09-03 22:04:41,现场招聘,OPPO广东移动通信有限公司,OPPO 2027届全球校园招聘简章,机器学习算法工程师(融合感知方向),2026-08-28 15:50:13,2026-09-08,"广东省:深圳市,广东省:东莞市,北京市:朝阳区,上海市:徐汇区,江苏省:南京市",2026-09-08,19:00,20:30,【清】学生活动中心201,本科、硕士、博士,,,,https://careers.oppo.com/university/oppo/campus,https://jiuye.uestc.edu.cn/career/recruitment/onsite/fwf4woujsao2,verified,https://jiuye.uestc.edu.cn/career/recruitment/onsite,
6933308f55d580ab12dc5282fe356fc4ebdc3e415c5030339569af811f894dd2,2026-09-03 22:04:41,2026-09-03 22:04:41,现场招聘,OPPO广东移动通信有限公司,OPPO 2027届全球校园招聘简章,健康算法工程师,2026-08-28 15:50:13,2026-09-08,"广东省:深圳市,广东省:东莞市,北京市:朝阳区,上海市:徐汇区,江苏省:南京市",2026-09-08,19:00,20:30,【清】学生活动中心201,本科、硕士、博士,,,,https://careers.oppo.com/university/oppo/campus,https://jiuye.uestc.edu.cn/career/recruitment/onsite/fwf4woujsao2,verified,https://jiuye.uestc.edu.cn/career/recruitment/onsite,
531f622a22e89686323676702c52724f7ac605451b02b31ca0f3c549d251ff80,2026-09-03 22:04:41,2026-09-03 22:04:41,现场招聘,OPPO广东移动通信有限公司,OPPO 2027届全球校园招聘简章,NLP算法工程师(预训练模型及轻量化方向),2026-08-28 15:50:13,2026-09-08,"广东省:深圳市,广东省:东莞市,北京市:朝阳区,上海市:徐汇区,江苏省:南京市",2026-09-08,19:00,20:30,【清】学生活动中心201,本科、硕士、博士,,,,https://careers.oppo.com/university/oppo/campus,https://jiuye.uestc.edu.cn/career/recruitment/onsite/fwf4woujsao2,verified,https://jiuye.uestc.edu.cn/career/recruitment/onsite,
acc91883c649d6a2f3470f88887cd2488f9f4cfe1d5752463920ab81cba4d860,2026-09-03 22:04:41,2026-09-03 22:04:41,现场招聘,OPPO广东移动通信有限公司,OPPO 2027届全球校园招聘简章,影像算法工程师,2026-08-28 15:50:13,2026-09-08,"广东省:深圳市,广东省:东莞市,北京市:朝阳区,上海市:徐汇区,江苏省:南京市",2026-09-08,19:00,20:30,【清】学生活动中心201,本科、硕士、博士,,,,https://careers.oppo.com/university/oppo/campus,https://jiuye.uestc.edu.cn/career/recruitment/onsite/fwf4woujsao2,verified,https://jiuye.uestc.edu.cn/career/recruitment/onsite,
958445f6b78fb8eb5df2d5f3ee2698d674e7498c1b0f1ea3fba5833c97aabddd,2026-09-03 22:04:41,2026-09-03 22:04:41,现场招聘,OPPO广东移动通信有限公司,OPPO 2027届全球校园招聘简章,NLP算法工程师(大语言模型方向),2026-08-28 15:50:13,2026-09-08,"广东省:深圳市,广东省:东莞市,北京市:朝阳区,上海市:徐汇区,江苏省:南京市",2026-09-08,19:00,20:30,【清】学生活动中心201,本科、硕士、博士,,,,https://careers.oppo.com/university/oppo/campus,https://jiuye.uestc.edu.cn/career/recruitment/onsite/fwf4woujsao2,verified,https://jiuye.uestc.edu.cn/career/recruitment/onsite,
63ec4b7beb9ab2f78d0cb8fc3601a6741c8ecd060d75038f8514e7cf1960b7b2,2026-09-03 22:04:41,2026-09-03 22:04:41,现场招聘,OPPO广东移动通信有限公司,OPPO 2027届全球校园招聘简章,机器学习研究员(健康方向),2026-08-28 15:50:13,2026-09-08,"广东省:深圳市,广东省:东莞市,北京市:朝阳区,上海市:徐汇区,江苏省:南京市",2026-09-08,19:00,20:30,【清】学生活动中心201,本科、硕士、博士,,,,https://careers.oppo.com/university/oppo/campus,https://jiuye.uestc.edu.cn/career/recruitment/onsite/fwf4woujsao2,verified,https://jiuye.uestc.edu.cn/career/recruitment/onsite,
0697b06c3ffdeb4888e18dfc1a9c3f2c2335e9fc033a2c3b5bc9d9bded2281fe,2026-09-03 22:04:41,2026-09-03 22:04:41,现场招聘,OPPO广东移动通信有限公司,OPPO 2027届全球校园招聘简章,算法测试开发工程师,2026-08-28 15:50:13,2026-09-08,"广东省:深圳市,广东省:东莞市,北京市:朝阳区,上海市:徐汇区,江苏省:南京市",2026-09-08,19:00,20:30,【清】学生活动中心201,本科、硕士、博士,,,,https://careers.oppo.com/university/oppo/campus,https://jiuye.uestc.edu.cn/career/recruitment/onsite/fwf4woujsao2,verified,https://jiuye.uestc.edu.cn/career/recruitment/onsite,
a92cc69bd99beefb36f614671f2ef02ab5b771ca5b9d362c5663a558fcfe3d82,2026-09-03 22:04:41,2026-09-03 22:04:41,现场招聘,OPPO广东移动通信有限公司,OPPO 2027届全球校园招聘简章,AI研究员(AI多模态智能体),2026-08-28 15:50:13,2026-09-08,"广东省:深圳市,广东省:东莞市,北京市:朝阳区,上海市:徐汇区,江苏省:南京市",2026-09-08,19:00,20:30,【清】学生活动中心201,本科、硕士、博士,,,,https://careers.oppo.com/university/oppo/campus,https://jiuye.uestc.edu.cn/career/recruitment/onsite/fwf4woujsao2,verified,https://jiuye.uestc.edu.cn/career/recruitment/onsite,
4888017be963e734eb110f760e5adae9611bc545b054e6efd13c6aff039af7e0,2026-09-03 22:04:41,2026-09-03 22:04:41,现场招聘,OPPO广东移动通信有限公司,OPPO 2027届全球校园招聘简章,大模型算法工程师,2026-08-28 15:50:13,2026-09-08,"广东省:深圳市,广东省:东莞市,北京市:朝阳区,上海市:徐汇区,江苏省:南京市",2026-09-08,19:00,20:30,【清】学生活动中心201,本科、硕士、博士,,,,https://careers.oppo.com/university/oppo/campus,https://jiuye.uestc.edu.cn/career/recruitment/onsite/fwf4woujsao2,verified,https://jiuye.uestc.edu.cn/career/recruitment/onsite,
b2d78aba40f87d5ed056666e3c3ddd3bf693d9faf3c21a40096ad976ff81dbf5,2026-09-03 22:04:41,2026-09-03 22:04:41,现场招聘,OPPO广东移动通信有限公司,OPPO 2027届全球校园招聘简章,AI研究员(内容生成推荐智能体),2026-08-28 15:50:13,2026-09-08,"广东省:深圳市,广东省:东莞市,北京市:朝阳区,上海市:徐汇区,江苏省:南京市",2026-09-08,19:00,20:30,【清】学生活动中心201,本科、硕士、博士,,,,https://careers.oppo.com/university/oppo/campus,https://jiuye.uestc.edu.cn/career/recruitment/onsite/fwf4woujsao2,verified,https://jiuye.uestc.edu.cn/career/recruitment/onsite,
df821233ec0b26ac2952aa98f531f98b243d5323453e2c59c5ee99c676b1c379,2026-09-03 22:04:41,2026-09-03 22:04:41,现场招聘,OPPO广东移动通信有限公司,OPPO 2027届全球校园招聘简章,机器学习算法工程师(端侧AI方向),2026-08-28 15:50:13,2026-09-08,"广东省:深圳市,广东省:东莞市,北京市:朝阳区,上海市:徐汇区,江苏省:南京市",2026-09-08,19:00,20:30,【清】学生活动中心201,本科、硕士、博士,,,,https://careers.oppo.com/university/oppo/campus,https://jiuye.uestc.edu.cn/career/recruitment/onsite/fwf4woujsao2,verified,https://jiuye.uestc.edu.cn/career/recruitment/onsite,
e19b4a99b422921bec96c92b5ea6248297e8f64712f93a72635dd1ed8375dea8,2026-09-03 22:04:41,2026-09-03 22:04:41,现场招聘,OPPO广东移动通信有限公司,OPPO 2027届全球校园招聘简章,电池算法工程师,2026-08-28 15:50:13,2026-09-08,"广东省:深圳市,广东省:东莞市,北京市:朝阳区,上海市:徐汇区,江苏省:南京市",2026-09-08,19:00,20:30,【清】学生活动中心201,本科、硕士、博士,,,,https://careers.oppo.com/university/oppo/campus,https://jiuye.uestc.edu.cn/career/recruitment/onsite/fwf4woujsao2,verified,https://jiuye.uestc.edu.cn/career/recruitment/onsite,
855b695866452c29e72cb1c6beee18622503defca6338d9d7425cf9e725789cc,2026-09-03 22:04:41,2026-09-03 22:04:41,现场招聘,OPPO广东移动通信有限公司,OPPO 2027届全球校园招聘简章,安全算法工程师,2026-08-28 15:50:13,2026-09-08,"广东省:深圳市,广东省:东莞市,北京市:朝阳区,上海市:徐汇区,江苏省:南京市",2026-09-08,19:00,20:30,【清】学生活动中心201,本科、硕士、博士,,,,https://careers.oppo.com/university/oppo/campus,https://jiuye.uestc.edu.cn/career/recruitment/onsite/fwf4woujsao2,verified,https://jiuye.uestc.edu.cn/career/recruitment/onsite,
dd4edec32fb45966ddfcc15683938a62ebff9e3deb848a4ee4f15a60c9844ef2,2026-09-03 22:04:41,2026-09-03 22:04:41,现场招聘,OPPO广东移动通信有限公司,OPPO 2027届全球校园招聘简章,算法工程师 (推广/搜索/广告方向),2026-08-28 15:50:13,2026-09-08,"广东省:深圳市,广东省:东莞市,北京市:朝阳区,上海市:徐汇区,江苏省:南京市",2026-09-08,19:00,20:30,【清】学生活动中心201,本科、硕士、博士,,,,https://careers.oppo.com/university/oppo/campus,https://jiuye.uestc.edu.cn/career/recruitment/onsite/fwf4woujsao2,verified,https://jiuye.uestc.edu.cn/career/recruitment/onsite,
86013f86763b4ee99aaa77cbb782c1ec195878637476ecc859f102a5b4b1d70c,2026-09-03 22:04:41,2026-09-03 22:04:41,现场招聘,OPPO广东移动通信有限公司,OPPO 2027届全球校园招聘简章,语音算法工程师,2026-08-28 15:50:13,2026-09-08,"广东省:深圳市,广东省:东莞市,北京市:朝阳区,上海市:徐汇区,江苏省:南京市",2026-09-08,19:00,20:30,【清】学生活动中心201,本科、硕士、博士,,,,https://careers.oppo.com/university/oppo/campus,https://jiuye.uestc.edu.cn/career/recruitment/onsite/fwf4woujsao2,verified,https://jiuye.uestc.edu.cn/career/recruitment/onsite,
368fd6d554d681b210dc703f3988a31de2f2790c4ba4b35f9d4ce98b5deda313,2026-09-03 22:04:41,2026-09-03 22:04:41,现场招聘,OPPO广东移动通信有限公司,OPPO 2027届全球校园招聘简章,推荐算法工程师,2026-08-28 15:50:13,2026-09-08,"广东省:深圳市,广东省:东莞市,北京市:朝阳区,上海市:徐汇区,江苏省:南京市",2026-09-08,19:00,20:30,【清】学生活动中心201,本科、硕士、博士,,,,https://careers.oppo.com/university/oppo/campus,https://jiuye.uestc.edu.cn/career/recruitment/onsite/fwf4woujsao2,verified,https://jiuye.uestc.edu.cn/career/recruitment/onsite,
ca3d4c38d7f155ebbe690695feed8cc43c7b593883a36fe3db0b8e154d907994,2026-09-03 22:04:41,2026-09-03 22:04:41,现场招聘,OPPO广东移动通信有限公司,OPPO 2027届全球校园招聘简章,深度学习工程师,2026-08-28 15:50:13,2026-09-08,"广东省:深圳市,广东省:东莞市,北京市:朝阳区,上海市:徐汇区,江苏省:南京市",2026-09-08,19:00,20:30,【清】学生活动中心201,本科、硕士、博士,,,,https://careers.oppo.com/university/oppo/campus,https://jiuye.uestc.edu.cn/career/recruitment/onsite/fwf4woujsao2,verified,https://jiuye.uestc.edu.cn/career/recruitment/onsite,
f814e9049a9a23e99b373c4da60f3a3ec8062f82c9c9c8f35dc0fd96e3fac5ec,2026-09-03 22:04:41,2026-09-03 22:04:41,现场招聘,OPPO广东移动通信有限公司,OPPO 2027届全球校园招聘简章,多模态算法工程师(理解方向),2026-08-28 15:50:13,2026-09-08,"广东省:深圳市,广东省:东莞市,北京市:朝阳区,上海市:徐汇区,江苏省:南京市",2026-09-08,19:00,20:30,【清】学生活动中心201,本科、硕士、博士,,,,https://careers.oppo.com/university/oppo/campus,https://jiuye.uestc.edu.cn/career/recruitment/onsite/fwf4woujsao2,verified,https://jiuye.uestc.edu.cn/career/recruitment/onsite,
7d589a390dfbdcf7429c56251b3d854105b9f6bf0c87b6e7e361bbcdd37232b7,2026-09-03 22:04:41,2026-09-03 22:04:41,现场招聘,OPPO广东移动通信有限公司,OPPO 2027届全球校园招聘简章,AI研究员(推理加速),2026-08-28 15:50:13,2026-09-08,"广东省:深圳市,广东省:东莞市,北京市:朝阳区,上海市:徐汇区,江苏省:南京市",2026-09-08,19:00,20:30,【清】学生活动中心201,本科、硕士、博士,,,,https://careers.oppo.com/university/oppo/campus,https://jiuye.uestc.edu.cn/career/recruitment/onsite/fwf4woujsao2,verified,https://jiuye.uestc.edu.cn/career/recruitment/onsite,
d62dcefc2cfdc39764e96befc30a96c75162d0a804f1b71488e1cc2aaab54f64,2026-09-03 22:04:41,2026-09-03 22:04:41,现场招聘,OPPO广东移动通信有限公司,OPPO 2027届全球校园招聘简章,算法工程师(大模型/智能体方向),2026-08-28 15:50:13,2026-09-08,"广东省:深圳市,广东省:东莞市,北京市:朝阳区,上海市:徐汇区,江苏省:南京市",2026-09-08,19:00,20:30,【清】学生活动中心201,本科、硕士、博士,,,,https://careers.oppo.com/university/oppo/campus,https://jiuye.uestc.edu.cn/career/recruitment/onsite/fwf4woujsao2,verified,https://jiuye.uestc.edu.cn/career/recruitment/onsite,
468b66eac79a513bb3a00d9e2091d3b049dc2f701be104e245845e7def8fc8b4,2026-09-03 22:04:41,2026-09-03 22:04:41,现场招聘,OPPO广东移动通信有限公司,OPPO 2027届全球校园招聘简章,多模态算法工程师,2026-08-28 15:50:13,2026-09-08,"广东省:深圳市,广东省:东莞市,北京市:朝阳区,上海市:徐汇区,江苏省:南京市",2026-09-08,19:00,20:30,【清】学生活动中心201,本科、硕士、博士,,,,https://careers.oppo.com/university/oppo/campus,https://jiuye.uestc.edu.cn/career/recruitment/onsite/fwf4woujsao2,verified,https://jiuye.uestc.edu.cn/career/recruitment/onsite,
bb039e4b82160096db95128489d83bbd031c35043d359b7e0680727a8190573d,2026-09-03 22:04:41,2026-09-03 22:04:41,现场招聘,OPPO广东移动通信有限公司,OPPO 2027届全球校园招聘简章,AIGC算法工程师(生成方向),2026-08-28 15:50:13,2026-09-08,"广东省:深圳市,广东省:东莞市,北京市:朝阳区,上海市:徐汇区,江苏省:南京市",2026-09-08,19:00,20:30,【清】学生活动中心201,本科、硕士、博士,,,,https://careers.oppo.com/university/oppo/campus,https://jiuye.uestc.edu.cn/career/recruitment/onsite/fwf4woujsao2,verified,https://jiuye.uestc.edu.cn/career/recruitment/onsite,
829faec2adb9b7edfdbe2eb57441f1b3adb6dc1025faf049ca36a34008403aa8,2026-09-03 22:04:41,2026-09-03 22:04:41,现场招聘,OPPO广东移动通信有限公司,OPPO 2027届全球校园招聘简章,定位算法工程师(GPS/GNSS),2026-08-28 15:50:13,2026-09-08,"广东省:深圳市,广东省:东莞市,北京市:朝阳区,上海市:徐汇区,江苏省:南京市",2026-09-08,19:00,20:30,【清】学生活动中心201,本科、硕士、博士,,,,https://careers.oppo.com/university/oppo/campus,https://jiuye.uestc.edu.cn/career/recruitment/onsite/fwf4woujsao2,verified,https://jiuye.uestc.edu.cn/career/recruitment/onsite,
8baa1e8fbed4ab7807b490a0fa4471336d6195fbbed333ef6486dc1253627f8a,2026-09-03 22:04:41,2026-09-03 22:04:41,现场招聘,OPPO广东移动通信有限公司,OPPO 2027届全球校园招聘简章,算法工程师(手势识别算法方向),2026-08-28 15:50:13,2026-09-08,"广东省:深圳市,广东省:东莞市,北京市:朝阳区,上海市:徐汇区,江苏省:南京市",2026-09-08,19:00,20:30,【清】学生活动中心201,本科、硕士、博士,,,,https://careers.oppo.com/university/oppo/campus,https://jiuye.uestc.edu.cn/career/recruitment/onsite/fwf4woujsao2,verified,https://jiuye.uestc.edu.cn/career/recruitment/onsite,
7a9ff2b72b1275180bff88300b67095a02b2022897a69b498dc13004835d31bc,2026-09-03 22:04:41,2026-09-03 22:04:41,现场招聘,OPPO广东移动通信有限公司,OPPO 2027届全球校园招聘简章,安全隐私标准工程师,2026-08-28 15:50:13,2026-09-08,"广东省:深圳市,广东省:东莞市,北京市:朝阳区,上海市:徐汇区,江苏省:南京市",2026-09-08,19:00,20:30,【清】学生活动中心201,本科、硕士、博士,,,,https://careers.oppo.com/university/oppo/campus,https://jiuye.uestc.edu.cn/career/recruitment/onsite/fwf4woujsao2,verified,https://jiuye.uestc.edu.cn/career/recruitment/onsite,
add6acc8791f563ad3aa0458f7df8b5cf54b2804c6a51faa6214767a2399be33,2026-09-03 22:04:41,2026-09-03 22:04:41,现场招聘,OPPO广东移动通信有限公司,OPPO 2027届全球校园招聘简章,IT开发工程师(AI应用方向),2026-08-28 15:50:13,2026-09-08,"广东省:深圳市,广东省:东莞市,北京市:朝阳区,上海市:徐汇区,江苏省:南京市",2026-09-08,19:00,20:30,【清】学生活动中心201,本科、硕士、博士,,,,https://careers.oppo.com/university/oppo/campus,https://jiuye.uestc.edu.cn/career/recruitment/onsite/fwf4woujsao2,verified,https://jiuye.uestc.edu.cn/career/recruitment/onsite,
b76e70e3b03589440cf2fed0e77760439e68f41a7191806d1d2a6df0b0ca7948,2026-09-03 22:04:41,2026-09-03 22:04:41,现场招聘,OPPO广东移动通信有限公司,OPPO 2027届全球校园招聘简章,多媒体开发工程师(C++),2026-08-28 15:50:13,2026-09-08,"广东省:深圳市,广东省:东莞市,北京市:朝阳区,上海市:徐汇区,江苏省:南京市",2026-09-08,19:00,20:30,【清】学生活动中心201,本科、硕士、博士,,,,https://careers.oppo.com/university/oppo/campus,https://jiuye.uestc.edu.cn/career/recruitment/onsite/fwf4woujsao2,verified,https://jiuye.uestc.edu.cn/career/recruitment/onsite,
5c698d8eb0af951e871c1c39f5d415df393b6a4628f3c0f9fe296bcfc394aa84,2026-09-03 22:04:41,2026-09-03 22:04:41,现场招聘,OPPO广东移动通信有限公司,OPPO 2027届全球校园招聘简章,测试开发工程师,2026-08-28 15:50:13,2026-09-08,"广东省:深圳市,广东省:东莞市,北京市:朝阳区,上海市:徐汇区,江苏省:南京市",2026-09-08,19:00,20:30,【清】学生活动中心201,本科、硕士、博士,,,,https://careers.oppo.com/university/oppo/campus,https://jiuye.uestc.edu.cn/career/recruitment/onsite/fwf4woujsao2,verified,https://jiuye.uestc.edu.cn/career/recruitment/onsite,
7e2b450560b98f720ad124361ad49b362e655acc20e208b411809ef9e9a98bab,2026-09-03 22:04:41,2026-09-03 22:04:41,现场招聘,OPPO广东移动通信有限公司,OPPO 2027届全球校园招聘简章,生物医学工程师,2026-08-28 15:50:13,2026-09-08,"广东省:深圳市,广东省:东莞市,北京市:朝阳区,上海市:徐汇区,江苏省:南京市",2026-09-08,19:00,20:30,【清】学生活动中心201,本科、硕士、博士,,,,https://careers.oppo.com/university/oppo/campus,https://jiuye.uestc.edu.cn/career/recruitment/onsite/fwf4woujsao2,verified,https://jiuye.uestc.edu.cn/career/recruitment/onsite,
8f185e14ba2597e4346288fa41691d8b65ebadfd7965d09d379049f9de19acdf,2026-09-03 22:04:41,2026-09-03 22:04:41,现场招聘,OPPO广东移动通信有限公司,OPPO 2027届全球校园招聘简章,数据开发工程师,2026-08-28 15:50:13,2026-09-08,"广东省:深圳市,广东省:东莞市,北京市:朝阳区,上海市:徐汇区,江苏省:南京市",2026-09-08,19:00,20:30,【清】学生活动中心201,本科、硕士、博士,,,,https://careers.oppo.com/university/oppo/campus,https://jiuye.uestc.edu.cn/career/recruitment/onsite/fwf4woujsao2,verified,https://jiuye.uestc.edu.cn/career/recruitment/onsite,
90cc65884ed1fa3851fdace6f74956868e86af30254428d819ef0675390c948a,2026-09-03 22:04:41,2026-09-03 22:04:41,现场招聘,OPPO广东移动通信有限公司,OPPO 2027届全球校园招聘简章,后端工程师,2026-08-28 15:50:13,2026-09-08,"广东省:深圳市,广东省:东莞市,北京市:朝阳区,上海市:徐汇区,江苏省:南京市",2026-09-08,19:00,20:30,【清】学生活动中心201,本科、硕士、博士,,,,https://careers.oppo.com/university/oppo/campus,https://jiuye.uestc.edu.cn/career/recruitment/onsite/fwf4woujsao2,verified,https://jiuye.uestc.edu.cn/career/recruitment/onsite,
d69b587f89a6c30bd34ce94f28ba123cb88edb818eabf50620e8abadc3a3fc1a,2026-09-03 22:04:41,2026-09-03 22:04:41,现场招聘,OPPO广东移动通信有限公司,OPPO 2027届全球校园招聘简章,全栈开发工程师,2026-08-28 15:50:13,2026-09-08,"广东省:深圳市,广东省:东莞市,北京市:朝阳区,上海市:徐汇区,江苏省:南京市",2026-09-08,19:00,20:30,【清】学生活动中心201,本科、硕士、博士,,,,https://careers.oppo.com/university/oppo/campus,https://jiuye.uestc.edu.cn/career/recruitment/onsite/fwf4woujsao2,verified,https://jiuye.uestc.edu.cn/career/recruitment/onsite,
687d82dd7638847a10561524775e828d5c90e79251006fa3555491eda2dfdb59,2026-09-03 22:04:41,2026-09-03 22:04:41,现场招聘,OPPO广东移动通信有限公司,OPPO 2027届全球校园招聘简章,互联网安全工程师,2026-08-28 15:50:13,2026-09-08,"广东省:深圳市,广东省:东莞市,北京市:朝阳区,上海市:徐汇区,江苏省:南京市",2026-09-08,19:00,20:30,【清】学生活动中心201,本科、硕士、博士,,,,https://careers.oppo.com/university/oppo/campus,https://jiuye.uestc.edu.cn/career/recruitment/onsite/fwf4woujsao2,verified,https://jiuye.uestc.edu.cn/career/recruitment/onsite,
d21adfeda5c980ca97ba7945b878d8434d719aa2ee743fdc87ac4f55df5d0bac,2026-09-03 22:04:41,2026-09-03 22:04:41,现场招聘,OPPO广东移动通信有限公司,OPPO 2027届全球校园招聘简章,数据分析工程师,2026-08-28 15:50:13,2026-09-08,"广东省:深圳市,广东省:东莞市,北京市:朝阳区,上海市:徐汇区,江苏省:南京市",2026-09-08,19:00,20:30,【清】学生活动中心201,本科、硕士、博士,,,,https://careers.oppo.com/university/oppo/campus,https://jiuye.uestc.edu.cn/career/recruitment/onsite/fwf4woujsao2,verified,https://jiuye.uestc.edu.cn/career/recruitment/onsite,
a98319e4acb9d86812b10e0efde203bd4ed7797dbb3e6c55a6141585656d0dbb,2026-09-03 22:04:41,2026-09-03 22:04:41,现场招聘,OPPO广东移动通信有限公司,OPPO 2027届全球校园招聘简章,运维工程师(SRE),2026-08-28 15:50:13,2026-09-08,"广东省:深圳市,广东省:东莞市,北京市:朝阳区,上海市:徐汇区,江苏省:南京市",2026-09-08,19:00,20:30,【清】学生活动中心201,本科、硕士、博士,,,,https://careers.oppo.com/university/oppo/campus,https://jiuye.uestc.edu.cn/career/recruitment/onsite/fwf4woujsao2,verified,https://jiuye.uestc.edu.cn/career/recruitment/onsite,
9924098e469cea0bcbcb5769a840b248a8f1d1787f799f3ca38b30e538debe96,2026-09-03 22:04:41,2026-09-03 22:04:41,现场招聘,OPPO广东移动通信有限公司,OPPO 2027届全球校园招聘简章,应用开发工程师,2026-08-28 15:50:13,2026-09-08,"广东省:深圳市,广东省:东莞市,北京市:朝阳区,上海市:徐汇区,江苏省:南京市",2026-09-08,19:00,20:30,【清】学生活动中心201,本科、硕士、博士,,,,https://careers.oppo.com/university/oppo/campus,https://jiuye.uestc.edu.cn/career/recruitment/onsite/fwf4woujsao2,verified,https://jiuye.uestc.edu.cn/career/recruitment/onsite,
8af1dab3e77c0e7fad5280a7c4892bd37c9ad3701e7bcb4b271ac63708294447,2026-09-03 22:04:41,2026-09-03 22:04:41,现场招聘,OPPO广东移动通信有限公司,OPPO 2027届全球校园招聘简章,AI工程师(AI应用方向),2026-08-28 15:50:13,2026-09-08,"广东省:深圳市,广东省:东莞市,北京市:朝阳区,上海市:徐汇区,江苏省:南京市",2026-09-08,19:00,20:30,【清】学生活动中心201,本科、硕士、博士,,,,https://careers.oppo.com/university/oppo/campus,https://jiuye.uestc.edu.cn/career/recruitment/onsite/fwf4woujsao2,verified,https://jiuye.uestc.edu.cn/career/recruitment/onsite,
d048ac6f7fd151e5094121a17ea9c680bffd8861b00d879b3e9238e7e7ab5855,2026-09-03 22:04:41,2026-09-03 22:04:41,现场招聘,OPPO广东移动通信有限公司,OPPO 2027届全球校园招聘简章,AI工程师(AI Agent方向),2026-08-28 15:50:13,2026-09-08,"广东省:深圳市,广东省:东莞市,北京市:朝阳区,上海市:徐汇区,江苏省:南京市",2026-09-08,19:00,20:30,【清】学生活动中心201,本科、硕士、博士,,,,https://careers.oppo.com/university/oppo/campus,https://jiuye.uestc.edu.cn/career/recruitment/onsite/fwf4woujsao2,verified,https://jiuye.uestc.edu.cn/career/recruitment/onsite,
3185c8f7997deae5080d9eec09df018c8c6a3e92ed97f21fdf71fd7da5c041a7,2026-09-03 22:04:41,2026-09-03 22:04:41,现场招聘,OPPO广东移动通信有限公司,OPPO 2027届全球校园招聘简章,AI工程师(AI Infra方向),2026-08-28 15:50:13,2026-09-08,"广东省:深圳市,广东省:东莞市,北京市:朝阳区,上海市:徐汇区,江苏省:南京市",2026-09-08,19:00,20:30,【清】学生活动中心201,本科、硕士、博士,,,,https://careers.oppo.com/university/oppo/campus,https://jiuye.uestc.edu.cn/career/recruitment/onsite/fwf4woujsao2,verified,https://jiuye.uestc.edu.cn/career/recruitment/onsite,
6dcf9ada1f182b227ddb1dc01fb4c9fe51ce4d5dceaa661d00427345ac42aadf,2026-09-03 22:04:41,2026-09-03 22:04:41,现场招聘,OPPO广东移动通信有限公司,OPPO 2027届全球校园招聘简章,AI系统工程师,2026-08-28 15:50:13,2026-09-08,"广东省:深圳市,广东省:东莞市,北京市:朝阳区,上海市:徐汇区,江苏省:南京市",2026-09-08,19:00,20:30,【清】学生活动中心201,本科、硕士、博士,,,,https://careers.oppo.com/university/oppo/campus,https://jiuye.uestc.edu.cn/career/recruitment/onsite/fwf4woujsao2,verified,https://jiuye.uestc.edu.cn/career/recruitment/onsite,
4cfadac5be9300309184036c74e5aae2c598a7319e939a399b6333f79bebf34d,2026-09-03 22:04:41,2026-09-03 22:04:41,现场招聘,OPPO广东移动通信有限公司,OPPO 2027届全球校园招聘简章,多媒体开发工程师,2026-08-28 15:50:13,2026-09-08,"广东省:深圳市,广东省:东莞市,北京市:朝阳区,上海市:徐汇区,江苏省:南京市",2026-09-08,19:00,20:30,【清】学生活动中心201,本科、硕士、博士,,,,https://careers.oppo.com/university/oppo/campus,https://jiuye.uestc.edu.cn/career/recruitment/onsite/fwf4woujsao2,verified,https://jiuye.uestc.edu.cn/career/recruitment/onsite,
e22497aaa4b788ee0871533c27238452214bda3002bc31c668f5d924d755d1c1,2026-09-03 22:04:41,2026-09-03 22:04:41,现场招聘,OPPO广东移动通信有限公司,OPPO 2027届全球校园招聘简章,系统工程师,2026-08-28 15:50:13,2026-09-08,"广东省:深圳市,广东省:东莞市,北京市:朝阳区,上海市:徐汇区,江苏省:南京市",2026-09-08,19:00,20:30,【清】学生活动中心201,本科、硕士、博士,,,,https://careers.oppo.com/university/oppo/campus,https://jiuye.uestc.edu.cn/career/recruitment/onsite/fwf4woujsao2,verified,https://jiuye.uestc.edu.cn/career/recruitment/onsite,
65ae44890a0691b5483cca9bd18ea4fd27d653fafc9ab5ffbefdcd7e27afa4fe,2026-09-03 22:04:41,2026-09-03 22:04:41,现场招聘,OPPO广东移动通信有限公司,OPPO 2027届全球校园招聘简章,无线通信协议工程师,2026-08-28 15:50:13,2026-09-08,"广东省:深圳市,广东省:东莞市,北京市:朝阳区,上海市:徐汇区,江苏省:南京市",2026-09-08,19:00,20:30,【清】学生活动中心201,本科、硕士、博士,,,,https://careers.oppo.com/university/oppo/campus,https://jiuye.uestc.edu.cn/career/recruitment/onsite/fwf4woujsao2,verified,https://jiuye.uestc.edu.cn/career/recruitment/onsite,
71b90f386e54484983ed8ea36b93f9032af944e502a596d025bba108e7c64319,2026-09-03 22:04:41,2026-09-03 22:04:41,现场招聘,OPPO广东移动通信有限公司,OPPO 2027届全球校园招聘简章,计算机图形学工程师,2026-08-28 15:50:13,2026-09-08,"广东省:深圳市,广东省:东莞市,北京市:朝阳区,上海市:徐汇区,江苏省:南京市",2026-09-08,19:00,20:30,【清】学生活动中心201,本科、硕士、博士,,,,https://careers.oppo.com/university/oppo/campus,https://jiuye.uestc.edu.cn/career/recruitment/onsite/fwf4woujsao2,verified,https://jiuye.uestc.edu.cn/career/recruitment/onsite,
1a010ffc48c7111cd3fecddd49fc0dc09122999beb2ee398d135051e5953a797,2026-09-03 22:04:41,2026-09-03 22:04:41,现场招聘,OPPO广东移动通信有限公司,OPPO 2027届全球校园招聘简章,应用工程师,2026-08-28 15:50:13,2026-09-08,"广东省:深圳市,广东省:东莞市,北京市:朝阳区,上海市:徐汇区,江苏省:南京市",2026-09-08,19:00,20:30,【清】学生活动中心201,本科、硕士、博士,,,,https://careers.oppo.com/university/oppo/campus,https://jiuye.uestc.edu.cn/career/recruitment/onsite/fwf4woujsao2,verified,https://jiuye.uestc.edu.cn/career/recruitment/onsite,
8ed34850c02c18da45f869e2987925384c393a683a2bf7c28c10ae28042481f6,2026-09-03 22:04:41,2026-09-03 22:04:41,现场招聘,OPPO广东移动通信有限公司,OPPO 2027届全球校园招聘简章,AI系统工程师(AI工程化方向),2026-08-28 15:50:13,2026-09-08,"广东省:深圳市,广东省:东莞市,北京市:朝阳区,上海市:徐汇区,江苏省:南京市",2026-09-08,19:00,20:30,【清】学生活动中心201,本科、硕士、博士,,,,https://careers.oppo.com/university/oppo/campus,https://jiuye.uestc.edu.cn/career/recruitment/onsite/fwf4woujsao2,verified,https://jiuye.uestc.edu.cn/career/recruitment/onsite,
0499b462cc72b308414a2b7864266d0a96baf1a0fb130cc6c31bf633f350991b,2026-09-03 22:04:41,2026-09-03 22:04:41,现场招聘,OPPO广东移动通信有限公司,OPPO 2027届全球校园招聘简章,底层软件工程师,2026-08-28 15:50:13,2026-09-08,"广东省:深圳市,广东省:东莞市,北京市:朝阳区,上海市:徐汇区,江苏省:南京市",2026-09-08,19:00,20:30,【清】学生活动中心201,本科、硕士、博士,,,,https://careers.oppo.com/university/oppo/campus,https://jiuye.uestc.edu.cn/career/recruitment/onsite/fwf4woujsao2,verified,https://jiuye.uestc.edu.cn/career/recruitment/onsite,
ad91fd0b7f69c890a84eb355415d952caaab51e1d55a901c21cb2e8f66fcc96c,2026-09-03 22:04:41,2026-09-03 22:04:41,现场招聘,OPPO广东移动通信有限公司,OPPO 2027届全球校园招聘简章,后端开发工程师,2026-08-28 15:50:13,2026-09-08,"广东省:深圳市,广东省:东莞市,北京市:朝阳区,上海市:徐汇区,江苏省:南京市",2026-09-08,19:00,20:30,【清】学生活动中心201,本科、硕士、博士,,,,https://careers.oppo.com/university/oppo/campus,https://jiuye.uestc.edu.cn/career/recruitment/onsite/fwf4woujsao2,verified,https://jiuye.uestc.edu.cn/career/recruitment/onsite,
9292b2bb70b5b7481948743cc36dd78a41d6f4f0b1706757be722fdd8d861c83,2026-09-03 22:04:41,2026-09-03 22:04:41,现场招聘,OPPO广东移动通信有限公司,OPPO 2027届全球校园招聘简章,AI全栈工程师,2026-08-28 15:50:13,2026-09-08,"广东省:深圳市,广东省:东莞市,北京市:朝阳区,上海市:徐汇区,江苏省:南京市",2026-09-08,19:00,20:30,【清】学生活动中心201,本科、硕士、博士,,,,https://careers.oppo.com/university/oppo/campus,https://jiuye.uestc.edu.cn/career/recruitment/onsite/fwf4woujsao2,verified,https://jiuye.uestc.edu.cn/career/recruitment/onsite,
1261ac04a4ae3cd063acfb19beaab49b12ca4fd56f90d2f0363dc49cdc86458b,2026-09-03 22:04:41,2026-09-03 22:04:41,现场招聘,OPPO广东移动通信有限公司,OPPO 2027届全球校园招聘简章,AI Agent 研发工程师(研发效能方向),2026-08-28 15:50:13,2026-09-08,"广东省:深圳市,广东省:东莞市,北京市:朝阳区,上海市:徐汇区,江苏省:南京市",2026-09-08,19:00,20:30,【清】学生活动中心201,本科、硕士、博士,,,,https://careers.oppo.com/university/oppo/campus,https://jiuye.uestc.edu.cn/career/recruitment/onsite/fwf4woujsao2,verified,https://jiuye.uestc.edu.cn/career/recruitment/onsite,
d959f174ae2600da9705e26fafa6ae5cbb6bf3158429b37aab10012ec1725179,2026-09-03 22:04:41,2026-09-03 22:04:41,现场招聘,OPPO广东移动通信有限公司,OPPO 2027届全球校园招聘简章,热设计工程师,2026-08-28 15:50:13,2026-09-08,"广东省:深圳市,广东省:东莞市,北京市:朝阳区,上海市:徐汇区,江苏省:南京市",2026-09-08,19:00,20:30,【清】学生活动中心201,本科、硕士、博士,,,,https://careers.oppo.com/university/oppo/campus,https://jiuye.uestc.edu.cn/career/recruitment/onsite/fwf4woujsao2,verified,https://jiuye.uestc.edu.cn/career/recruitment/onsite,
8e5d3b5419c2f1fd97d14c84d5b77018e48822e9bdbe537ac673b9967bc3b9d5,2026-09-03 22:04:41,2026-09-03 22:04:41,现场招聘,OPPO广东移动通信有限公司,OPPO 2027届全球校园招聘简章,材料开发工程师,2026-08-28 15:50:13,2026-09-08,"广东省:深圳市,广东省:东莞市,北京市:朝阳区,上海市:徐汇区,江苏省:南京市",2026-09-08,19:00,20:30,【清】学生活动中心201,本科、硕士、博士,,,,https://careers.oppo.com/university/oppo/campus,https://jiuye.uestc.edu.cn/career/recruitment/onsite/fwf4woujsao2,verified,https://jiuye.uestc.edu.cn/career/recruitment/onsite,
fd6b013df474dce70287b075628bc2683cf60ce38fbb34cb18eceabb18d6dd2c,2026-09-03 22:04:41,2026-09-03 22:04:41,现场招聘,OPPO广东移动通信有限公司,OPPO 2027届全球校园招聘简章,功耗工程师,2026-08-28 15:50:13,2026-09-08,"广东省:深圳市,广东省:东莞市,北京市:朝阳区,上海市:徐汇区,江苏省:南京市",2026-09-08,19:00,20:30,【清】学生活动中心201,本科、硕士、博士,,,,https://careers.oppo.com/university/oppo/campus,https://jiuye.uestc.edu.cn/career/recruitment/onsite/fwf4woujsao2,verified,https://jiuye.uestc.edu.cn/career/recruitment/onsite,
1743e85512cd51f2619b13a8e4fc17d1ec044a2a80f23c33987993c27371cf4b,2026-09-03 22:04:41,2026-09-03 22:04:41,现场招聘,OPPO广东移动通信有限公司,OPPO 2027届全球校园招聘简章,电源工程师,2026-08-28 15:50:13,2026-09-08,"广东省:深圳市,广东省:东莞市,北京市:朝阳区,上海市:徐汇区,江苏省:南京市",2026-09-08,19:00,20:30,【清】学生活动中心201,本科、硕士、博士,,,,https://careers.oppo.com/university/oppo/campus,https://jiuye.uestc.edu.cn/career/recruitment/onsite/fwf4woujsao2,verified,https://jiuye.uestc.edu.cn/career/recruitment/onsite,
c003cdae7995d6ca9bf3d38396f9a97829ff1e696c7da1ec7569ae4ab5fbf2aa,2026-09-03 22:04:41,2026-09-03 22:04:41,现场招聘,OPPO广东移动通信有限公司,OPPO 2027届全球校园招聘简章,PCB工程师,2026-08-28 15:50:13,2026-09-08,"广东省:深圳市,广东省:东莞市,北京市:朝阳区,上海市:徐汇区,江苏省:南京市",2026-09-08,19:00,20:30,【清】学生活动中心201,本科、硕士、博士,,,,https://careers.oppo.com/university/oppo/campus,https://jiuye.uestc.edu.cn/career/recruitment/onsite/fwf4woujsao2,verified,https://jiuye.uestc.edu.cn/career/recruitment/onsite,
99ad61b550bfb13515a3832851292cb80a2f3c7786886ca766f0a56f83f261f3,2026-09-03 22:04:41,2026-09-03 22:04:41,现场招聘,OPPO广东移动通信有限公司,OPPO 2027届全球校园招聘简章,结构工程师,2026-08-28 15:50:13,2026-09-08,"广东省:深圳市,广东省:东莞市,北京市:朝阳区,上海市:徐汇区,江苏省:南京市",2026-09-08,19:00,20:30,【清】学生活动中心201,本科、硕士、博士,,,,https://careers.oppo.com/university/oppo/campus,https://jiuye.uestc.edu.cn/career/recruitment/onsite/fwf4woujsao2,verified,https://jiuye.uestc.edu.cn/career/recruitment/onsite,
94d7b26abe0823c423c43ceeb3dae201b010f1dc08dad2c613a9266d91a6cc16,2026-09-03 22:04:41,2026-09-03 22:04:41,现场招聘,OPPO广东移动通信有限公司,OPPO 2027届全球校园招聘简章,天线工程师,2026-08-28 15:50:13,2026-09-08,"广东省:深圳市,广东省:东莞市,北京市:朝阳区,上海市:徐汇区,江苏省:南京市",2026-09-08,19:00,20:30,【清】学生活动中心201,本科、硕士、博士,,,,https://careers.oppo.com/university/oppo/campus,https://jiuye.uestc.edu.cn/career/recruitment/onsite/fwf4woujsao2,verified,https://jiuye.uestc.edu.cn/career/recruitment/onsite,
aed4fbbe8e2e4c034353f04422f17fe83a64b801d95d23c7a414462f6ce0a0ca,2026-09-03 22:04:41,2026-09-03 22:04:41,现场招聘,OPPO广东移动通信有限公司,OPPO 2027届全球校园招聘简章,射频工程师,2026-08-28 15:50:13,2026-09-08,"广东省:深圳市,广东省:东莞市,北京市:朝阳区,上海市:徐汇区,江苏省:南京市",2026-09-08,19:00,20:30,【清】学生活动中心201,本科、硕士、博士,,,,https://careers.oppo.com/university/oppo/campus,https://jiuye.uestc.edu.cn/career/recruitment/onsite/fwf4woujsao2,verified,https://jiuye.uestc.edu.cn/career/recruitment/onsite,
8fd885569356ff7f52a975ed6ed4f954e5fcc15d97687547b3f4a5ac31ec22cc,2026-09-03 22:04:41,2026-09-03 22:04:41,现场招聘,OPPO广东移动通信有限公司,OPPO 2027届全球校园招聘简章,CAE工程师,2026-08-28 15:50:13,2026-09-08,"广东省:深圳市,广东省:东莞市,北京市:朝阳区,上海市:徐汇区,江苏省:南京市",2026-09-08,19:00,20:30,【清】学生活动中心201,本科、硕士、博士,,,,https://careers.oppo.com/university/oppo/campus,https://jiuye.uestc.edu.cn/career/recruitment/onsite/fwf4woujsao2,verified,https://jiuye.uestc.edu.cn/career/recruitment/onsite,
9bd098c8f1c7929f8fbbd27e85e1759f68343d3b28b20b821b605603a67bf447,2026-09-03 22:04:41,2026-09-03 22:04:41,现场招聘,OPPO广东移动通信有限公司,OPPO 2027届全球校园招聘简章,音频开发工程师,2026-08-28 15:50:13,2026-09-08,"广东省:深圳市,广东省:东莞市,北京市:朝阳区,上海市:徐汇区,江苏省:南京市",2026-09-08,19:00,20:30,【清】学生活动中心201,本科、硕士、博士,,,,https://careers.oppo.com/university/oppo/campus,https://jiuye.uestc.edu.cn/career/recruitment/onsite/fwf4woujsao2,verified,https://jiuye.uestc.edu.cn/career/recruitment/onsite,
69abce3dfa7e562f24d04a15e3e141a24024b7fd6009725add8a25d855ada5e1,2026-09-03 22:04:41,2026-09-03 22:04:41,现场招聘,OPPO广东移动通信有限公司,OPPO 2027届全球校园招聘简章,影像硬件工程师,2026-08-28 15:50:13,2026-09-08,"广东省:深圳市,广东省:东莞市,北京市:朝阳区,上海市:徐汇区,江苏省:南京市",2026-09-08,19:00,20:30,【清】学生活动中心201,本科、硕士、博士,,,,https://careers.oppo.com/university/oppo/campus,https://jiuye.uestc.edu.cn/career/recruitment/onsite/fwf4woujsao2,verified,https://jiuye.uestc.edu.cn/career/recruitment/onsite,
3f4df171d5ae8473322199a956b3d3c9ff82a93d8d459d5f60bb632e81db2c83,2026-09-03 22:04:41,2026-09-03 22:04:41,现场招聘,OPPO广东移动通信有限公司,OPPO 2027届全球校园招聘简章,硬件工程师,2026-08-28 15:50:13,2026-09-08,"广东省:深圳市,广东省:东莞市,北京市:朝阳区,上海市:徐汇区,江苏省:南京市",2026-09-08,19:00,20:30,【清】学生活动中心201,本科、硕士、博士,,,,https://careers.oppo.com/university/oppo/campus,https://jiuye.uestc.edu.cn/career/recruitment/onsite/fwf4woujsao2,verified,https://jiuye.uestc.edu.cn/career/recruitment/onsite,
cd063a13dded59435f3508147e3beb1ce8af83e9fd2375d067f57c722670bb73,2026-09-03 22:04:41,2026-09-03 22:04:41,现场招聘,OPPO广东移动通信有限公司,OPPO 2027届全球校园招聘简章,硬件工程师(Memory方向),2026-08-28 15:50:13,2026-09-08,"广东省:深圳市,广东省:东莞市,北京市:朝阳区,上海市:徐汇区,江苏省:南京市",2026-09-08,19:00,20:30,【清】学生活动中心201,本科、硕士、博士,,,,https://careers.oppo.com/university/oppo/campus,https://jiuye.uestc.edu.cn/career/recruitment/onsite/fwf4woujsao2,verified,https://jiuye.uestc.edu.cn/career/recruitment/onsite,
cc967e49aa98e2f5329c3da16c06d46554c56ef63c463b836e59a167518469bf,2026-09-03 22:04:41,2026-09-03 22:04:41,现场招聘,OPPO广东移动通信有限公司,OPPO 2027届全球校园招聘简章,芯片开发工程师,2026-08-28 15:50:13,2026-09-08,"广东省:深圳市,广东省:东莞市,北京市:朝阳区,上海市:徐汇区,江苏省:南京市",2026-09-08,19:00,20:30,【清】学生活动中心201,本科、硕士、博士,,,,https://careers.oppo.com/university/oppo/campus,https://jiuye.uestc.edu.cn/career/recruitment/onsite/fwf4woujsao2,verified,https://jiuye.uestc.edu.cn/career/recruitment/onsite,
a11b59ec0f67689ea936c222b990880984222f8194fd762605399367cba5f797,2026-09-03 22:04:41,2026-09-03 22:04:41,现场招聘,OPPO广东移动通信有限公司,OPPO 2027届全球校园招聘简章,传感器工程师(健康方向),2026-08-28 15:50:13,2026-09-08,"广东省:深圳市,广东省:东莞市,北京市:朝阳区,上海市:徐汇区,江苏省:南京市",2026-09-08,19:00,20:30,【清】学生活动中心201,本科、硕士、博士,,,,https://careers.oppo.com/university/oppo/campus,https://jiuye.uestc.edu.cn/career/recruitment/onsite/fwf4woujsao2,verified,https://jiuye.uestc.edu.cn/career/recruitment/onsite,
969767123f7b61f7740a2c29501a99727072b3593ba59cecead762585e0764e5,2026-09-03 22:04:41,2026-09-03 22:04:41,现场招聘,OPPO广东移动通信有限公司,OPPO 2027届全球校园招聘简章,硬件工程师(电源芯片方向),2026-08-28 15:50:13,2026-09-08,"广东省:深圳市,广东省:东莞市,北京市:朝阳区,上海市:徐汇区,江苏省:南京市",2026-09-08,19:00,20:30,【清】学生活动中心201,本科、硕士、博士,,,,https://careers.oppo.com/university/oppo/campus,https://jiuye.uestc.edu.cn/career/recruitment/onsite/fwf4woujsao2,verified,https://jiuye.uestc.edu.cn/career/recruitment/onsite,
5e7e7374f60a0527c7b0eda7528742091f90ac4a63556e16c7d0f03bdf19020c,2026-09-03 22:04:41,2026-09-03 22:04:41,现场招聘,OPPO广东移动通信有限公司,OPPO 2027届全球校园招聘简章,多媒体影像产品经理,2026-08-28 15:50:13,2026-09-08,"广东省:深圳市,广东省:东莞市,北京市:朝阳区,上海市:徐汇区,江苏省:南京市",2026-09-08,19:00,20:30,【清】学生活动中心201,本科、硕士、博士,,,,https://careers.oppo.com/university/oppo/campus,https://jiuye.uestc.edu.cn/career/recruitment/onsite/fwf4woujsao2,verified,https://jiuye.uestc.edu.cn/career/recruitment/onsite,
2b870c194b3472e17f0fdd8afb662f3428be6612ee40319812b20b1d917d13b3,2026-09-03 22:04:41,2026-09-03 22:04:41,现场招聘,OPPO广东移动通信有限公司,OPPO 2027届全球校园招聘简章,多媒体屏显产品经理,2026-08-28 15:50:13,2026-09-08,"广东省:深圳市,广东省:东莞市,北京市:朝阳区,上海市:徐汇区,江苏省:南京市",2026-09-08,19:00,20:30,【清】学生活动中心201,本科、硕士、博士,,,,https://careers.oppo.com/university/oppo/campus,https://jiuye.uestc.edu.cn/career/recruitment/onsite/fwf4woujsao2,verified,https://jiuye.uestc.edu.cn/career/recruitment/onsite,
95b5cb006e4578f4e57c812a5c8e911950f7ac41c766d98a8fa0f9a314e505ad,2026-09-03 22:04:41,2026-09-03 22:04:41,现场招聘,OPPO广东移动通信有限公司,OPPO 2027届全球校园招聘简章,健康产品经理,2026-08-28 15:50:13,2026-09-08,"广东省:深圳市,广东省:东莞市,北京市:朝阳区,上海市:徐汇区,江苏省:南京市",2026-09-08,19:00,20:30,【清】学生活动中心201,本科、硕士、博士,,,,https://careers.oppo.com/university/oppo/campus,https://jiuye.uestc.edu.cn/career/recruitment/onsite/fwf4woujsao2,verified,https://jiuye.uestc.edu.cn/career/recruitment/onsite,
42e3a1d3404a563522aa3a9f1b97bb66fd413beaf42c9e46c9e04aa21bacdc54,2026-09-03 22:04:41,2026-09-03 22:04:41,现场招聘,OPPO广东移动通信有限公司,OPPO 2027届全球校园招聘简章,互联网产品运营,2026-08-28 15:50:13,2026-09-08,"广东省:深圳市,广东省:东莞市,北京市:朝阳区,上海市:徐汇区,江苏省:南京市",2026-09-08,19:00,20:30,【清】学生活动中心201,本科、硕士、博士,,,,https://careers.oppo.com/university/oppo/campus,https://jiuye.uestc.edu.cn/career/recruitment/onsite/fwf4woujsao2,verified,https://jiuye.uestc.edu.cn/career/recruitment/onsite,
cf1959e3e7de35815405f6f61d75c4dbd808128c2e82178a3983ad633766c587,2026-09-03 22:04:41,2026-09-03 22:04:41,现场招聘,OPPO广东移动通信有限公司,OPPO 2027届全球校园招聘简章,互联网产品经理,2026-08-28 15:50:13,2026-09-08,"广东省:深圳市,广东省:东莞市,北京市:朝阳区,上海市:徐汇区,江苏省:南京市",2026-09-08,19:00,20:30,【清】学生活动中心201,本科、硕士、博士,,,,https://careers.oppo.com/university/oppo/campus,https://jiuye.uestc.edu.cn/career/recruitment/onsite/fwf4woujsao2,verified,https://jiuye.uestc.edu.cn/career/recruitment/onsite,
188d5261979276c644f99799fe4efdb61573ca3776f43fb189b6d2b7b8c5d63b,2026-09-03 22:04:41,2026-09-03 22:04:41,现场招聘,OPPO广东移动通信有限公司,OPPO 2027届全球校园招聘简章,互联网产品运营经理(游戏方向),2026-08-28 15:50:13,2026-09-08,"广东省:深圳市,广东省:东莞市,北京市:朝阳区,上海市:徐汇区,江苏省:南京市",2026-09-08,19:00,20:30,【清】学生活动中心201,本科、硕士、博士,,,,https://careers.oppo.com/university/oppo/campus,https://jiuye.uestc.edu.cn/career/recruitment/onsite/fwf4woujsao2,verified,https://jiuye.uestc.edu.cn/career/recruitment/onsite,
370f5e555732576f0a301c6f23ba6ff0f3f65d0611cd4b96c6680d2b6a57dd39,2026-09-03 22:04:41,2026-09-03 22:04:41,现场招聘,OPPO广东移动通信有限公司,OPPO 2027届全球校园招聘简章,互联网产品经理(游戏方向),2026-08-28 15:50:13,2026-09-08,"广东省:深圳市,广东省:东莞市,北京市:朝阳区,上海市:徐汇区,江苏省:南京市",2026-09-08,19:00,20:30,【清】学生活动中心201,本科、硕士、博士,,,,https://careers.oppo.com/university/oppo/campus,https://jiuye.uestc.edu.cn/career/recruitment/onsite/fwf4woujsao2,verified,https://jiuye.uestc.edu.cn/career/recruitment/onsite,
44dc52ab31286ccfc29de27ab1ee12086b7ffe67aad5a800e79156ad9b265be3,2026-09-03 22:04:41,2026-09-03 22:04:41,现场招聘,OPPO广东移动通信有限公司,OPPO 2027届全球校园招聘简章,Product Operation Manager,2026-08-28 15:50:13,2026-09-08,"广东省:深圳市,广东省:东莞市,北京市:朝阳区,上海市:徐汇区,江苏省:南京市",2026-09-08,19:00,20:30,【清】学生活动中心201,本科、硕士、博士,,,,https://careers.oppo.com/university/oppo/campus,https://jiuye.uestc.edu.cn/career/recruitment/onsite/fwf4woujsao2,verified,https://jiuye.uestc.edu.cn/career/recruitment/onsite,
538f941160427f54dd06c28bd6b399fc8ed1e40a7ff61cd57523f592b4638a02,2026-09-03 22:04:41,2026-09-03 22:04:41,现场招聘,OPPO广东移动通信有限公司,OPPO 2027届全球校园招聘简章,互联网产品经理(AI方向),2026-08-28 15:50:13,2026-09-08,"广东省:深圳市,广东省:东莞市,北京市:朝阳区,上海市:徐汇区,江苏省:南京市",2026-09-08,19:00,20:30,【清】学生活动中心201,本科、硕士、博士,,,,https://careers.oppo.com/university/oppo/campus,https://jiuye.uestc.edu.cn/career/recruitment/onsite/fwf4woujsao2,verified,https://jiuye.uestc.edu.cn/career/recruitment/onsite,
7ad00b9fc214106c4e130e0f4e84b07a66618b0e6cb66b3063a73af043d875fd,2026-09-03 22:04:41,2026-09-03 22:04:41,现场招聘,OPPO广东移动通信有限公司,OPPO 2027届全球校园招聘简章,软件产品经理,2026-08-28 15:50:13,2026-09-08,"广东省:深圳市,广东省:东莞市,北京市:朝阳区,上海市:徐汇区,江苏省:南京市",2026-09-08,19:00,20:30,【清】学生活动中心201,本科、硕士、博士,,,,https://careers.oppo.com/university/oppo/campus,https://jiuye.uestc.edu.cn/career/recruitment/onsite/fwf4woujsao2,verified,https://jiuye.uestc.edu.cn/career/recruitment/onsite,
1853711180fe1512e3cdc644b5d101262e38e665fe8793fb8c98b46581dd25cc,2026-09-03 22:04:41,2026-09-03 22:04:41,现场招聘,OPPO广东移动通信有限公司,OPPO 2027届全球校园招聘简章,用户研究经理,2026-08-28 15:50:13,2026-09-08,"广东省:深圳市,广东省:东莞市,北京市:朝阳区,上海市:徐汇区,江苏省:南京市",2026-09-08,19:00,20:30,【清】学生活动中心201,本科、硕士、博士,,,,https://careers.oppo.com/university/oppo/campus,https://jiuye.uestc.edu.cn/career/recruitment/onsite/fwf4woujsao2,verified,https://jiuye.uestc.edu.cn/career/recruitment/onsite,
f1ce99ded4374eb9934a07ca2c74e41f376c29233e55e8dfa0c14b537e9fbe65,2026-09-03 22:04:41,2026-09-03 22:04:41,现场招聘,OPPO广东移动通信有限公司,OPPO 2027届全球校园招聘简章,AI产品经理,2026-08-28 15:50:13,2026-09-08,"广东省:深圳市,广东省:东莞市,北京市:朝阳区,上海市:徐汇区,江苏省:南京市",2026-09-08,19:00,20:30,【清】学生活动中心201,本科、硕士、博士,,,,https://careers.oppo.com/university/oppo/campus,https://jiuye.uestc.edu.cn/career/recruitment/onsite/fwf4woujsao2,verified,https://jiuye.uestc.edu.cn/career/recruitment/onsite,
bc5288d12d8df3a25876e44c15c359e10b7fa1230abd575368247d5232868347,2026-09-03 22:04:41,2026-09-03 22:04:41,现场招聘,OPPO广东移动通信有限公司,OPPO 2027届全球校园招聘简章,智能制造工程师(IE方向),2026-08-28 15:50:13,2026-09-08,"广东省:深圳市,广东省:东莞市,北京市:朝阳区,上海市:徐汇区,江苏省:南京市",2026-09-08,19:00,20:30,【清】学生活动中心201,本科、硕士、博士,,,,https://careers.oppo.com/university/oppo/campus,https://jiuye.uestc.edu.cn/career/recruitment/onsite/fwf4woujsao2,verified,https://jiuye.uestc.edu.cn/career/recruitment/onsite,
28c3e600da1685ae945def6cb3e7791e5ce5451b7b3ea3a34edf942c38821c6a,2026-09-03 22:04:41,2026-09-03 22:04:41,现场招聘,OPPO广东移动通信有限公司,OPPO 2027届全球校园招聘简章,智能制造工程师(工艺方向),2026-08-28 15:50:13,2026-09-08,"广东省:深圳市,广东省:东莞市,北京市:朝阳区,上海市:徐汇区,江苏省:南京市",2026-09-08,19:00,20:30,【清】学生活动中心201,本科、硕士、博士,,,,https://careers.oppo.com/university/oppo/campus,https://jiuye.uestc.edu.cn/career/recruitment/onsite/fwf4woujsao2,verified,https://jiuye.uestc.edu.cn/career/recruitment/onsite,
c4aae3178c9b297c1d8c583a310f9cba1b4380c74318105d620145b1c30d7574,2026-09-03 22:04:41,2026-09-03 22:04:41,现场招聘,OPPO广东移动通信有限公司,OPPO 2027届全球校园招聘简章,智能制造工程师(质量方向),2026-08-28 15:50:13,2026-09-08,"广东省:深圳市,广东省:东莞市,北京市:朝阳区,上海市:徐汇区,江苏省:南京市",2026-09-08,19:00,20:30,【清】学生活动中心201,本科、硕士、博士,,,,https://careers.oppo.com/university/oppo/campus,https://jiuye.uestc.edu.cn/career/recruitment/onsite/fwf4woujsao2,verified,https://jiuye.uestc.edu.cn/career/recruitment/onsite,
932af4bf39350cbe537ac0b8c26a19e29d870b0cd7aa03911eaa98efa89ec5cc,2026-09-03 22:04:41,2026-09-03 22:04:41,现场招聘,OPPO广东移动通信有限公司,OPPO 2027届全球校园招聘简章,智能制造工程师(自动化方向),2026-08-28 15:50:13,2026-09-08,"广东省:深圳市,广东省:东莞市,北京市:朝阳区,上海市:徐汇区,江苏省:南京市",2026-09-08,19:00,20:30,【清】学生活动中心201,本科、硕士、博士,,,,https://careers.oppo.com/university/oppo/campus,https://jiuye.uestc.edu.cn/career/recruitment/onsite/fwf4woujsao2,verified,https://jiuye.uestc.edu.cn/career/recruitment/onsite,
f74cb2a29058e555b27b9c99f4b23e535c527fe14323ed692af304a866b1218d,2026-09-03 22:04:41,2026-09-03 22:04:41,现场招聘,OPPO广东移动通信有限公司,OPPO 2027届全球校园招聘简章,技术支持工程师,2026-08-28 15:50:13,2026-09-08,"广东省:深圳市,广东省:东莞市,北京市:朝阳区,上海市:徐汇区,江苏省:南京市",2026-09-08,19:00,20:30,【清】学生活动中心201,本科、硕士、博士,,,,https://careers.oppo.com/university/oppo/campus,https://jiuye.uestc.edu.cn/career/recruitment/onsite/fwf4woujsao2,verified,https://jiuye.uestc.edu.cn/career/recruitment/onsite,
9cb52a6c20af8e44b5328d6ca0650fbd24b18f4f17d19b380d5d6b894d5f14c9,2026-09-03 22:04:41,2026-09-03 22:04:41,现场招聘,OPPO广东移动通信有限公司,OPPO 2027届全球校园招聘简章,材料工程师(材料方向),2026-08-28 15:50:13,2026-09-08,"广东省:深圳市,广东省:东莞市,北京市:朝阳区,上海市:徐汇区,江苏省:南京市",2026-09-08,19:00,20:30,【清】学生活动中心201,本科、硕士、博士,,,,https://careers.oppo.com/university/oppo/campus,https://jiuye.uestc.edu.cn/career/recruitment/onsite/fwf4woujsao2,verified,https://jiuye.uestc.edu.cn/career/recruitment/onsite,
475f0754515cc820aaac89b47b9fd9ec6ac3976a54f917ca838790efd85af390,2026-09-03 22:04:41,2026-09-03 22:04:41,现场招聘,OPPO广东移动通信有限公司,OPPO 2027届全球校园招聘简章,计划经理,2026-08-28 15:50:13,2026-09-08,"广东省:深圳市,广东省:东莞市,北京市:朝阳区,上海市:徐汇区,江苏省:南京市",2026-09-08,19:00,20:30,【清】学生活动中心201,本科、硕士、博士,,,,https://careers.oppo.com/university/oppo/campus,https://jiuye.uestc.edu.cn/career/recruitment/onsite/fwf4woujsao2,verified,https://jiuye.uestc.edu.cn/career/recruitment/onsite,
d3c403b12a24f56f401cf6368260107ef24ef2d3cdafcc8a719a3ab64c7c3d57,2026-09-03 22:04:41,2026-09-03 22:04:41,现场招聘,OPPO广东移动通信有限公司,OPPO 2027届全球校园招聘简章,材料工程师(电子方向),2026-08-28 15:50:13,2026-09-08,"广东省:深圳市,广东省:东莞市,北京市:朝阳区,上海市:徐汇区,江苏省:南京市",2026-09-08,19:00,20:30,【清】学生活动中心201,本科、硕士、博士,,,,https://careers.oppo.com/university/oppo/campus,https://jiuye.uestc.edu.cn/career/recruitment/onsite/fwf4woujsao2,verified,https://jiuye.uestc.edu.cn/career/recruitment/onsite,
69b796e3c6d9e1b91d1ece454f7676faee1e232eb0b0e559e3abd88020e27f5b,2026-09-03 22:04:41,2026-09-03 22:04:41,现场招聘,OPPO广东移动通信有限公司,OPPO 2027届全球校园招聘简章,Product Marketing Manager,2026-08-28 15:50:13,2026-09-08,"广东省:深圳市,广东省:东莞市,北京市:朝阳区,上海市:徐汇区,江苏省:南京市",2026-09-08,19:00,20:30,【清】学生活动中心201,本科、硕士、博士,,,,https://careers.oppo.com/university/oppo/campus,https://jiuye.uestc.edu.cn/career/recruitment/onsite/fwf4woujsao2,verified,https://jiuye.uestc.edu.cn/career/recruitment/onsite,
9578a8e29a996dcbf4db28a09d208471a9bacf7eb413344f4097c7a22299e5fa,2026-09-03 22:04:41,2026-09-03 22:04:41,现场招聘,OPPO广东移动通信有限公司,OPPO 2027届全球校园招聘简章,产品营销经理(海外-小语种),2026-08-28 15:50:13,2026-09-08,"广东省:深圳市,广东省:东莞市,北京市:朝阳区,上海市:徐汇区,江苏省:南京市",2026-09-08,19:00,20:30,【清】学生活动中心201,本科、硕士、博士,,,,https://careers.oppo.com/university/oppo/campus,https://jiuye.uestc.edu.cn/career/recruitment/onsite/fwf4woujsao2,verified,https://jiuye.uestc.edu.cn/career/recruitment/onsite,
72d4fd7b82d94d669da3968797171086e6a478d8f3ce2d18ee509e5ffa1fa3c2,2026-09-03 22:04:41,2026-09-03 22:04:41,现场招聘,OPPO广东移动通信有限公司,OPPO 2027届全球校园招聘简章,媒介经理(海外-小语种),2026-08-28 15:50:13,2026-09-08,"广东省:深圳市,广东省:东莞市,北京市:朝阳区,上海市:徐汇区,江苏省:南京市",2026-09-08,19:00,20:30,【清】学生活动中心201,本科、硕士、博士,,,,https://careers.oppo.com/university/oppo/campus,https://jiuye.uestc.edu.cn/career/recruitment/onsite/fwf4woujsao2,verified,https://jiuye.uestc.edu.cn/career/recruitment/onsite,
c8d0071dcf940690abf3d2cea89a712048dff8d468712aed26d2ce25e258e348,2026-09-03 22:04:41,2026-09-03 22:04:41,现场招聘,OPPO广东移动通信有限公司,OPPO 2027届全球校园招聘简章,社媒运营经理(海外-小语种),2026-08-28 15:50:13,2026-09-08,"广东省:深圳市,广东省:东莞市,北京市:朝阳区,上海市:徐汇区,江苏省:南京市",2026-09-08,19:00,20:30,【清】学生活动中心201,本科、硕士、博士,,,,https://careers.oppo.com/university/oppo/campus,https://jiuye.uestc.edu.cn/career/recruitment/onsite/fwf4woujsao2,verified,https://jiuye.uestc.edu.cn/career/recruitment/onsite,
1c99e736f9650e28fe8b37069a2a453406ed5071b893dd0ebb1e2fc3cf0f3529,2026-09-03 22:04:41,2026-09-03 22:04:41,现场招聘,OPPO广东移动通信有限公司,OPPO 2027届全球校园招聘简章,营销策划经理 (非理工科类_手机方向),2026-08-28 15:50:13,2026-09-08,"广东省:深圳市,广东省:东莞市,北京市:朝阳区,上海市:徐汇区,江苏省:南京市",2026-09-08,19:00,20:30,【清】学生活动中心201,本科、硕士、博士,,,,https://careers.oppo.com/university/oppo/campus,https://jiuye.uestc.edu.cn/career/recruitment/onsite/fwf4woujsao2,verified,https://jiuye.uestc.edu.cn/career/recruitment/onsite,
eb51b2d4c5503610eb935d00b9620f6e524d3e876c8b0ab7b32a438f146d168d,2026-09-03 22:04:41,2026-09-03 22:04:41,现场招聘,OPPO广东移动通信有限公司,OPPO 2027届全球校园招聘简章,营销策划经理(理工科类_手机方向),2026-08-28 15:50:13,2026-09-08,"广东省:深圳市,广东省:东莞市,北京市:朝阳区,上海市:徐汇区,江苏省:南京市",2026-09-08,19:00,20:30,【清】学生活动中心201,本科、硕士、博士,,,,https://careers.oppo.com/university/oppo/campus,https://jiuye.uestc.edu.cn/career/recruitment/onsite/fwf4woujsao2,verified,https://jiuye.uestc.edu.cn/career/recruitment/onsite,
f364d1bdf59e25be14dd2aa0728baf868270185cf702f68f92d8e61bfb7a8bcd,2026-09-03 22:04:41,2026-09-03 22:04:41,现场招聘,OPPO广东移动通信有限公司,OPPO 2027届全球校园招聘简章,营销策划经理(软件产品方向),2026-08-28 15:50:13,2026-09-08,"广东省:深圳市,广东省:东莞市,北京市:朝阳区,上海市:徐汇区,江苏省:南京市",2026-09-08,19:00,20:30,【清】学生活动中心201,本科、硕士、博士,,,,https://careers.oppo.com/university/oppo/campus,https://jiuye.uestc.edu.cn/career/recruitment/onsite/fwf4woujsao2,verified,https://jiuye.uestc.edu.cn/career/recruitment/onsite,
713b163b233900a82b542b9aeb1791c4cdf077c6c257772c16be2074d1e2a54d,2026-09-03 22:04:41,2026-09-03 22:04:41,现场招聘,OPPO广东移动通信有限公司,OPPO 2027届全球校园招聘简章,影像效果设计师,2026-08-28 15:50:13,2026-09-08,"广东省:深圳市,广东省:东莞市,北京市:朝阳区,上海市:徐汇区,江苏省:南京市",2026-09-08,19:00,20:30,【清】学生活动中心201,本科、硕士、博士,,,,https://careers.oppo.com/university/oppo/campus,https://jiuye.uestc.edu.cn/career/recruitment/onsite/fwf4woujsao2,verified,https://jiuye.uestc.edu.cn/career/recruitment/onsite,
110bc101bd239f0df7b636a56f5b6936e6fa45e055c8c4eae27b983d65f7815f,2026-09-03 22:04:41,2026-09-03 22:04:41,现场招聘,OPPO广东移动通信有限公司,OPPO 2027届全球校园招聘简章,营销创意设计师,2026-08-28 15:50:13,2026-09-08,"广东省:深圳市,广东省:东莞市,北京市:朝阳区,上海市:徐汇区,江苏省:南京市",2026-09-08,19:00,20:30,【清】学生活动中心201,本科、硕士、博士,,,,https://careers.oppo.com/university/oppo/campus,https://jiuye.uestc.edu.cn/career/recruitment/onsite/fwf4woujsao2,verified,https://jiuye.uestc.edu.cn/career/recruitment/onsite,
fc41c92612c2db202d7a0579737e85e135b9e91f20af6e19f7c5c467b598bed2,2026-09-03 22:04:41,2026-09-03 22:04:41,现场招聘,OPPO广东移动通信有限公司,OPPO 2027届全球校园招聘简章,UI视觉设计师(软件产品方向),2026-08-28 15:50:13,2026-09-08,"广东省:深圳市,广东省:东莞市,北京市:朝阳区,上海市:徐汇区,江苏省:南京市",2026-09-08,19:00,20:30,【清】学生活动中心201,本科、硕士、博士,,,,https://careers.oppo.com/university/oppo/campus,https://jiuye.uestc.edu.cn/career/recruitment/onsite/fwf4woujsao2,verified,https://jiuye.uestc.edu.cn/career/recruitment/onsite,
1fd372e275b3d169771a11b8e36622e13a1f0bb81f495685fa702c97cc16c23a,2026-09-03 22:04:41,2026-09-03 22:04:41,现场招聘,OPPO广东移动通信有限公司,OPPO 2027届全球校园招聘简章,交互设计师,2026-08-28 15:50:13,2026-09-08,"广东省:深圳市,广东省:东莞市,北京市:朝阳区,上海市:徐汇区,江苏省:南京市",2026-09-08,19:00,20:30,【清】学生活动中心201,本科、硕士、博士,,,,https://careers.oppo.com/university/oppo/campus,https://jiuye.uestc.edu.cn/career/recruitment/onsite/fwf4woujsao2,verified,https://jiuye.uestc.edu.cn/career/recruitment/onsite,
17d8a621821bfdfcd6db701584bbfce0019c968b4a5773782b26f7a6c2df6d3a,2026-09-03 22:04:41,2026-09-03 22:04:41,现场招聘,OPPO广东移动通信有限公司,OPPO 2027届全球校园招聘简章,动效设计师,2026-08-28 15:50:13,2026-09-08,"广东省:深圳市,广东省:东莞市,北京市:朝阳区,上海市:徐汇区,江苏省:南京市",2026-09-08,19:00,20:30,【清】学生活动中心201,本科、硕士、博士,,,,https://careers.oppo.com/university/oppo/campus,https://jiuye.uestc.edu.cn/career/recruitment/onsite/fwf4woujsao2,verified,https://jiuye.uestc.edu.cn/career/recruitment/onsite,
dd566d4afe6ce4b8559efee21b26d4dfb3cbfd9edd6c123f8704b778d0474fc2,2026-09-03 22:04:41,2026-09-03 22:04:41,现场招聘,OPPO广东移动通信有限公司,OPPO 2027届全球校园招聘简章,Channel Manager,2026-08-28 15:50:13,2026-09-08,"广东省:深圳市,广东省:东莞市,北京市:朝阳区,上海市:徐汇区,江苏省:南京市",2026-09-08,19:00,20:30,【清】学生活动中心201,本科、硕士、博士,,,,https://careers.oppo.com/university/oppo/campus,https://jiuye.uestc.edu.cn/career/recruitment/onsite/fwf4woujsao2,verified,https://jiuye.uestc.edu.cn/career/recruitment/onsite,
bc10571b97cf46db69efb4f3587d7733f23f8fb7cef2e022a33600c064762fd5,2026-09-03 22:04:41,2026-09-03 22:04:41,现场招聘,OPPO广东移动通信有限公司,OPPO 2027届全球校园招聘简章,服务运营经理,2026-08-28 15:50:13,2026-09-08,"广东省:深圳市,广东省:东莞市,北京市:朝阳区,上海市:徐汇区,江苏省:南京市",2026-09-08,19:00,20:30,【清】学生活动中心201,本科、硕士、博士,,,,https://careers.oppo.com/university/oppo/campus,https://jiuye.uestc.edu.cn/career/recruitment/onsite/fwf4woujsao2,verified,https://jiuye.uestc.edu.cn/career/recruitment/onsite,
df0d6340164608eeeaaf89129d6a4c15083e0671ee05448fe9cc9b94201fa32e,2026-09-03 22:04:41,2026-09-03 22:04:41,现场招聘,OPPO广东移动通信有限公司,OPPO 2027届全球校园招聘简章,销售管理培训生(零售方向),2026-08-28 15:50:13,2026-09-08,"广东省:深圳市,广东省:东莞市,北京市:朝阳区,上海市:徐汇区,江苏省:南京市",2026-09-08,19:00,20:30,【清】学生活动中心201,本科、硕士、博士,,,,https://careers.oppo.com/university/oppo/campus,https://jiuye.uestc.edu.cn/career/recruitment/onsite/fwf4woujsao2,verified,https://jiuye.uestc.edu.cn/career/recruitment/onsite,
0da293b84d0d76d884aa7f610e0d609960cd0a39b36b01c1139eb066364d9e51,2026-09-03 22:04:41,2026-09-03 22:04:41,现场招聘,OPPO广东移动通信有限公司,OPPO 2027届全球校园招聘简章,销售管理培训生(渠道方向),2026-08-28 15:50:13,2026-09-08,"广东省:深圳市,广东省:东莞市,北京市:朝阳区,上海市:徐汇区,江苏省:南京市",2026-09-08,19:00,20:30,【清】学生活动中心201,本科、硕士、博士,,,,https://careers.oppo.com/university/oppo/campus,https://jiuye.uestc.edu.cn/career/recruitment/onsite/fwf4woujsao2,verified,https://jiuye.uestc.edu.cn/career/recruitment/onsite,
993cb1a8f62933c4899f468f1b491e9b65b7c27054d742de6c24d2c537b3c77b,2026-09-03 22:04:41,2026-09-03 22:04:41,现场招聘,OPPO广东移动通信有限公司,OPPO 2027届全球校园招聘简章,销售管理培训生(电商方向),2026-08-28 15:50:13,2026-09-08,"广东省:深圳市,广东省:东莞市,北京市:朝阳区,上海市:徐汇区,江苏省:南京市",2026-09-08,19:00,20:30,【清】学生活动中心201,本科、硕士、博士,,,,https://careers.oppo.com/university/oppo/campus,https://jiuye.uestc.edu.cn/career/recruitment/onsite/fwf4woujsao2,verified,https://jiuye.uestc.edu.cn/career/recruitment/onsite,
937956d90dbc1340a941b380b1a4b737b2f43520b583db90359b4854c45ec5a9,2026-09-03 22:04:41,2026-09-03 22:04:41,现场招聘,OPPO广东移动通信有限公司,OPPO 2027届全球校园招聘简章,广告客户运营经理,2026-08-28 15:50:13,2026-09-08,"广东省:深圳市,广东省:东莞市,北京市:朝阳区,上海市:徐汇区,江苏省:南京市",2026-09-08,19:00,20:30,【清】学生活动中心201,本科、硕士、博士,,,,https://careers.oppo.com/university/oppo/campus,https://jiuye.uestc.edu.cn/career/recruitment/onsite/fwf4woujsao2,verified,https://jiuye.uestc.edu.cn/career/recruitment/onsite,
7dff06387d2dc0d866735cbc44cfa4ca9406aade5919168b3a6b4fdc6b7fbb9a,2026-09-03 22:04:41,2026-09-03 22:04:41,现场招聘,OPPO广东移动通信有限公司,OPPO 2027届全球校园招聘简章,知识产权律师,2026-08-28 15:50:13,2026-09-08,"广东省:深圳市,广东省:东莞市,北京市:朝阳区,上海市:徐汇区,江苏省:南京市",2026-09-08,19:00,20:30,【清】学生活动中心201,本科、硕士、博士,,,,https://careers.oppo.com/university/oppo/campus,https://jiuye.uestc.edu.cn/career/recruitment/onsite/fwf4woujsao2,verified,https://jiuye.uestc.edu.cn/career/recruitment/onsite,
44dab5ddf9e5199b87f34b46dba7cd2cd1a2194b2d751692d67be58835ba29c6,2026-09-03 22:04:41,2026-09-03 22:04:41,现场招聘,OPPO广东移动通信有限公司,OPPO 2027届全球校园招聘简章,专利工程师,2026-08-28 15:50:13,2026-09-08,"广东省:深圳市,广东省:东莞市,北京市:朝阳区,上海市:徐汇区,江苏省:南京市",2026-09-08,19:00,20:30,【清】学生活动中心201,本科、硕士、博士,,,,https://careers.oppo.com/university/oppo/campus,https://jiuye.uestc.edu.cn/career/recruitment/onsite/fwf4woujsao2,verified,https://jiuye.uestc.edu.cn/career/recruitment/onsite,
dc78230a4e6c70dac9a2bc079734427b4a3bd29d040e64e9c818c0f24c013a12,2026-09-03 22:04:41,2026-09-03 22:04:41,现场招聘,OPPO广东移动通信有限公司,OPPO 2027届全球校园招聘简章,法务经理,2026-08-28 15:50:13,2026-09-08,"广东省:深圳市,广东省:东莞市,北京市:朝阳区,上海市:徐汇区,江苏省:南京市",2026-09-08,19:00,20:30,【清】学生活动中心201,本科、硕士、博士,,,,https://careers.oppo.com/university/oppo/campus,https://jiuye.uestc.edu.cn/career/recruitment/onsite/fwf4woujsao2,verified,https://jiuye.uestc.edu.cn/career/recruitment/onsite,
4c6f742f07ae6dcf350fe1e9f90a61fdd84d7e15e6742f5b025d2d1e3fc89b8d,2026-09-03 22:04:41,2026-09-03 22:04:41,现场招聘,OPPO广东移动通信有限公司,OPPO 2027届全球校园招聘简章,人力资源经理,2026-08-28 15:50:13,2026-09-08,"广东省:深圳市,广东省:东莞市,北京市:朝阳区,上海市:徐汇区,江苏省:南京市",2026-09-08,19:00,20:30,【清】学生活动中心201,本科、硕士、博士,,,,https://careers.oppo.com/university/oppo/campus,https://jiuye.uestc.edu.cn/career/recruitment/onsite/fwf4woujsao2,verified,https://jiuye.uestc.edu.cn/career/recruitment/onsite,
407f157776add1adce3c3213ad4fa3fdf7089a879b6acd853d697b8ea98b39f3,2026-09-03 22:04:41,2026-09-03 22:04:41,现场招聘,OPPO广东移动通信有限公司,OPPO 2027届全球校园招聘简章,高级天线工程师-博士,2026-08-28 15:50:13,2026-09-08,"广东省:深圳市,广东省:东莞市,北京市:朝阳区,上海市:徐汇区,江苏省:南京市",2026-09-08,19:00,20:30,【清】学生活动中心201,本科、硕士、博士,,,,https://careers.oppo.com/university/oppo/campus,https://jiuye.uestc.edu.cn/career/recruitment/onsite/fwf4woujsao2,verified,https://jiuye.uestc.edu.cn/career/recruitment/onsite,
7dc301caed74e7015bde29efda4f23bb8febfef1aba3a084aef92ec591dfa580,2026-09-03 22:04:41,2026-09-03 22:04:41,现场招聘,OPPO广东移动通信有限公司,OPPO 2027届全球校园招聘简章,高级计算机视觉算法开发工程师(camera方向)-博士,2026-08-28 15:50:13,2026-09-08,"广东省:深圳市,广东省:东莞市,北京市:朝阳区,上海市:徐汇区,江苏省:南京市",2026-09-08,19:00,20:30,【清】学生活动中心201,本科、硕士、博士,,,,https://careers.oppo.com/university/oppo/campus,https://jiuye.uestc.edu.cn/career/recruitment/onsite/fwf4woujsao2,verified,https://jiuye.uestc.edu.cn/career/recruitment/onsite,
9a2da6b6a5b2df01f545ab66a1820774c3705291596ddce36da95a954e5cdbc6,2026-09-03 22:04:41,2026-09-03 22:04:41,现场招聘,OPPO广东移动通信有限公司,OPPO 2027届全球校园招聘简章,高级影像硬件工程师-博士,2026-08-28 15:50:13,2026-09-08,"广东省:深圳市,广东省:东莞市,北京市:朝阳区,上海市:徐汇区,江苏省:南京市",2026-09-08,19:00,20:30,【清】学生活动中心201,本科、硕士、博士,,,,https://careers.oppo.com/university/oppo/campus,https://jiuye.uestc.edu.cn/career/recruitment/onsite/fwf4woujsao2,verified,https://jiuye.uestc.edu.cn/career/recruitment/onsite,
395d765db1a2a841060ba2f37aa589d3b5b02c75ddbc8da750a9e9efcb119312,2026-09-03 22:04:41,2026-09-03 22:04:41,现场招聘,OPPO广东移动通信有限公司,OPPO 2027届全球校园招聘简章,高级材料工程师-博士,2026-08-28 15:50:13,2026-09-08,"广东省:深圳市,广东省:东莞市,北京市:朝阳区,上海市:徐汇区,江苏省:南京市",2026-09-08,19:00,20:30,【清】学生活动中心201,本科、硕士、博士,,,,https://careers.oppo.com/university/oppo/campus,https://jiuye.uestc.edu.cn/career/recruitment/onsite/fwf4woujsao2,verified,https://jiuye.uestc.edu.cn/career/recruitment/onsite,
705cf0192dd52a4067e6e2ddf766380cc200c141057ccde15b3d6aab00d2124f,2026-09-03 22:04:41,2026-09-03 22:04:41,现场招聘,OPPO广东移动通信有限公司,OPPO 2027届全球校园招聘简章,高级CAE工程师-博士,2026-08-28 15:50:13,2026-09-08,"广东省:深圳市,广东省:东莞市,北京市:朝阳区,上海市:徐汇区,江苏省:南京市",2026-09-08,19:00,20:30,【清】学生活动中心201,本科、硕士、博士,,,,https://careers.oppo.com/university/oppo/campus,https://jiuye.uestc.edu.cn/career/recruitment/onsite/fwf4woujsao2,verified,https://jiuye.uestc.edu.cn/career/recruitment/onsite,
528eb8683c6b6f1fcd04b9f44a913d8a5389771c2d726680b0882d9b03b78338,2026-09-03 22:04:41,2026-09-03 22:04:41,现场招聘,OPPO广东移动通信有限公司,OPPO 2027届全球校园招聘简章,高级屏显算法工程师-博士,2026-08-28 15:50:13,2026-09-08,"广东省:深圳市,广东省:东莞市,北京市:朝阳区,上海市:徐汇区,江苏省:南京市",2026-09-08,19:00,20:30,【清】学生活动中心201,本科、硕士、博士,,,,https://careers.oppo.com/university/oppo/campus,https://jiuye.uestc.edu.cn/career/recruitment/onsite/fwf4woujsao2,verified,https://jiuye.uestc.edu.cn/career/recruitment/onsite,
ba6944f8b036ba6a494f90ed249ff86f1ef2e4a4a6b2a13549e2b690112c1cec,2026-09-03 22:04:41,2026-09-03 22:04:41,现场招聘,OPPO广东移动通信有限公司,OPPO 2027届全球校园招聘简章,高级影像算法工程师-博士,2026-08-28 15:50:13,2026-09-08,"广东省:深圳市,广东省:东莞市,北京市:朝阳区,上海市:徐汇区,江苏省:南京市",2026-09-08,19:00,20:30,【清】学生活动中心201,本科、硕士、博士,,,,https://careers.oppo.com/university/oppo/campus,https://jiuye.uestc.edu.cn/career/recruitment/onsite/fwf4woujsao2,verified,https://jiuye.uestc.edu.cn/career/recruitment/onsite,
7e3be5191c1378ee866ee2d69960c2e5ce2ac250341954689664148eed8186cb,2026-09-03 22:04:41,2026-09-03 22:04:41,现场招聘,OPPO广东移动通信有限公司,OPPO 2027届全球校园招聘简章,高级传感器工程师(健康方向)-博士,2026-08-28 15:50:13,2026-09-08,"广东省:深圳市,广东省:东莞市,北京市:朝阳区,上海市:徐汇区,江苏省:南京市",2026-09-08,19:00,20:30,【清】学生活动中心201,本科、硕士、博士,,,,https://careers.oppo.com/university/oppo/campus,https://jiuye.uestc.edu.cn/career/recruitment/onsite/fwf4woujsao2,verified,https://jiuye.uestc.edu.cn/career/recruitment/onsite,
ec65b50558caf8520e762d5bda9693af04bfb9b1e09c7edeb557894ad5c9c709,2026-09-03 22:04:41,2026-09-03 22:04:41,现场招聘,OPPO广东移动通信有限公司,OPPO 2027届全球校园招聘简章,高级AI研究员(内容生成推荐智能体)-博士,2026-08-28 15:50:13,2026-09-08,"广东省:深圳市,广东省:东莞市,北京市:朝阳区,上海市:徐汇区,江苏省:南京市",2026-09-08,19:00,20:30,【清】学生活动中心201,本科、硕士、博士,,,,https://careers.oppo.com/university/oppo/campus,https://jiuye.uestc.edu.cn/career/recruitment/onsite/fwf4woujsao2,verified,https://jiuye.uestc.edu.cn/career/recruitment/onsite,
07cdd1f6e8f21038086094fd5207d7795ba5d69976b7dfd708a8f7c89783d6df,2026-09-03 22:04:41,2026-09-03 22:04:41,现场招聘,OPPO广东移动通信有限公司,OPPO 2027届全球校园招聘简章,高级AI研究员(AI多模态智能体)-博士,2026-08-28 15:50:13,2026-09-08,"广东省:深圳市,广东省:东莞市,北京市:朝阳区,上海市:徐汇区,江苏省:南京市",2026-09-08,19:00,20:30,【清】学生活动中心201,本科、硕士、博士,,,,https://careers.oppo.com/university/oppo/campus,https://jiuye.uestc.edu.cn/career/recruitment/onsite/fwf4woujsao2,verified,https://jiuye.uestc.edu.cn/career/recruitment/onsite,
4bb8d730ca086fd6a1f7b3118b870bc592119a1bc131019bc016c8e3e12835ad,2026-09-03 22:04:41,2026-09-03 22:04:41,现场招聘,OPPO广东移动通信有限公司,OPPO 2027届全球校园招聘简章,高级AI研究员(Silent Speech方向)-博士,2026-08-28 15:50:13,2026-09-08,"广东省:深圳市,广东省:东莞市,北京市:朝阳区,上海市:徐汇区,江苏省:南京市",2026-09-08,19:00,20:30,【清】学生活动中心201,本科、硕士、博士,,,,https://careers.oppo.com/university/oppo/campus,https://jiuye.uestc.edu.cn/career/recruitment/onsite/fwf4woujsao2,verified,https://jiuye.uestc.edu.cn/career/recruitment/onsite,
32af51b86a7be01715777bc31867be72cce25bf6b6ba6217b15710d98e58ab1e,2026-09-03 22:04:41,2026-09-03 22:04:41,现场招聘,OPPO广东移动通信有限公司,OPPO 2027届全球校园招聘简章,高级AI研究员(AI智能体)-博士,2026-08-28 15:50:13,2026-09-08,"广东省:深圳市,广东省:东莞市,北京市:朝阳区,上海市:徐汇区,江苏省:南京市",2026-09-08,19:00,20:30,【清】学生活动中心201,本科、硕士、博士,,,,https://careers.oppo.com/university/oppo/campus,https://jiuye.uestc.edu.cn/career/recruitment/onsite/fwf4woujsao2,verified,https://jiuye.uestc.edu.cn/career/recruitment/onsite,
4df5931a02c239ec99de0fbe0537d9c14cc0a544516ab9e233a952c325e5f402,2026-09-03 22:04:41,2026-09-03 22:04:41,现场招聘,OPPO广东移动通信有限公司,OPPO 2027届全球校园招聘简章,高级健康算法工程师-博士,2026-08-28 15:50:13,2026-09-08,"广东省:深圳市,广东省:东莞市,北京市:朝阳区,上海市:徐汇区,江苏省:南京市",2026-09-08,19:00,20:30,【清】学生活动中心201,本科、硕士、博士,,,,https://careers.oppo.com/university/oppo/campus,https://jiuye.uestc.edu.cn/career/recruitment/onsite/fwf4woujsao2,verified,https://jiuye.uestc.edu.cn/career/recruitment/onsite,
7a0d9a7dd1e8b5fed0a6861e09ecb65102667a1a45a91c3c060ba9d20e4e9a3b,2026-09-03 22:04:41,2026-09-03 22:04:41,现场招聘,OPPO广东移动通信有限公司,OPPO 2027届全球校园招聘简章,高级生物医学工程师-博士,2026-08-28 15:50:13,2026-09-08,"广东省:深圳市,广东省:东莞市,北京市:朝阳区,上海市:徐汇区,江苏省:南京市",2026-09-08,19:00,20:30,【清】学生活动中心201,本科、硕士、博士,,,,https://careers.oppo.com/university/oppo/campus,https://jiuye.uestc.edu.cn/career/recruitment/onsite/fwf4woujsao2,verified,https://jiuye.uestc.edu.cn/career/recruitment/onsite,
0c52786653d27dc4fa8c2ecfd1394b92b1655dbf8ebe5d42bff2ce28dff5cb77,2026-09-03 22:04:41,2026-09-03 22:04:41,现场招聘,OPPO广东移动通信有限公司,OPPO 2027届全球校园招聘简章,高级AI研究员(智能体记忆和检索)-博士,2026-08-28 15:50:13,2026-09-08,"广东省:深圳市,广东省:东莞市,北京市:朝阳区,上海市:徐汇区,江苏省:南京市",2026-09-08,19:00,20:30,【清】学生活动中心201,本科、硕士、博士,,,,https://careers.oppo.com/university/oppo/campus,https://jiuye.uestc.edu.cn/career/recruitment/onsite/fwf4woujsao2,verified,https://jiuye.uestc.edu.cn/career/recruitment/onsite,
2cd0a749dc48fa0119fa5a1e973e9f59a1b3344b21e3a33bde3b67c2bef0bbde,2026-09-03 22:04:41,2026-09-03 22:04:41,现场招聘,OPPO广东移动通信有限公司,OPPO 2027届全球校园招聘简章,高级通信标准研究员-博士,2026-08-28 15:50:13,2026-09-08,"广东省:深圳市,广东省:东莞市,北京市:朝阳区,上海市:徐汇区,江苏省:南京市",2026-09-08,19:00,20:30,【清】学生活动中心201,本科、硕士、博士,,,,https://careers.oppo.com/university/oppo/campus,https://jiuye.uestc.edu.cn/career/recruitment/onsite/fwf4woujsao2,verified,https://jiuye.uestc.edu.cn/career/recruitment/onsite,
cd3083e582eef8e94af46667f90f75377b3976c90c2aef6e5885b11c4f4bdf5b,2026-09-03 22:04:41,2026-09-03 22:04:41,现场招聘,OPPO广东移动通信有限公司,OPPO 2027届全球校园招聘简章,高级大模型算法工程师-博士,2026-08-28 15:50:13,2026-09-08,"广东省:深圳市,广东省:东莞市,北京市:朝阳区,上海市:徐汇区,江苏省:南京市",2026-09-08,19:00,20:30,【清】学生活动中心201,本科、硕士、博士,,,,https://careers.oppo.com/university/oppo/campus,https://jiuye.uestc.edu.cn/career/recruitment/onsite/fwf4woujsao2,verified,https://jiuye.uestc.edu.cn/career/recruitment/onsite,
4c7473bcf8e1bdbe54162ce081db01ea799656674f0b76b3b6838c3443f5777a,2026-09-03 22:04:41,2026-09-03 22:04:41,现场招聘,OPPO广东移动通信有限公司,OPPO 2027届全球校园招聘简章,高级算法测试开发工程师-博士,2026-08-28 15:50:13,2026-09-08,"广东省:深圳市,广东省:东莞市,北京市:朝阳区,上海市:徐汇区,江苏省:南京市",2026-09-08,19:00,20:30,【清】学生活动中心201,本科、硕士、博士,,,,https://careers.oppo.com/university/oppo/campus,https://jiuye.uestc.edu.cn/career/recruitment/onsite/fwf4woujsao2,verified,https://jiuye.uestc.edu.cn/career/recruitment/onsite,
994723d841b63cb0afdd622c2f8e00a82ecccfdb3fd4b738d2e3d706e4873105,2026-09-03 22:04:41,2026-09-03 22:04:41,现场招聘,OPPO广东移动通信有限公司,OPPO 2027届全球校园招聘简章,高级多模态算法工程师-博士,2026-08-28 15:50:13,2026-09-08,"广东省:深圳市,广东省:东莞市,北京市:朝阳区,上海市:徐汇区,江苏省:南京市",2026-09-08,19:00,20:30,【清】学生活动中心201,本科、硕士、博士,,,,https://careers.oppo.com/university/oppo/campus,https://jiuye.uestc.edu.cn/career/recruitment/onsite/fwf4woujsao2,verified,https://jiuye.uestc.edu.cn/career/recruitment/onsite,
08700bc0e8f71b65525792773d75c85dafab70ae9f24fa035b4cd752635eaefe,2026-09-03 22:04:41,2026-09-03 22:04:41,现场招聘,OPPO广东移动通信有限公司,OPPO 2027届全球校园招聘简章,高级多模态算法工程师(理解方向)-博士,2026-08-28 15:50:13,2026-09-08,"广东省:深圳市,广东省:东莞市,北京市:朝阳区,上海市:徐汇区,江苏省:南京市",2026-09-08,19:00,20:30,【清】学生活动中心201,本科、硕士、博士,,,,https://careers.oppo.com/university/oppo/campus,https://jiuye.uestc.edu.cn/career/recruitment/onsite/fwf4woujsao2,verified,https://jiuye.uestc.edu.cn/career/recruitment/onsite,
eba64dda55124107d9996d1e6748f3a89b5e0781c6d796ebfc2b569c1487ef37,2026-09-03 22:04:41,2026-09-03 22:04:41,现场招聘,OPPO广东移动通信有限公司,OPPO 2027届全球校园招聘简章,高级NLP算法工程师(预训练模型及轻量化方向)-博士,2026-08-28 15:50:13,2026-09-08,"广东省:深圳市,广东省:东莞市,北京市:朝阳区,上海市:徐汇区,江苏省:南京市",2026-09-08,19:00,20:30,【清】学生活动中心201,本科、硕士、博士,,,,https://careers.oppo.com/university/oppo/campus,https://jiuye.uestc.edu.cn/career/recruitment/onsite/fwf4woujsao2,verified,https://jiuye.uestc.edu.cn/career/recruitment/onsite,
b98e4701fe6a44f96913c8de2d9d0338a764fdeab3647b6bb4233b6e7d6a3c82,2026-09-03 22:04:41,2026-09-03 22:04:41,现场招聘,OPPO广东移动通信有限公司,OPPO 2027届全球校园招聘简章,高级多媒体算法工程师-博士,2026-08-28 15:50:13,2026-09-08,"广东省:深圳市,广东省:东莞市,北京市:朝阳区,上海市:徐汇区,江苏省:南京市",2026-09-08,19:00,20:30,【清】学生活动中心201,本科、硕士、博士,,,,https://careers.oppo.com/university/oppo/campus,https://jiuye.uestc.edu.cn/career/recruitment/onsite/fwf4woujsao2,verified,https://jiuye.uestc.edu.cn/career/recruitment/onsite,
64595b2b4cbd6b114f3b486a1b98885177201c1e3e238223d63cf417b30203ee,2026-09-03 22:04:41,2026-09-03 22:04:41,现场招聘,OPPO广东移动通信有限公司,OPPO 2027届全球校园招聘简章,高级安全算法工程师-博士,2026-08-28 15:50:13,2026-09-08,"广东省:深圳市,广东省:东莞市,北京市:朝阳区,上海市:徐汇区,江苏省:南京市",2026-09-08,19:00,20:30,【清】学生活动中心201,本科、硕士、博士,,,,https://careers.oppo.com/university/oppo/campus,https://jiuye.uestc.edu.cn/career/recruitment/onsite/fwf4woujsao2,verified,https://jiuye.uestc.edu.cn/career/recruitment/onsite,
cfcf2ba9b789bdee4f087626d8b2247157b44dba18a205f60a48dc1257c5bcdb,2026-09-03 22:04:41,2026-09-03 22:04:41,现场招聘,美的集团股份有限公司,,【空中宣讲】美的集团2027届秋招空中宣讲会,2026-08-31 15:39:15,2026-09-08,其他(具体查看招聘信息),2026-09-08,19:00,,,本科、硕士、博士,,,,,https://jiuye.uestc.edu.cn/career/recruitment/aerial/fwtey4v3394x,verified,https://jiuye.uestc.edu.cn/career/recruitment/aerial,
85ce699094ac91635cbd178e85ad5aafe2359bb7e6af3c49025e31d55493902f,2026-09-03 22:04:41,2026-09-03 22:04:41,现场招聘,中国铁建高新装备股份有限公司,,研发类储备,2026-08-29 15:10:49,2026-09-08,昆明/北京,2026-09-08,19:30,20:00,【清】品学楼B109,本科、硕士、博士,,,,,https://jiuye.uestc.edu.cn/career/recruitment/onsite/fwm1yqevwmbl,verified,https://jiuye.uestc.edu.cn/career/recruitment/onsite,
e1888fec67358c7e0e86ea80ecda7dc270c1ee13d04396bbc0db0d0826810e29,2026-09-03 22:04:41,2026-09-03 22:04:41,现场招聘,中国铁建高新装备股份有限公司,,管理类储备,2026-08-29 15:10:49,2026-09-08,昆明,2026-09-08,19:30,20:00,【清】品学楼B109,本科、硕士、博士,,,,,https://jiuye.uestc.edu.cn/career/recruitment/onsite/fwm1yqevwmbl,verified,https://jiuye.uestc.edu.cn/career/recruitment/onsite,
2d6bc34f46ba14ae014ddbbbfb01075d5fc8ef2aa7b2cd5e82267d3a9a450072,2026-09-03 22:04:41,2026-09-03 22:04:41,现场招聘,中国铁建高新装备股份有限公司,,技术类储备,2026-08-29 15:10:49,2026-09-08,昆明/北京/河南平顶山,2026-09-08,19:30,20:00,【清】品学楼B109,本科、硕士、博士,,,,,https://jiuye.uestc.edu.cn/career/recruitment/onsite/fwm1yqevwmbl,verified,https://jiuye.uestc.edu.cn/career/recruitment/onsite,
0583f7c6496bff638da37766f70f55083cff369bb7634ee42bf224eb67b17d83,2026-09-03 22:04:41,2026-09-03 22:04:41,现场招聘,宏晶微电子科技股份有限公司,,未明确列出,2026-09-02 17:59:58,2026-09-08,安徽省:合肥市,2026-09-08,19:30,21:00,【清】品学楼B205,本科、硕士、博士,,,,,https://jiuye.uestc.edu.cn/career/recruitment/onsite/fwzvwo4co5xd,verified,https://jiuye.uestc.edu.cn/career/recruitment/onsite,
939947d61bbf792f642547c85f3e0e9db710be404b74c0d5354ea3d80a9a48c3,2026-09-03 22:04:41,2026-09-03 22:04:41,现场招聘,山东核电有限公司,2027年校园招聘简章,运行岗,2026-08-28 17:05:53,2026-09-08,其他(具体查看招聘信息),2026-09-08,19:30,21:00,【清】立人楼B117,硕士、本科,,,,https://xyz.51job.com/External/Apply.aspx?CtmID=8847643,https://jiuye.uestc.edu.cn/career/recruitment/onsite/fwfidn3m8xz5,verified,https://jiuye.uestc.edu.cn/career/recruitment/onsite,
a63bceae0066b2e6e0e3d7b242f9af348da10cd05d30e5ae7793eb26b128f8b8,2026-09-03 22:04:41,2026-09-03 22:04:41,现场招聘,山东核电有限公司,2027年校园招聘简章,生产岗(非运行),2026-08-28 17:05:53,2026-09-08,其他(具体查看招聘信息),2026-09-08,19:30,21:00,【清】立人楼B117,硕士、本科,,,,https://xyz.51job.com/External/Apply.aspx?CtmID=8847643,https://jiuye.uestc.edu.cn/career/recruitment/onsite/fwfidn3m8xz5,verified,https://jiuye.uestc.edu.cn/career/recruitment/onsite,
a86ce24504493b43b71ae0ca73e1ca9cc63bdb1cc5fa03d372698389c203fc15,2026-09-03 22:04:41,2026-09-03 22:04:41,现场招聘,山东核电有限公司,2027年校园招聘简章,安全、质量管理岗,2026-08-28 17:05:53,2026-09-08,其他(具体查看招聘信息),2026-09-08,19:30,21:00,【清】立人楼B117,硕士、本科,,,,https://xyz.51job.com/External/Apply.aspx?CtmID=8847643,https://jiuye.uestc.edu.cn/career/recruitment/onsite/fwfidn3m8xz5,verified,https://jiuye.uestc.edu.cn/career/recruitment/onsite,
c491d3f7e6b0d9b3c4921c92f5f7cedb7262c956cc5e2f0e579749e48928ae5c,2026-09-03 22:04:41,2026-09-03 22:04:41,现场招聘,山东核电有限公司,2027年校园招聘简章,财务、审计岗,2026-08-28 17:05:53,2026-09-08,其他(具体查看招聘信息),2026-09-08,19:30,21:00,【清】立人楼B117,硕士、本科,,,,https://xyz.51job.com/External/Apply.aspx?CtmID=8847643,https://jiuye.uestc.edu.cn/career/recruitment/onsite/fwfidn3m8xz5,verified,https://jiuye.uestc.edu.cn/career/recruitment/onsite,
99d548560866b22f9d88e3c67bea73dab519133832b5ae893773fba71072e0e7,2026-09-03 22:04:41,2026-09-03 22:04:41,现场招聘,山东核电有限公司,2027年校园招聘简章,工程、设计岗,2026-08-28 17:05:53,2026-09-08,其他(具体查看招聘信息),2026-09-08,19:30,21:00,【清】立人楼B117,硕士、本科,,,,https://xyz.51job.com/External/Apply.aspx?CtmID=8847643,https://jiuye.uestc.edu.cn/career/recruitment/onsite/fwfidn3m8xz5,verified,https://jiuye.uestc.edu.cn/career/recruitment/onsite,
efe43e4e9826de2483d1448b527bf7e3189c601180a4f1fe07a41a75311eacc6,2026-09-03 22:04:41,2026-09-03 22:04:41,现场招聘,山东核电有限公司,2027年校园招聘简章,电力市场营销岗,2026-08-28 17:05:53,2026-09-08,其他(具体查看招聘信息),2026-09-08,19:30,21:00,【清】立人楼B117,硕士、本科,,,,https://xyz.51job.com/External/Apply.aspx?CtmID=8847643,https://jiuye.uestc.edu.cn/career/recruitment/onsite/fwfidn3m8xz5,verified,https://jiuye.uestc.edu.cn/career/recruitment/onsite,
447d2271a0b4a4a97c38b98fb713320717bc0c6aca4977fcc029906026b09775,2026-09-03 22:04:41,2026-09-03 22:04:41,现场招聘,山东核电有限公司,2027年校园招聘简章,计划、经营岗,2026-08-28 17:05:53,2026-09-08,其他(具体查看招聘信息),2026-09-08,19:30,21:00,【清】立人楼B117,硕士、本科,,,,https://xyz.51job.com/External/Apply.aspx?CtmID=8847643,https://jiuye.uestc.edu.cn/career/recruitment/onsite/fwfidn3m8xz5,verified,https://jiuye.uestc.edu.cn/career/recruitment/onsite,
f6af35354decbea35433e9a5cf1b2bcd5264376889d595d42fc4a4a5b336519a,2026-09-03 22:04:41,2026-09-03 22:04:41,现场招聘,山东核电有限公司,2027年校园招聘简章,党建、行政、人资岗,2026-08-28 17:05:53,2026-09-08,其他(具体查看招聘信息),2026-09-08,19:30,21:00,【清】立人楼B117,硕士、本科,,,,https://xyz.51job.com/External/Apply.aspx?CtmID=8847643,https://jiuye.uestc.edu.cn/career/recruitment/onsite/fwfidn3m8xz5,verified,https://jiuye.uestc.edu.cn/career/recruitment/onsite,
364718cd6a9fc33b38a0594cd616424a301d297b66a3c76ccdac6f6917d6f779,2026-09-03 22:04:41,2026-09-03 22:04:41,现场招聘,新石器慧通科技股份有限公司,,未明确列出,2026-08-28 16:17:31,2026-09-08,"北京市:海淀区,上海市:长宁区,浙江省:杭州市,广东省:深圳市",2026-09-08,19:30,21:00,【清】立人楼B118,本科、硕士、博士,,,,https://r3c0qt6yjw.jobs.feishu.cn/campus,https://jiuye.uestc.edu.cn/career/recruitment/onsite/fwhscttsds76,verified,https://jiuye.uestc.edu.cn/career/recruitment/onsite,
d52851883050e0de838a1dffb190152d0e051a2d07e5edeadd0cb72c4f835101,2026-09-03 22:04:41,2026-09-03 22:04:41,现场招聘,深圳市康冠科技股份有限公司,康冠科技2027届秋季校园招聘简章,高级音频算法工程师,2026-08-28 16:46:50,2026-09-08,"广东省:深圳市,广东省:惠州市",2026-09-08,19:30,21:00,【清】立人楼B120,博士研究生,,,,https://careerktc.zhiye.com/campus,https://jiuye.uestc.edu.cn/career/recruitment/onsite/fwj24mw56qdd,verified,https://jiuye.uestc.edu.cn/career/recruitment/onsite,
62fd8ea6b748158c45c3894630eddbb5dde83cbe195fb2199a6fe3e1afd6baf5,2026-09-03 22:04:41,2026-09-03 22:04:41,现场招聘,深圳市康冠科技股份有限公司,康冠科技2027届秋季校园招聘简章,音频算法工程师,2026-08-28 16:46:50,2026-09-08,"广东省:深圳市,广东省:惠州市",2026-09-08,19:30,21:00,【清】立人楼B120,硕士及以上学历,,,,https://careerktc.zhiye.com/campus,https://jiuye.uestc.edu.cn/career/recruitment/onsite/fwj24mw56qdd,verified,https://jiuye.uestc.edu.cn/career/recruitment/onsite,
a96d0e86b26f0a9ffea264335b9cfd8fb41333bdd1aaa2676c5b6afdfc47ec28,2026-09-03 22:04:41,2026-09-03 22:04:41,现场招聘,深圳市康冠科技股份有限公司,康冠科技2027届秋季校园招聘简章,AI算法工程师,2026-08-28 16:46:50,2026-09-08,"广东省:深圳市,广东省:惠州市",2026-09-08,19:30,21:00,【清】立人楼B120,硕士及以上学历,,,,https://careerktc.zhiye.com/campus,https://jiuye.uestc.edu.cn/career/recruitment/onsite/fwj24mw56qdd,verified,https://jiuye.uestc.edu.cn/career/recruitment/onsite,
22db4df8034afeb90dcdff528710f0d5e34fda1816cee58cff937779dac72ba3,2026-09-03 22:04:41,2026-09-03 22:04:41,现场招聘,深圳市康冠科技股份有限公司,康冠科技2027届秋季校园招聘简章,Agent工程师,2026-08-28 16:46:50,2026-09-08,"广东省:深圳市,广东省:惠州市",2026-09-08,19:30,21:00,【清】立人楼B120,硕士及以上学历,,,,https://careerktc.zhiye.com/campus,https://jiuye.uestc.edu.cn/career/recruitment/onsite/fwj24mw56qdd,verified,https://jiuye.uestc.edu.cn/career/recruitment/onsite,
f6c864800371457c3e4d31a265b2061b990244b75188a9ee22094e6996d35ce5,2026-09-03 22:04:41,2026-09-03 22:04:41,现场招聘,深圳市康冠科技股份有限公司,康冠科技2027届秋季校园招聘简章,嵌入式软件开发工程师,2026-08-28 16:46:50,2026-09-08,"广东省:深圳市,广东省:惠州市",2026-09-08,19:30,21:00,【清】立人楼B120,本科及以上学历,,,,https://careerktc.zhiye.com/campus,https://jiuye.uestc.edu.cn/career/recruitment/onsite/fwj24mw56qdd,verified,https://jiuye.uestc.edu.cn/career/recruitment/onsite,
df13ceaf5aa995308eca20d32cd145dac6e8bcef6d0a367521b83d65e94586d8,2026-09-03 22:04:41,2026-09-03 22:04:41,现场招聘,深圳市康冠科技股份有限公司,康冠科技2027届秋季校园招聘简章,Android应用开发工程师,2026-08-28 16:46:50,2026-09-08,"广东省:深圳市,广东省:惠州市",2026-09-08,19:30,21:00,【清】立人楼B120,本科及以上学历,,,,https://careerktc.zhiye.com/campus,https://jiuye.uestc.edu.cn/career/recruitment/onsite/fwj24mw56qdd,verified,https://jiuye.uestc.edu.cn/career/recruitment/onsite,
36fb8f0e7d3d98ba662e12e08cbc74d600bbfd532aed348f79d7da0065a6fc16,2026-09-03 22:04:41,2026-09-03 22:04:41,现场招聘,深圳市康冠科技股份有限公司,康冠科技2027届秋季校园招聘简章,Android系统开发工程师,2026-08-28 16:46:50,2026-09-08,"广东省:深圳市,广东省:惠州市",2026-09-08,19:30,21:00,【清】立人楼B120,本科及以上学历,,,,https://careerktc.zhiye.com/campus,https://jiuye.uestc.edu.cn/career/recruitment/onsite/fwj24mw56qdd,verified,https://jiuye.uestc.edu.cn/career/recruitment/onsite,
57c337b7822a70aac70f6ed2de0cac87a6b0b1fe10f2c35e5ecec36001a56888,2026-09-03 22:04:41,2026-09-03 22:04:41,现场招聘,深圳市康冠科技股份有限公司,康冠科技2027届秋季校园招聘简章,软件工程师,2026-08-28 16:46:50,2026-09-08,"广东省:深圳市,广东省:惠州市",2026-09-08,19:30,21:00,【清】立人楼B120,本科及以上学历,,,,https://careerktc.zhiye.com/campus,https://jiuye.uestc.edu.cn/career/recruitment/onsite/fwj24mw56qdd,verified,https://jiuye.uestc.edu.cn/career/recruitment/onsite,
5c0ee3a7432cb3d99679a126adbf891c0c27d835fdfdcfd80d16e6729d5927c0,2026-09-03 22:04:41,2026-09-03 22:04:41,现场招聘,深圳市康冠科技股份有限公司,康冠科技2027届秋季校园招聘简章,Linux驱动开发工程师,2026-08-28 16:46:50,2026-09-08,"广东省:深圳市,广东省:惠州市",2026-09-08,19:30,21:00,【清】立人楼B120,本科及以上学历,,,,https://careerktc.zhiye.com/campus,https://jiuye.uestc.edu.cn/career/recruitment/onsite/fwj24mw56qdd,verified,https://jiuye.uestc.edu.cn/career/recruitment/onsite,
5bee528506c2fa55f614fc728c7e8349823cce0fc6c4c758cf0ccbb646af97f5,2026-09-03 22:04:41,2026-09-03 22:04:41,现场招聘,深圳市康冠科技股份有限公司,康冠科技2027届秋季校园招聘简章,Java后台开发工程师,2026-08-28 16:46:50,2026-09-08,"广东省:深圳市,广东省:惠州市",2026-09-08,19:30,21:00,【清】立人楼B120,本科及以上学历,,,,https://careerktc.zhiye.com/campus,https://jiuye.uestc.edu.cn/career/recruitment/onsite/fwj24mw56qdd,verified,https://jiuye.uestc.edu.cn/career/recruitment/onsite,
47d951bfd4d62fcfe12c1066375a9d2b36ed65d7ba936085b44f57d73e024ab1,2026-09-03 22:04:41,2026-09-03 22:04:41,现场招聘,深圳市康冠科技股份有限公司,康冠科技2027届秋季校园招聘简章,AI开发工程师,2026-08-28 16:46:50,2026-09-08,"广东省:深圳市,广东省:惠州市",2026-09-08,19:30,21:00,【清】立人楼B120,本科及以上学历,,,,https://careerktc.zhiye.com/campus,https://jiuye.uestc.edu.cn/career/recruitment/onsite/fwj24mw56qdd,verified,https://jiuye.uestc.edu.cn/career/recruitment/onsite,
03476ec60ceaa30436fdbe91cc9d9df595e8c80138431ce59ab146e95acd1e23,2026-09-03 22:04:41,2026-09-03 22:04:41,现场招聘,深圳市康冠科技股份有限公司,康冠科技2027届秋季校园招聘简章,图像调试工程师,2026-08-28 16:46:50,2026-09-08,"广东省:深圳市,广东省:惠州市",2026-09-08,19:30,21:00,【清】立人楼B120,本科及以上学历,,,,https://careerktc.zhiye.com/campus,https://jiuye.uestc.edu.cn/career/recruitment/onsite/fwj24mw56qdd,verified,https://jiuye.uestc.edu.cn/career/recruitment/onsite,
da7afddeee6cac09a70b4c99d486523516142423c96a51495eab2c3d640446c0,2026-09-03 22:04:41,2026-09-03 22:04:41,现场招聘,深圳市康冠科技股份有限公司,康冠科技2027届秋季校园招聘简章,软件测试工程师,2026-08-28 16:46:50,2026-09-08,"广东省:深圳市,广东省:惠州市",2026-09-08,19:30,21:00,【清】立人楼B120,本科及以上学历,,,,https://careerktc.zhiye.com/campus,https://jiuye.uestc.edu.cn/career/recruitment/onsite/fwj24mw56qdd,verified,https://jiuye.uestc.edu.cn/career/recruitment/onsite,
bb0aa384a67e58e382733b1bf90687575631407a2d8214c9137921ca4c09820b,2026-09-03 22:04:41,2026-09-03 22:04:41,现场招聘,深圳市康冠科技股份有限公司,康冠科技2027届秋季校园招聘简章,硬件工程师,2026-08-28 16:46:50,2026-09-08,"广东省:深圳市,广东省:惠州市",2026-09-08,19:30,21:00,【清】立人楼B120,本科及以上学历,,,,https://careerktc.zhiye.com/campus,https://jiuye.uestc.edu.cn/career/recruitment/onsite/fwj24mw56qdd,verified,https://jiuye.uestc.edu.cn/career/recruitment/onsite,
386f3a60c169068435c1a126d0d607f34c5782276178a7bb4873dd4438c92bd8,2026-09-03 22:04:41,2026-09-03 22:04:41,现场招聘,深圳市康冠科技股份有限公司,康冠科技2027届秋季校园招聘简章,电源工程师,2026-08-28 16:46:50,2026-09-08,"广东省:深圳市,广东省:惠州市",2026-09-08,19:30,21:00,【清】立人楼B120,本科及以上学历,,,,https://careerktc.zhiye.com/campus,https://jiuye.uestc.edu.cn/career/recruitment/onsite/fwj24mw56qdd,verified,https://jiuye.uestc.edu.cn/career/recruitment/onsite,
e8b6e373cf492ea826d11c4b28ed7d91af570ba92dd1da575649268b6ad61103,2026-09-03 22:04:41,2026-09-03 22:04:41,现场招聘,深圳市康冠科技股份有限公司,康冠科技2027届秋季校园招聘简章,结构工程师,2026-08-28 16:46:50,2026-09-08,"广东省:深圳市,广东省:惠州市",2026-09-08,19:30,21:00,【清】立人楼B120,本科及以上学历,,,,https://careerktc.zhiye.com/campus,https://jiuye.uestc.edu.cn/career/recruitment/onsite/fwj24mw56qdd,verified,https://jiuye.uestc.edu.cn/career/recruitment/onsite,
9ddf2cd50400e52d52166ebaf6a2c7ae2fab1a58b46cb599a4ff66e5e7b75e8f,2026-09-03 22:04:41,2026-09-03 22:04:41,现场招聘,深圳市康冠科技股份有限公司,康冠科技2027届秋季校园招聘简章,光学工程师,2026-08-28 16:46:50,2026-09-08,"广东省:深圳市,广东省:惠州市",2026-09-08,19:30,21:00,【清】立人楼B120,本科及以上学历,,,,https://careerktc.zhiye.com/campus,https://jiuye.uestc.edu.cn/career/recruitment/onsite/fwj24mw56qdd,verified,https://jiuye.uestc.edu.cn/career/recruitment/onsite,
78cdadf7fb3f5df4b7f2d0550d05c116819f4eeeb6735348fd68a0d3847906cf,2026-09-03 22:04:41,2026-09-03 22:04:41,现场招聘,深圳市康冠科技股份有限公司,康冠科技2027届秋季校园招聘简章,热学工程师,2026-08-28 16:46:50,2026-09-08,"广东省:深圳市,广东省:惠州市",2026-09-08,19:30,21:00,【清】立人楼B120,本科及以上学历,,,,https://careerktc.zhiye.com/campus,https://jiuye.uestc.edu.cn/career/recruitment/onsite/fwj24mw56qdd,verified,https://jiuye.uestc.edu.cn/career/recruitment/onsite,
68ae6e23c984b6e519b2223c795f120be2fe43a43c9fdfc1faba7f8b8ae063d0,2026-09-03 22:04:41,2026-09-03 22:04:41,现场招聘,深圳市康冠科技股份有限公司,康冠科技2027届秋季校园招聘简章,硬件测试工程师,2026-08-28 16:46:50,2026-09-08,"广东省:深圳市,广东省:惠州市",2026-09-08,19:30,21:00,【清】立人楼B120,本科及以上学历,,,,https://careerktc.zhiye.com/campus,https://jiuye.uestc.edu.cn/career/recruitment/onsite/fwj24mw56qdd,verified,https://jiuye.uestc.edu.cn/career/recruitment/onsite,
8404a31bd0244b8835d04419e208065e31edc1c0851ee7d9031751d2455dfca9,2026-09-03 22:04:41,2026-09-03 22:04:41,现场招聘,深圳市康冠科技股份有限公司,康冠科技2027届秋季校园招聘简章,工业设计工程师,2026-08-28 16:46:50,2026-09-08,"广东省:深圳市,广东省:惠州市",2026-09-08,19:30,21:00,【清】立人楼B120,本科及以上学历,,,,https://careerktc.zhiye.com/campus,https://jiuye.uestc.edu.cn/career/recruitment/onsite/fwj24mw56qdd,verified,https://jiuye.uestc.edu.cn/career/recruitment/onsite,
9244c79dc44e30889b4622f20b08d2d2e1f5984e2aad6f7c95e92db5e7a2ac17,2026-09-03 22:04:41,2026-09-03 22:04:41,现场招聘,深圳市康冠科技股份有限公司,康冠科技2027届秋季校园招聘简章,平面设计工程师,2026-08-28 16:46:50,2026-09-08,"广东省:深圳市,广东省:惠州市",2026-09-08,19:30,21:00,【清】立人楼B120,本科及以上学历,,,,https://careerktc.zhiye.com/campus,https://jiuye.uestc.edu.cn/career/recruitment/onsite/fwj24mw56qdd,verified,https://jiuye.uestc.edu.cn/career/recruitment/onsite,
1821d73ffbbfe38eb14fb23a0aa1efdcaacd5e4984d35cf3d26bdcc2f4c1a2c1,2026-09-03 22:04:41,2026-09-03 22:04:41,现场招聘,深圳市康冠科技股份有限公司,康冠科技2027届秋季校园招聘简章,包装设计工程师,2026-08-28 16:46:50,2026-09-08,"广东省:深圳市,广东省:惠州市",2026-09-08,19:30,21:00,【清】立人楼B120,本科及以上学历,,,,https://careerktc.zhiye.com/campus,https://jiuye.uestc.edu.cn/career/recruitment/onsite/fwj24mw56qdd,verified,https://jiuye.uestc.edu.cn/career/recruitment/onsite,
9f218d48e53b793c5d6ca7c98ef9ff9d1df71fc4af8c4a01d50aab2567283611,2026-09-03 22:04:41,2026-09-03 22:04:41,现场招聘,深圳市康冠科技股份有限公司,康冠科技2027届秋季校园招聘简章,项目工程师,2026-08-28 16:46:50,2026-09-08,"广东省:深圳市,广东省:惠州市",2026-09-08,19:30,21:00,【清】立人楼B120,本科及以上学历,,,,https://careerktc.zhiye.com/campus,https://jiuye.uestc.edu.cn/career/recruitment/onsite/fwj24mw56qdd,verified,https://jiuye.uestc.edu.cn/career/recruitment/onsite,
281103e3c1d2333a55486dddbe80d03e8796f54bb676cc179404b4d82262f9b4,2026-09-03 22:04:41,2026-09-03 22:04:41,现场招聘,深圳市康冠科技股份有限公司,康冠科技2027届秋季校园招聘简章,软件PM工程师,2026-08-28 16:46:50,2026-09-08,"广东省:深圳市,广东省:惠州市",2026-09-08,19:30,21:00,【清】立人楼B120,本科及以上学历,,,,https://careerktc.zhiye.com/campus,https://jiuye.uestc.edu.cn/career/recruitment/onsite/fwj24mw56qdd,verified,https://jiuye.uestc.edu.cn/career/recruitment/onsite,
412704086bc30592b495232c4ac63b0feaa9b316759984b20fef1b1b6b4e1e5a,2026-09-03 22:04:41,2026-09-03 22:04:41,现场招聘,深圳市康冠科技股份有限公司,康冠科技2027届秋季校园招聘简章,产品工程师,2026-08-28 16:46:50,2026-09-08,"广东省:深圳市,广东省:惠州市",2026-09-08,19:30,21:00,【清】立人楼B120,本科及以上学历,,,,https://careerktc.zhiye.com/campus,https://jiuye.uestc.edu.cn/career/recruitment/onsite/fwj24mw56qdd,verified,https://jiuye.uestc.edu.cn/career/recruitment/onsite,
608e4b0f31335660dd9f809defb103e67590a2c836c18bcfd3bbde24c6e4ebe1,2026-09-03 22:04:41,2026-09-03 22:04:41,现场招聘,深圳市康冠科技股份有限公司,康冠科技2027届秋季校园招聘简章,软件产品策划工程师,2026-08-28 16:46:50,2026-09-08,"广东省:深圳市,广东省:惠州市",2026-09-08,19:30,21:00,【清】立人楼B120,本科及以上学历,,,,https://careerktc.zhiye.com/campus,https://jiuye.uestc.edu.cn/career/recruitment/onsite/fwj24mw56qdd,verified,https://jiuye.uestc.edu.cn/career/recruitment/onsite,
e75e377cf84475004d7d3af728c6672ca713e46942aa6e2a20a38d62696a6d00,2026-09-03 22:04:41,2026-09-03 22:04:41,现场招聘,深圳市康冠科技股份有限公司,康冠科技2027届秋季校园招聘简章,AI产品工程师,2026-08-28 16:46:50,2026-09-08,"广东省:深圳市,广东省:惠州市",2026-09-08,19:30,21:00,【清】立人楼B120,本科及以上学历,,,,https://careerktc.zhiye.com/campus,https://jiuye.uestc.edu.cn/career/recruitment/onsite/fwj24mw56qdd,verified,https://jiuye.uestc.edu.cn/career/recruitment/onsite,
e6fb7ccd61b65a1564c9b3eb8e7ada5e0182c17c7436282d2430c8392b6efaf2,2026-09-03 22:04:41,2026-09-03 22:04:41,现场招聘,深圳市康冠科技股份有限公司,康冠科技2027届秋季校园招聘简章,软件DQE/软件设计质量工程师,2026-08-28 16:46:50,2026-09-08,"广东省:深圳市,广东省:惠州市",2026-09-08,19:30,21:00,【清】立人楼B120,本科及以上学历,,,,https://careerktc.zhiye.com/campus,https://jiuye.uestc.edu.cn/career/recruitment/onsite/fwj24mw56qdd,verified,https://jiuye.uestc.edu.cn/career/recruitment/onsite,
2b0fa96266b437f84699c54ea8e831947479c6ad999a565255b0f6efe22ff4ea,2026-09-03 22:04:41,2026-09-03 22:04:41,现场招聘,深圳市康冠科技股份有限公司,康冠科技2027届秋季校园招聘简章,硬件DQE/硬件设计质量工程师,2026-08-28 16:46:50,2026-09-08,"广东省:深圳市,广东省:惠州市",2026-09-08,19:30,21:00,【清】立人楼B120,本科及以上学历,,,,https://careerktc.zhiye.com/campus,https://jiuye.uestc.edu.cn/career/recruitment/onsite/fwj24mw56qdd,verified,https://jiuye.uestc.edu.cn/career/recruitment/onsite,
359ad69013afb67163588e07504c3f1196b43a896ea4ede2f3b2dcf802802efb,2026-09-03 22:04:41,2026-09-03 22:04:41,现场招聘,深圳市康冠科技股份有限公司,康冠科技2027届秋季校园招聘简章,结构DQE/结构设计质量工程师,2026-08-28 16:46:50,2026-09-08,"广东省:深圳市,广东省:惠州市",2026-09-08,19:30,21:00,【清】立人楼B120,本科及以上学历,,,,https://careerktc.zhiye.com/campus,https://jiuye.uestc.edu.cn/career/recruitment/onsite/fwj24mw56qdd,verified,https://jiuye.uestc.edu.cn/career/recruitment/onsite,
d2ace27327b5b0ed6efb2b9ee641e0c76b055c454b41dacf7537904fb4ee8d65,2026-09-03 22:04:41,2026-09-03 22:04:41,现场招聘,深圳市康冠科技股份有限公司,康冠科技2027届秋季校园招聘简章,QE/品质工程师,2026-08-28 16:46:50,2026-09-08,"广东省:深圳市,广东省:惠州市",2026-09-08,19:30,21:00,【清】立人楼B120,本科及以上学历,,,,https://careerktc.zhiye.com/campus,https://jiuye.uestc.edu.cn/career/recruitment/onsite/fwj24mw56qdd,verified,https://jiuye.uestc.edu.cn/career/recruitment/onsite,
28ece5bc3e4cf4fae47c36870e75d368f2c9341696d857e8b55f5eaeaf3f1db9,2026-09-03 22:04:41,2026-09-03 22:04:41,现场招聘,深圳市康冠科技股份有限公司,康冠科技2027届秋季校园招聘简章,画质工程师,2026-08-28 16:46:50,2026-09-08,"广东省:深圳市,广东省:惠州市",2026-09-08,19:30,21:00,【清】立人楼B120,本科及以上学历,,,,https://careerktc.zhiye.com/campus,https://jiuye.uestc.edu.cn/career/recruitment/onsite/fwj24mw56qdd,verified,https://jiuye.uestc.edu.cn/career/recruitment/onsite,
276a9e6c03817cfa2b6a5208766709866a5675b4fe2c7f6c8178e8d5444a4c32,2026-09-03 22:04:41,2026-09-03 22:04:41,现场招聘,深圳市康冠科技股份有限公司,康冠科技2027届秋季校园招聘简章,认证工程师,2026-08-28 16:46:50,2026-09-08,"广东省:深圳市,广东省:惠州市",2026-09-08,19:30,21:00,【清】立人楼B120,本科及以上学历,,,,https://careerktc.zhiye.com/campus,https://jiuye.uestc.edu.cn/career/recruitment/onsite/fwj24mw56qdd,verified,https://jiuye.uestc.edu.cn/career/recruitment/onsite,
1822945ed492afa6f9c2f7a8d5d1505168dbbe9e60b8560063b7aa5b5ae04eea,2026-09-03 22:04:41,2026-09-03 22:04:41,现场招聘,深圳市康冠科技股份有限公司,康冠科技2027届秋季校园招聘简章,PQE工程师,2026-08-28 16:46:50,2026-09-08,"广东省:深圳市,广东省:惠州市",2026-09-08,19:30,21:00,【清】立人楼B120,本科及以上学历,,,,https://careerktc.zhiye.com/campus,https://jiuye.uestc.edu.cn/career/recruitment/onsite/fwj24mw56qdd,verified,https://jiuye.uestc.edu.cn/career/recruitment/onsite,
1e52ca8cf28a97e4bc192668ae536db8829cca5004fc19afadc1b89ae41319ca,2026-09-03 22:04:41,2026-09-03 22:04:41,现场招聘,深圳市康冠科技股份有限公司,康冠科技2027届秋季校园招聘简章,RE/电子工程师,2026-08-28 16:46:50,2026-09-08,"广东省:深圳市,广东省:惠州市",2026-09-08,19:30,21:00,【清】立人楼B120,本科及以上学历,,,,https://careerktc.zhiye.com/campus,https://jiuye.uestc.edu.cn/career/recruitment/onsite/fwj24mw56qdd,verified,https://jiuye.uestc.edu.cn/career/recruitment/onsite,
cf9268cadd4a73e293a105ece4b16e2cb2f9daa5bb83db1d9483a72f45968608,2026-09-03 22:04:41,2026-09-03 22:04:41,现场招聘,深圳市康冠科技股份有限公司,康冠科技2027届秋季校园招聘简章,PE/制程工程师,2026-08-28 16:46:50,2026-09-08,"广东省:深圳市,广东省:惠州市",2026-09-08,19:30,21:00,【清】立人楼B120,本科及以上学历,,,,https://careerktc.zhiye.com/campus,https://jiuye.uestc.edu.cn/career/recruitment/onsite/fwj24mw56qdd,verified,https://jiuye.uestc.edu.cn/career/recruitment/onsite,
10036512067724aa915b5d3887a423dd64904a4dbc6c2df3a5ece636fc772763,2026-09-03 22:04:41,2026-09-03 22:04:41,现场招聘,深圳市康冠科技股份有限公司,康冠科技2027届秋季校园招聘简章,IE/工艺工程师,2026-08-28 16:46:50,2026-09-08,"广东省:深圳市,广东省:惠州市",2026-09-08,19:30,21:00,【清】立人楼B120,本科及以上学历,,,,https://careerktc.zhiye.com/campus,https://jiuye.uestc.edu.cn/career/recruitment/onsite/fwj24mw56qdd,verified,https://jiuye.uestc.edu.cn/career/recruitment/onsite,
0b7b3167a71147274eea72c38d5fb9a9ee90879f6a9d7ece4d32364813d4a942,2026-09-03 22:04:41,2026-09-03 22:04:41,现场招聘,深圳市康冠科技股份有限公司,康冠科技2027届秋季校园招聘简章,FAE/海外现场技术支持工程师,2026-08-28 16:46:50,2026-09-08,"广东省:深圳市,广东省:惠州市",2026-09-08,19:30,21:00,【清】立人楼B120,本科及以上学历,,,,https://careerktc.zhiye.com/campus,https://jiuye.uestc.edu.cn/career/recruitment/onsite/fwj24mw56qdd,verified,https://jiuye.uestc.edu.cn/career/recruitment/onsite,
e5852aa8cd87e707ec534f048ca94011dd654b064538471adf2a5987339b32e3,2026-09-03 22:04:41,2026-09-03 22:04:41,现场招聘,深圳市康冠科技股份有限公司,康冠科技2027届秋季校园招聘简章,CQE/客户质量工程师,2026-08-28 16:46:50,2026-09-08,"广东省:深圳市,广东省:惠州市",2026-09-08,19:30,21:00,【清】立人楼B120,本科及以上学历,,,,https://careerktc.zhiye.com/campus,https://jiuye.uestc.edu.cn/career/recruitment/onsite/fwj24mw56qdd,verified,https://jiuye.uestc.edu.cn/career/recruitment/onsite,
0bb5a7a0a3bacfa7118a90e245206800a1b3540711ec97e56fe200723d4ecfaa,2026-09-03 22:04:41,2026-09-03 22:04:41,现场招聘,深圳市康冠科技股份有限公司,康冠科技2027届秋季校园招聘简章,CPE/项目工程师,2026-08-28 16:46:50,2026-09-08,"广东省:深圳市,广东省:惠州市",2026-09-08,19:30,21:00,【清】立人楼B120,本科及以上学历,,,,https://careerktc.zhiye.com/campus,https://jiuye.uestc.edu.cn/career/recruitment/onsite/fwj24mw56qdd,verified,https://jiuye.uestc.edu.cn/career/recruitment/onsite,
2c90a215832aa486b89c98a6c06410c994996f6336be8e64a1de1f98b7610567,2026-09-03 22:04:41,2026-09-03 22:04:41,现场招聘,深圳市康冠科技股份有限公司,康冠科技2027届秋季校园招聘简章,国内电商运营,2026-08-28 16:46:50,2026-09-08,"广东省:深圳市,广东省:惠州市",2026-09-08,19:30,21:00,【清】立人楼B120,本科及以上学历,,,,https://careerktc.zhiye.com/campus,https://jiuye.uestc.edu.cn/career/recruitment/onsite/fwj24mw56qdd,verified,https://jiuye.uestc.edu.cn/career/recruitment/onsite,
ccb2280ce4a09745d578e517e7b2b812c511db4bf2d5e622f3253eb6a71c4b45,2026-09-03 22:04:41,2026-09-03 22:04:41,现场招聘,深圳市康冠科技股份有限公司,康冠科技2027届秋季校园招聘简章,跨境电商运营,2026-08-28 16:46:50,2026-09-08,"广东省:深圳市,广东省:惠州市",2026-09-08,19:30,21:00,【清】立人楼B120,本科及以上学历,,,,https://careerktc.zhiye.com/campus,https://jiuye.uestc.edu.cn/career/recruitment/onsite/fwj24mw56qdd,verified,https://jiuye.uestc.edu.cn/career/recruitment/onsite,
8624cd5fb895ed72d8de4d74830d8f13ec95ed638fbeeca6c213f87cf006a9bc,2026-09-03 22:04:41,2026-09-03 22:04:41,现场招聘,深圳市康冠科技股份有限公司,康冠科技2027届秋季校园招聘简章,内销业务员,2026-08-28 16:46:50,2026-09-08,"广东省:深圳市,广东省:惠州市",2026-09-08,19:30,21:00,【清】立人楼B120,本科及以上学历,,,,https://careerktc.zhiye.com/campus,https://jiuye.uestc.edu.cn/career/recruitment/onsite/fwj24mw56qdd,verified,https://jiuye.uestc.edu.cn/career/recruitment/onsite,
ca4ab5b0da012eab6dcc8d47a358f18a1bd98ad31e4cf626bdb78077bad6c141,2026-09-03 22:04:41,2026-09-03 22:04:41,现场招聘,深圳市康冠科技股份有限公司,康冠科技2027届秋季校园招聘简章,外销业务员,2026-08-28 16:46:50,2026-09-08,"广东省:深圳市,广东省:惠州市",2026-09-08,19:30,21:00,【清】立人楼B120,本科及以上学历,,,,https://careerktc.zhiye.com/campus,https://jiuye.uestc.edu.cn/career/recruitment/onsite/fwj24mw56qdd,verified,https://jiuye.uestc.edu.cn/career/recruitment/onsite,
a87ba804d35345385570e64fc868fdf660bee0cab21e39d18fa88c86b6f44b8d,2026-09-03 22:04:41,2026-09-03 22:04:41,现场招聘,深圳市康冠科技股份有限公司,康冠科技2027届秋季校园招聘简章,商务专员,2026-08-28 16:46:50,2026-09-08,"广东省:深圳市,广东省:惠州市",2026-09-08,19:30,21:00,【清】立人楼B120,本科及以上学历,,,,https://careerktc.zhiye.com/campus,https://jiuye.uestc.edu.cn/career/recruitment/onsite/fwj24mw56qdd,verified,https://jiuye.uestc.edu.cn/career/recruitment/onsite,
033c1a370ce1fb14b874a4cf205e21d17e489eeb247209d43c2c6a1c5546d5b2,2026-09-03 22:04:41,2026-09-03 22:04:41,现场招聘,深圳市康冠科技股份有限公司,康冠科技2027届秋季校园招聘简章,市场推广,2026-08-28 16:46:50,2026-09-08,"广东省:深圳市,广东省:惠州市",2026-09-08,19:30,21:00,【清】立人楼B120,本科及以上学历,,,,https://careerktc.zhiye.com/campus,https://jiuye.uestc.edu.cn/career/recruitment/onsite/fwj24mw56qdd,verified,https://jiuye.uestc.edu.cn/career/recruitment/onsite,
6b0a2ad14d0b304b59ce806b2d3e3e52b21b84cefb17d2429b7a84eb49058611,2026-09-03 22:04:41,2026-09-03 22:04:41,现场招聘,深圳市康冠科技股份有限公司,康冠科技2027届秋季校园招聘简章,售后专员,2026-08-28 16:46:50,2026-09-08,"广东省:深圳市,广东省:惠州市",2026-09-08,19:30,21:00,【清】立人楼B120,本科及以上学历,,,,https://careerktc.zhiye.com/campus,https://jiuye.uestc.edu.cn/career/recruitment/onsite/fwj24mw56qdd,verified,https://jiuye.uestc.edu.cn/career/recruitment/onsite,
5ced0d21355a11528ae05cee8cbc5fce241af5fd103493623261b7a83f38fd79,2026-09-03 22:04:41,2026-09-03 22:04:41,现场招聘,深圳市康冠科技股份有限公司,康冠科技2027届秋季校园招聘简章,客诉专员,2026-08-28 16:46:50,2026-09-08,"广东省:深圳市,广东省:惠州市",2026-09-08,19:30,21:00,【清】立人楼B120,本科及以上学历,,,,https://careerktc.zhiye.com/campus,https://jiuye.uestc.edu.cn/career/recruitment/onsite/fwj24mw56qdd,verified,https://jiuye.uestc.edu.cn/career/recruitment/onsite,
6e29b92c2db52a42288e98be430a1097913fe6f1ec9c6cd32ee06fcbcb86cd07,2026-09-03 22:04:41,2026-09-03 22:04:41,现场招聘,深圳市康冠科技股份有限公司,康冠科技2027届秋季校园招聘简章,采购工程师,2026-08-28 16:46:50,2026-09-08,"广东省:深圳市,广东省:惠州市",2026-09-08,19:30,21:00,【清】立人楼B120,本科及以上学历,,,,https://careerktc.zhiye.com/campus,https://jiuye.uestc.edu.cn/career/recruitment/onsite/fwj24mw56qdd,verified,https://jiuye.uestc.edu.cn/career/recruitment/onsite,
805d289edf60f241552db47ad391e39285f27eca53fde2e445538d280ea9fa67,2026-09-03 22:04:41,2026-09-03 22:04:41,现场招聘,深圳市康冠科技股份有限公司,康冠科技2027届秋季校园招聘简章,SQE/供应商管理工程师,2026-08-28 16:46:50,2026-09-08,"广东省:深圳市,广东省:惠州市",2026-09-08,19:30,21:00,【清】立人楼B120,本科及以上学历,,,,https://careerktc.zhiye.com/campus,https://jiuye.uestc.edu.cn/career/recruitment/onsite/fwj24mw56qdd,verified,https://jiuye.uestc.edu.cn/career/recruitment/onsite,
eadac660bfb23c2976619f30191e208c2b4dd9ec067e704561f47b5255996a67,2026-09-03 22:04:41,2026-09-03 22:04:41,现场招聘,深圳市康冠科技股份有限公司,康冠科技2027届秋季校园招聘简章,船务专员,2026-08-28 16:46:50,2026-09-08,"广东省:深圳市,广东省:惠州市",2026-09-08,19:30,21:00,【清】立人楼B120,本科及以上学历,,,,https://careerktc.zhiye.com/campus,https://jiuye.uestc.edu.cn/career/recruitment/onsite/fwj24mw56qdd,verified,https://jiuye.uestc.edu.cn/career/recruitment/onsite,
af41dbc4cbbc3aa11bc95140af22545476f211f03e938e30fc931837a2fda911,2026-09-03 22:04:41,2026-09-03 22:04:41,现场招聘,深圳市康冠科技股份有限公司,康冠科技2027届秋季校园招聘简章,招聘专员,2026-08-28 16:46:50,2026-09-08,"广东省:深圳市,广东省:惠州市",2026-09-08,19:30,21:00,【清】立人楼B120,本科及以上学历,,,,https://careerktc.zhiye.com/campus,https://jiuye.uestc.edu.cn/career/recruitment/onsite/fwj24mw56qdd,verified,https://jiuye.uestc.edu.cn/career/recruitment/onsite,
9485eca2c976f80e7d1d1815c86ad5734f87ea7c77a8b9ba554003dd15915c47,2026-09-03 22:04:41,2026-09-03 22:04:41,现场招聘,深圳市康冠科技股份有限公司,康冠科技2027届秋季校园招聘简章,人力资源专员,2026-08-28 16:46:50,2026-09-08,"广东省:深圳市,广东省:惠州市",2026-09-08,19:30,21:00,【清】立人楼B120,本科及以上学历,,,,https://careerktc.zhiye.com/campus,https://jiuye.uestc.edu.cn/career/recruitment/onsite/fwj24mw56qdd,verified,https://jiuye.uestc.edu.cn/career/recruitment/onsite,
0a523d6d1bba40b3c06f44054694542ed5710f454b88f35bef0357a771116ffc,2026-09-03 22:04:41,2026-09-03 22:04:41,现场招聘,深圳市康冠科技股份有限公司,康冠科技2027届秋季校园招聘简章,证券专员,2026-08-28 16:46:50,2026-09-08,"广东省:深圳市,广东省:惠州市",2026-09-08,19:30,21:00,【清】立人楼B120,本科及以上学历,,,,https://careerktc.zhiye.com/campus,https://jiuye.uestc.edu.cn/career/recruitment/onsite/fwj24mw56qdd,verified,https://jiuye.uestc.edu.cn/career/recruitment/onsite,
8c6741ca3b687816d9ad81237c193688c4312d3d173e161a6e3c717ab1bcb6f4,2026-09-03 22:04:41,2026-09-03 22:04:41,现场招聘,烽火通信科技股份有限公司,—— 烽火通信2027届校园招聘,芯片研发,2026-08-28 19:41:43,2026-09-08,武汉/成都/西安/苏州,2026-09-08,19:30,21:00,【清】品学楼B108,本科、硕士、博士,微电子、计算机、自动化、电子、通信等相关专业,,,,https://jiuye.uestc.edu.cn/career/recruitment/onsite/fvtmxvy9xywy,verified,https://jiuye.uestc.edu.cn/career/recruitment/onsite,
d706508d006392f2feff1bafc58ae9498ad44b6e235f293275dc3936442d6027,2026-09-03 22:04:41,2026-09-03 22:04:41,现场招聘,烽火通信科技股份有限公司,—— 烽火通信2027届校园招聘,软件研发,2026-08-28 19:41:43,2026-09-08,武汉/成都/南京,2026-09-08,19:30,21:00,【清】品学楼B108,本科、硕士、博士,计算机、软件、通信、自动化电子、网络工程、软件工程、物联网工程、网络信息安全及相关专业,,,,https://jiuye.uestc.edu.cn/career/recruitment/onsite/fvtmxvy9xywy,verified,https://jiuye.uestc.edu.cn/career/recruitment/onsite,
9e2bec6bc075aa885db5538f43337b419ebc0e97eba92512f7e2703bcb9b77f6,2026-09-03 22:04:41,2026-09-03 22:04:41,现场招聘,烽火通信科技股份有限公司,—— 烽火通信2027届校园招聘,硬件研发,2026-08-28 19:41:43,2026-09-08,武汉,2026-09-08,19:30,21:00,【清】品学楼B108,本科、硕士、博士,电子、通信、计算机、材料、化学、机械、光通信、物理等相关理工科专业,,,,https://jiuye.uestc.edu.cn/career/recruitment/onsite/fvtmxvy9xywy,verified,https://jiuye.uestc.edu.cn/career/recruitment/onsite,
94ea668056a77d99b9c8530284c4fb943acf2f276f23ae5383694581c9c1902e,2026-09-03 22:04:41,2026-09-03 22:04:41,现场招聘,烽火通信科技股份有限公司,—— 烽火通信2027届校园招聘,产品测试,2026-08-28 19:41:43,2026-09-08,武汉/南京,2026-09-08,19:30,21:00,【清】品学楼B108,本科、硕士、博士,通信工程、计算机技术、网络工程、软件工程、物联网工程、自动化、网络信息安全等相关专业,,,,https://jiuye.uestc.edu.cn/career/recruitment/onsite/fvtmxvy9xywy,verified,https://jiuye.uestc.edu.cn/career/recruitment/onsite,
6a7df9ecfccbe261ecb5fbbb96710f8fb888743262d7c6e45f1902906f765f2e,2026-09-03 22:04:41,2026-09-03 22:04:41,现场招聘,烽火通信科技股份有限公司,—— 烽火通信2027届校园招聘,解决方案,2026-08-28 19:41:43,2026-09-08,国内/海外,2026-09-08,19:30,21:00,【清】品学楼B108,本科、硕士、博士,通信、电子、计算机、自动化、软件工程、暖通、电力电子、材料、化学、机电、通信工程、电子信息等,,,,https://jiuye.uestc.edu.cn/career/recruitment/onsite/fvtmxvy9xywy,verified,https://jiuye.uestc.edu.cn/career/recruitment/onsite,
53f96afc802c8bd08716496bf2c3a52b2ce6c7a2297ee3e045b325fe3c37bc58,2026-09-03 22:04:41,2026-09-03 22:04:41,现场招聘,烽火通信科技股份有限公司,—— 烽火通信2027届校园招聘,技术支持,2026-08-28 19:41:43,2026-09-08,国内/海外,2026-09-08,19:30,21:00,【清】品学楼B108,本科、硕士、博士,电气、电力系统、机电工程、计算机、软件、通信、电子、自动化等,,,,https://jiuye.uestc.edu.cn/career/recruitment/onsite/fvtmxvy9xywy,verified,https://jiuye.uestc.edu.cn/career/recruitment/onsite,
ba0f8413ffe44cdf4065d5420bc68522822b30406f8d794dccae3ffad9e07e73,2026-09-03 22:04:41,2026-09-03 22:04:41,现场招聘,烽火通信科技股份有限公司,—— 烽火通信2027届校园招聘,智能制造,2026-08-28 19:41:43,2026-09-08,武汉/珠海/南京/成都,2026-09-08,19:30,21:00,【清】品学楼B108,本科、硕士、博士,计算机、自动化、电子、材料、物理、化学、光学、机械、电气等理工科专业,,,,https://jiuye.uestc.edu.cn/career/recruitment/onsite/fvtmxvy9xywy,verified,https://jiuye.uestc.edu.cn/career/recruitment/onsite,
2940463667b4480df6248550e9c856e50c5eb0f2020296f9def418533699545e,2026-09-03 22:04:41,2026-09-03 22:04:41,现场招聘,睿魔智能科技(深圳)有限公司,,未明确列出,2026-08-28 13:13:06,2026-09-08,"广东省:深圳市,四川省:成都市,浙江省:杭州市,陕西省:西安市",2026-09-08,19:30,21:00,【清】立人楼B119,本科、硕士,,,,,https://jiuye.uestc.edu.cn/career/recruitment/onsite/fwi3d2hn9y4i,verified,https://jiuye.uestc.edu.cn/career/recruitment/onsite,
fce159018e3b73894ccb48356eaeb59cc2cd894e3b0cde0b72d239cbab4bdfa9,2026-09-03 22:04:41,2026-09-03 22:04:41,现场招聘,电子科技大学,,未明确列出,2026-08-28 22:45:06,2026-09-09,四川省:成都市,2026-09-09,09:30,11:30,【清】品学楼B108,硕士,,,,,https://jiuye.uestc.edu.cn/career/recruitment/onsite/fwfa0oiougoy,verified,https://jiuye.uestc.edu.cn/career/recruitment/onsite,
304d76c3d4c385feafb922fb8ef45ceb6cc5321c3d4c03a9769125635b582dad,2026-09-03 22:04:41,2026-09-03 22:04:41,现场招聘,电子科技大学,,未明确列出,2026-08-28 22:44:57,2026-09-09,四川省:成都市,2026-09-09,09:30,11:30,【清】品学楼B109,硕士,,,,,https://jiuye.uestc.edu.cn/career/recruitment/onsite/fwfa65vb1ptt,verified,https://jiuye.uestc.edu.cn/career/recruitment/onsite,
a84644ca5fa1dd653086db96db7936d31d9384daa4f2c80e5f5568de2a4e2b63,2026-09-03 22:04:41,2026-09-03 22:04:41,现场招聘,电子科技大学,,未明确列出,2026-08-28 22:44:48,2026-09-09,四川省:成都市,2026-09-09,09:30,11:30,【清】品学楼B205,硕士,,,,,https://jiuye.uestc.edu.cn/career/recruitment/onsite/fwfabjsv91q9,verified,https://jiuye.uestc.edu.cn/career/recruitment/onsite,
deb11728addfa9ce4b53e1721daa101ecd11755c362aa0c97e301bee43804398,2026-09-03 22:04:41,2026-09-09 09:18:04,现场招聘,空军,2026-2027年度空军直接选拔招录军官公告,未明确列出,2026-09-03 11:10:51,2026-09-09,其他(具体查看招聘信息),2026-09-09,09:30,11:30,【清】学生活动中心201,本科、硕士、博士,,,,,https://jiuye.uestc.edu.cn/career/recruitment/onsite/fx3n5carkfsy,verified,https://jiuye.uestc.edu.cn/career/recruitment/onsite,
badcacfc549668458c9d0116a5c8b7867a56ff045a2064ced202b9af8984dab7,2026-09-03 22:04:41,2026-09-03 22:04:41,现场招聘,北京三星通信技术研究有限公司,,未明确列出,2026-08-28 15:51:05,2026-09-09,北京市:朝阳区,2026-09-09,14:00,16:00,【清】学生活动中心201,硕士,,,,,https://jiuye.uestc.edu.cn/career/recruitment/onsite/fwf30r3kudj6,verified,https://jiuye.uestc.edu.cn/career/recruitment/onsite,
c654ee8be94f1832d8f6ab5a28ea04439fa54fdd2f467bb4a96f64575b4dfb8c,2026-09-03 22:04:41,2026-09-03 22:04:41,现场招聘,高博人才科技(湖北)有限公司,高博人才2026年秋季“新质引擎・智领未来”全国巡回硕博研究生专场双选会——电子科技大学站,【组团】高博人才“新质引擎・智领未来”硕博研究生专场双选会,2026-08-28 13:40:08,2026-09-09,其他(具体查看招聘信息),2026-09-09,14:00,17:30,【清】学生活动中心一楼圆厅,硕士、博士、博士后,,,,,https://jiuye.uestc.edu.cn/career/recruitment/group/fwhw5ip0afb5,verified,https://jiuye.uestc.edu.cn/career/recruitment/group,
c430665f4d48de213fd46609e9919f8f659e51cd1cb62bc8640f5caeb8b3fda7,2026-09-03 22:04:41,2026-09-03 22:04:41,现场招聘,科华数据股份有限公司,三、 招聘需求,未明确列出,2026-09-01 15:26:17,2026-09-09,"广东省:深圳市,福建省:厦门市",2026-09-09,14:30,16:00,【清】学生活动中心220,本科、硕士、博士,,,,,https://jiuye.uestc.edu.cn/career/recruitment/onsite/fwu82w19gvep,verified,https://jiuye.uestc.edu.cn/career/recruitment/onsite,
ef871195ceac1ab51d7faf3d5a30498a1e891b22b5cec0b92d54fe27abbfe16d,2026-09-03 22:04:41,2026-09-03 22:04:41,现场招聘,上海我们方田科技有限公司,与优秀同行 | 方田教育2027校园招聘简章,未明确列出,2026-08-28 13:12:13,2026-09-09,"安徽省:合肥市,安徽省:芜湖市,安徽省:马鞍山市,四川省:成都市,重庆市:沙坪坝区",2026-09-09,15:00,17:00,【清】立人楼B117,本科、硕士,,,,https://www.ftapplyonline.work/indexPc.html,https://jiuye.uestc.edu.cn/career/recruitment/onsite/fwi3qdrkexaa,verified,https://jiuye.uestc.edu.cn/career/recruitment/onsite,
6a1b1bdae521ab29ad9b905463c8906fc3a255c86be929c0f9d7591a8052ef25,2026-09-03 22:04:41,2026-09-03 22:04:41,现场招聘,中国电子科技集团公司第十四研究所,中国电科第十四研究所2027届校园招聘简章,未明确列出,2026-08-28 17:13:01,2026-09-09,其他(具体查看招聘信息),2026-09-09,15:00,17:00,【清】立人楼B118,硕士、博士,,,,,https://jiuye.uestc.edu.cn/career/recruitment/onsite/fwfgwvx6gsu9,verified,https://jiuye.uestc.edu.cn/career/recruitment/onsite,
27f19c0c2d06c5d115d5604ba66ee5bc2b336bffcf05957fe0689cf4b52ed54f,2026-09-03 22:04:41,2026-09-03 22:04:41,现场招聘,中电科芯片技术(集团)有限公司,2027届校园招聘简章,未明确列出,2026-08-28 19:50:28,2026-09-09,其他(具体查看招聘信息),2026-09-09,15:00,17:00,【清】立人楼B119,硕士、博士,,,,,https://jiuye.uestc.edu.cn/career/recruitment/onsite/fwbsoxxnmoe9,verified,https://jiuye.uestc.edu.cn/career/recruitment/onsite,
436bee17693d6066313b6877b6a0a46fff598321afe5f6b76c3c59b06997da86,2026-09-03 22:04:41,2026-09-03 22:04:41,现场招聘,电子科技大学,,未明确列出,2026-08-28 22:45:02,2026-09-09,四川省:成都市,2026-09-09,15:00,17:00,【清】品学楼B108,硕士,,,,,https://jiuye.uestc.edu.cn/career/recruitment/onsite/fwfa3kkt2h36,verified,https://jiuye.uestc.edu.cn/career/recruitment/onsite,
a2aa3b1ffb937376657ab2c4c2fad72651695b208236bf128b71b4a9a3975fc7,2026-09-03 22:04:41,2026-09-03 22:04:41,现场招聘,电子科技大学,,未明确列出,2026-08-28 22:44:52,2026-09-09,四川省:成都市,2026-09-09,15:00,17:00,【清】品学楼B109,硕士,,,,,https://jiuye.uestc.edu.cn/career/recruitment/onsite/fwfa8t24qz2a,verified,https://jiuye.uestc.edu.cn/career/recruitment/onsite,
7d42902e5a44480d05df17a18fe80386e748b5b5e58c4a0c7f2e0dfcb93281ec,2026-09-03 22:04:41,2026-09-03 22:04:41,现场招聘,电子科技大学,,未明确列出,2026-08-28 22:44:43,2026-09-09,四川省:成都市,2026-09-09,15:00,17:00,【清】品学楼B205,硕士,,,,,https://jiuye.uestc.edu.cn/career/recruitment/onsite/fwfbixyh845d,verified,https://jiuye.uestc.edu.cn/career/recruitment/onsite,
171f6b04468c8071cbf965cbb55865a94c5bc6e8bd665c92f62462c1c56d2540,2026-09-03 22:04:41,2026-09-03 22:04:41,现场招聘,长飞光纤光缆股份有限公司,长飞光纤光缆股份有限公司,未明确列出,2026-08-28 16:48:31,2026-09-09,湖北省:武汉市,2026-09-09,15:00,17:00,【清】立人楼B120,本科、硕士、博士,,,,https://www.yofc.com/list/562.html,https://jiuye.uestc.edu.cn/career/recruitment/onsite/fwj17mm23a4i,verified,https://jiuye.uestc.edu.cn/career/recruitment/onsite,
a77efe12429fb96aa98bef3565d9b93a02228b66dce18b20435732ab73e5ea45,2026-09-03 22:04:41,2026-09-09 09:18:04,现场招聘,腾讯科技(深圳)有限公司,,未明确列出,2026-09-08 10:24:23,2026-09-09,广东省:深圳市,2026-09-09,19:00,21:00,【清】经管学院报告厅,本科、硕士、博士,,,,,https://jiuye.uestc.edu.cn/career/recruitment/onsite/fwihidzxhb7l,verified,https://jiuye.uestc.edu.cn/career/recruitment/onsite,
de400f3b393acd90c3fc75c79af88016e399511fada02b3ab99dc42e14f8bfab,2026-09-03 22:04:41,2026-09-03 22:04:41,现场招聘,恒生电子股份有限公司,招聘计划,未明确列出,2026-08-28 17:10:36,2026-09-09,浙江省:杭州市,2026-09-09,16:30,18:00,【清】学生活动中心220,本科、硕士、博士、博士后,,,,https://campus.hundsun.com/,https://jiuye.uestc.edu.cn/career/recruitment/onsite/fwfhn2w9jcox,verified,https://jiuye.uestc.edu.cn/career/recruitment/onsite,
cb09c82e4d4488ca71e3923d51d31e4a81eeabf15f4efb6d412f5b5cc73ae628,2026-09-03 22:04:41,2026-09-03 22:04:41,现场招聘,招商银行股份有限公司,2027校园招聘公告,未明确列出,2026-08-30 23:42:56,2026-09-09,广东省:深圳市,2026-09-09,18:30,20:30,【清】学生活动中心二楼圆厅,本科、硕士,,,,https://career.cmbchina.com/,https://jiuye.uestc.edu.cn/career/recruitment/onsite/fw8dgtteeww2,verified,https://jiuye.uestc.edu.cn/career/recruitment/onsite,
89110804d0f39a9302fe7d17e5f59acccc712f28217fad9e5693237de15963f2,2026-09-03 22:04:41,2026-09-03 22:04:41,现场招聘,广州市海珠区私立新东方培训学校,,【线上宣讲会】广州市海珠区私立新东方培训学校,2026-09-01 14:08:00,2026-09-09,"广东省:广州市,广东省:珠海市,广东省:佛山市,广东省:东莞市",2026-09-09,19:00,,,本科,,,,https://mp.weixin.qq.com/s/z8DZG16FfRV-lC3u0_t1lw,https://jiuye.uestc.edu.cn/career/recruitment/aerial/fwwe44nk4kch,verified,https://jiuye.uestc.edu.cn/career/recruitment/aerial,
ea937835939c198f0f03aab989b212d31eed78e4ef0994afb06509b5376609f6,2026-09-03 22:04:41,2026-09-03 22:04:41,现场招聘,北京算能科技有限公司,算能2027届校园招聘简章,逻辑设计与验证工程师,2026-08-31 11:17:50,2026-09-09,北京市:海淀区,2026-09-09,19:30,20:30,【清】立人楼B118,硕士博士,,,,https://jobs.sophgo.com/students,https://jiuye.uestc.edu.cn/career/recruitment/onsite/fwsu4mtw114x,verified,https://jiuye.uestc.edu.cn/career/recruitment/onsite,
6f6dcee18a2e754b07050b45646146752c92381c1ee296631b8763e23db3a566,2026-09-03 22:04:41,2026-09-03 22:04:41,现场招聘,北京算能科技有限公司,算能2027届校园招聘简章,算法工程师,2026-08-31 11:17:50,2026-09-09,北京市:海淀区,2026-09-09,19:30,20:30,【清】立人楼B118,硕士博士,,,,https://jobs.sophgo.com/students,https://jiuye.uestc.edu.cn/career/recruitment/onsite/fwsu4mtw114x,verified,https://jiuye.uestc.edu.cn/career/recruitment/onsite,
4db10c0152aa9b5579366e7dbb3e2f321f320b505cfb084cf55a971563d5ab91,2026-09-03 22:04:41,2026-09-03 22:04:41,现场招聘,北京算能科技有限公司,算能2027届校园招聘简章,嵌入式软件工程师,2026-08-31 11:17:50,2026-09-09,北京市:海淀区,2026-09-09,19:30,20:30,【清】立人楼B118,硕士博士,,,,https://jobs.sophgo.com/students,https://jiuye.uestc.edu.cn/career/recruitment/onsite/fwsu4mtw114x,verified,https://jiuye.uestc.edu.cn/career/recruitment/onsite,
2a923f599b3e356ce8c4edfbd95338372b9121aefe1a9bc8439ddf09c44103fe,2026-09-03 22:04:41,2026-09-03 22:04:41,现场招聘,北京算能科技有限公司,算能2027届校园招聘简章,物理设计工程师,2026-08-31 11:17:50,2026-09-09,北京市:海淀区,2026-09-09,19:30,20:30,【清】立人楼B118,硕士博士,,,,https://jobs.sophgo.com/students,https://jiuye.uestc.edu.cn/career/recruitment/onsite/fwsu4mtw114x,verified,https://jiuye.uestc.edu.cn/career/recruitment/onsite,
c7cc7823fe48a36ad74964d9ce44537c5f80dc15414601a69ace53da1caa4104,2026-09-03 22:04:41,2026-09-03 22:04:41,现场招聘,北京算能科技有限公司,算能2027届校园招聘简章,电路工程师,2026-08-31 11:17:50,2026-09-09,北京市:海淀区,2026-09-09,19:30,20:30,【清】立人楼B118,硕士博士,,,,https://jobs.sophgo.com/students,https://jiuye.uestc.edu.cn/career/recruitment/onsite/fwsu4mtw114x,verified,https://jiuye.uestc.edu.cn/career/recruitment/onsite,
9c12bbb26cb105a89701dc13a7b69b09fd161aebf4ec4ff437a41f7040fd1580,2026-09-03 22:04:41,2026-09-03 22:04:41,现场招聘,北京算能科技有限公司,算能2027届校园招聘简章,商务工程师,2026-08-31 11:17:50,2026-09-09,北京市:海淀区,2026-09-09,19:30,20:30,【清】立人楼B118,硕士,,,,https://jobs.sophgo.com/students,https://jiuye.uestc.edu.cn/career/recruitment/onsite/fwsu4mtw114x,verified,https://jiuye.uestc.edu.cn/career/recruitment/onsite,
c1f68f380556708d6dc023f6b5b4ffa910dea72332c934f8b23709dc6c3d2841,2026-09-03 22:04:41,2026-09-03 22:04:41,现场招聘,北京算能科技有限公司,算能2027届校园招聘简章,财务专员,2026-08-31 11:17:50,2026-09-09,北京市:海淀区,2026-09-09,19:30,20:30,【清】立人楼B118,硕士,,,,https://jobs.sophgo.com/students,https://jiuye.uestc.edu.cn/career/recruitment/onsite/fwsu4mtw114x,verified,https://jiuye.uestc.edu.cn/career/recruitment/onsite,
42b36c5f5b1431a0564a12752b457110c257da21b179c0cb3d61645e58839e90,2026-09-03 22:04:41,2026-09-03 22:04:41,现场招聘,中国电子科技集团公司第三十三研究所,中国电子科技集团公司第三十三研究所2027届招聘简章,未明确列出,2026-09-03 10:16:26,2026-09-09,山西省:太原市,2026-09-09,19:30,21:00,【清】立人楼B120,硕士、博士,,,,,https://jiuye.uestc.edu.cn/career/recruitment/onsite/fx3awg3im1oh,verified,https://jiuye.uestc.edu.cn/career/recruitment/onsite,
656baa9d0509c34d75ae4cc7b1cf5df53b6a490a8ee199123ed9b1603dccf96b,2026-09-03 22:04:41,2026-09-03 22:04:41,现场招聘,杰瑞新能源科技有限公司,,未明确列出,2026-09-02 18:10:12,2026-09-09,"山东省:烟台市,上海市:闵行区,广东省:深圳市",2026-09-09,19:30,21:00,【清】品学楼B109,硕士,,,,,https://jiuye.uestc.edu.cn/career/recruitment/onsite/fwu4tp060bgi,verified,https://jiuye.uestc.edu.cn/career/recruitment/onsite,
62f071a2be4499f2b5a2eea45089ba8eddb53ccd72e9c292ea7b51f8bd595206,2026-09-03 22:04:41,2026-09-03 22:04:41,现场招聘,深圳迈瑞生物医疗电子股份有限公司,迈瑞医疗2027届校园招聘正式启动,未明确列出,2026-09-01 10:39:09,2026-09-09,广东省:深圳市,2026-09-09,19:30,21:00,【清】品学楼B108,硕士、博士,,,,,https://jiuye.uestc.edu.cn/career/recruitment/onsite/fwwe3xuf3apu,verified,https://jiuye.uestc.edu.cn/career/recruitment/onsite,
59003f744edafaae35dd93ff803fa2dbf5f4d7e9f28e0f0b98eda07bd02b939a,2026-09-03 22:04:41,2026-09-03 22:04:41,现场招聘,福建星网锐捷通讯股份有限公司,星网锐捷2027届校园招聘,未明确列出,2026-08-28 10:41:40,2026-09-09,"福建省:福州市,四川省:成都市",2026-09-09,19:30,21:00,【清】立人楼B117,本科、硕士,,,,https://starnet.zhiye.com/,https://jiuye.uestc.edu.cn/career/recruitment/onsite/fw4l4p0ixm2q,verified,https://jiuye.uestc.edu.cn/career/recruitment/onsite,
c69c139b975aeff8a20a081cd1db475d2986e1449cdb628f923880b289106d3b,2026-09-03 22:04:41,2026-09-03 22:04:41,现场招聘,四川凝思软件有限公司,,未明确列出,2026-08-28 15:44:18,2026-09-10,四川省:成都市,2026-09-10,09:30,11:30,【清】学生活动中心220,本科、硕士,,,,,https://jiuye.uestc.edu.cn/career/recruitment/onsite/fwivqnb3utj5,verified,https://jiuye.uestc.edu.cn/career/recruitment/onsite,
ac0fd427e731b220de687f790c4188d6ab1a6ee79a2e1fd012b46fb03785d1ed,2026-09-03 22:04:41,2026-09-03 22:04:41,现场招聘,扬州市大学生秋季招聘活动(电子科技大学专场),扬州市大学生秋季招聘活动(电子科技大学专场),扬州市大学生秋季招聘活动(电子科技大学专场),2026-09-01 16:01:41,2026-09-10,四川省:成都市,2026-09-10,09:30,11:30,电子科技大学(清水河校区)学生活动中心二楼圆厅,本科、硕士、博士,,,,,https://jiuye.uestc.edu.cn/career/recruitment/group/fwx86hsjd5hd,verified,https://jiuye.uestc.edu.cn/career/recruitment/group,
446665803f363e5470de184f4210dcadd5567d4953565e43e85928aa6dd21b66,2026-09-03 22:04:41,2026-09-03 22:04:41,现场招聘,电子科技大学,,未明确列出,2026-08-28 22:44:28,2026-09-10,四川省:成都市,2026-09-10,09:30,11:30,【清】品学楼B108,硕士,,,,,https://jiuye.uestc.edu.cn/career/recruitment/onsite/fwfg44a7hwxt,verified,https://jiuye.uestc.edu.cn/career/recruitment/onsite,
71d4131c8ef2f385281520a4180803c2c3e4b9a9a32ef94a59232fe7120fc80f,2026-09-03 22:04:41,2026-09-03 22:04:41,现场招聘,电子科技大学,,未明确列出,2026-08-28 22:44:16,2026-09-10,其他(具体查看招聘信息),2026-09-10,09:30,11:30,【清】品学楼B109,硕士,,,,,https://jiuye.uestc.edu.cn/career/recruitment/onsite/fwfgaqwxafwh,verified,https://jiuye.uestc.edu.cn/career/recruitment/onsite,
a1ff807b9fa1d8d875408e6542e92eff29e3b4cf8352eb2ee8d567996e320101,2026-09-03 22:04:41,2026-09-03 22:04:41,现场招聘,电子科技大学,,未明确列出,2026-08-28 22:44:04,2026-09-10,其他(具体查看招聘信息),2026-09-10,09:30,11:30,【清】品学楼B205,硕士,,,,,https://jiuye.uestc.edu.cn/career/recruitment/onsite/fwfgg5hv1kaq,verified,https://jiuye.uestc.edu.cn/career/recruitment/onsite,
31f06ccc07c350aa878173e5b9cc9d725454d28b594676e2217f95bf1df3b849,2026-09-03 22:04:41,2026-09-03 22:04:41,现场招聘,陕西电子芯业时代科技有限公司,,未明确列出,2026-08-31 18:45:03,2026-09-10,陕西省:西安市,2026-09-10,09:30,11:30,【清】立人楼B118,本科、硕士、博士,,,,,https://jiuye.uestc.edu.cn/career/recruitment/onsite/fwtgqh0ro9aa,verified,https://jiuye.uestc.edu.cn/career/recruitment/onsite,
de5bef04d8a09ac4330ff14cc55f1cdd31a43dd83a6c4944b591735902c7a152,2026-09-03 22:04:41,2026-09-03 22:04:41,现场招聘,中国东方资产管理股份有限公司四川省分公司,中国东方资产管理股份有限公司2027年度校园招聘,未明确列出,2026-08-28 13:22:38,2026-09-10,四川省:成都市,2026-09-10,10:00,11:30,【清】立人楼B117,硕士,,,,https://coamc.zhiye.com/campus,https://jiuye.uestc.edu.cn/career/recruitment/onsite/fwi17vpx648x,verified,https://jiuye.uestc.edu.cn/career/recruitment/onsite,
c3a945b964e78147199346f028c96c9c3aa466f4ae5d85eb44e275cec5e4f7d6,2026-09-03 22:04:41,2026-09-03 22:04:41,现场招聘,天府软件园,2026年秋季人才招聘,未明确列出,2026-08-28 10:06:33,2026-09-10,其他(具体查看招聘信息),2026-09-10,13:30,15:00,【清】学生活动中心201,本科、硕士、博士,,,,https://www.zhipin.com/dz/tfrjy2026,https://jiuye.uestc.edu.cn/career/recruitment/onsite/fwi2oeo8hloh,verified,https://jiuye.uestc.edu.cn/career/recruitment/onsite,
6a5f3d635a456d418bb83f5104773934f17028554067dc883d9170253ce67164,2026-09-03 22:04:41,2026-09-08 09:28:01,现场招聘,华虹集团,华虹集团2027届校园招聘简章,未明确列出,2026-09-08 00:03:14,2026-09-10,"四川省:成都市,上海市:浦东新区",2026-09-10,14:00,16:00,【清】经管楼报告厅,本科、硕士、博士、博士后,,,,,https://jiuye.uestc.edu.cn/career/recruitment/onsite/fwsxu4hn0zr6,verified,https://jiuye.uestc.edu.cn/career/recruitment/onsite,
f8e90062fb52bb8f493763f0ee2dcd3de9a01815ea2b738107442792facc0614,2026-09-03 22:04:41,2026-09-03 22:04:41,现场招聘,眸芯科技(上海)有限公司,七、联系我们,数字设计工程师,2026-08-28 11:02:51,2026-09-10,上海市:浦东新区,2026-09-10,14:00,16:00,【清】学生活动中心220,硕士,微电子/集成电路/电子科学与技术,,,,https://jiuye.uestc.edu.cn/career/recruitment/onsite/fwi5oeuyljia,verified,https://jiuye.uestc.edu.cn/career/recruitment/onsite,
5ecdd471e6721d7a56306246a2dac246143657a5f516c8ffe30f59e53dac6265,2026-09-03 22:04:41,2026-09-03 22:04:41,现场招聘,眸芯科技(上海)有限公司,七、联系我们,数字后端工程师,2026-08-28 11:02:51,2026-09-10,上海市:浦东新区,2026-09-10,14:00,16:00,【清】学生活动中心220,硕士,微电子/集成电路/电子科学与技术,,,,https://jiuye.uestc.edu.cn/career/recruitment/onsite/fwi5oeuyljia,verified,https://jiuye.uestc.edu.cn/career/recruitment/onsite,
44a8df1508fab8e09686cded821fb9f8147df3257b26c622399a4cd9ec1f9c39,2026-09-03 22:04:41,2026-09-03 22:04:41,现场招聘,眸芯科技(上海)有限公司,七、联系我们,模拟设计工程师,2026-08-28 11:02:51,2026-09-10,上海市:浦东新区,2026-09-10,14:00,16:00,【清】学生活动中心220,硕士,微电子/集成电路/电子科学与技术,,,,https://jiuye.uestc.edu.cn/career/recruitment/onsite/fwi5oeuyljia,verified,https://jiuye.uestc.edu.cn/career/recruitment/onsite,
6a4986f8008a532fc85e01cb6b8f841b19dfbf881668900b8e8c47624ee31383,2026-09-03 22:04:41,2026-09-03 22:04:41,现场招聘,眸芯科技(上海)有限公司,七、联系我们,FPGA工程师,2026-08-28 11:02:51,2026-09-10,上海市:浦东新区,2026-09-10,14:00,16:00,【清】学生活动中心220,硕士,电子/通信/计算机/自动化,,,,https://jiuye.uestc.edu.cn/career/recruitment/onsite/fwi5oeuyljia,verified,https://jiuye.uestc.edu.cn/career/recruitment/onsite,
2f05f4526a18e7c6469ab1ae064e9770acf7a8b706c14e7a7f47604de8a73983,2026-09-03 22:04:41,2026-09-03 22:04:41,现场招聘,眸芯科技(上海)有限公司,七、联系我们,验证工程师,2026-08-28 11:02:51,2026-09-10,上海市:浦东新区,2026-09-10,14:00,16:00,【清】学生活动中心220,硕士,微电子/集成电路/电子科学与技术,,,,https://jiuye.uestc.edu.cn/career/recruitment/onsite/fwi5oeuyljia,verified,https://jiuye.uestc.edu.cn/career/recruitment/onsite,
57e6200fd716a5bf6aa957014df83d8a214c5f97f52f955c99e472a98d5643e4,2026-09-03 22:04:41,2026-09-03 22:04:41,现场招聘,眸芯科技(上海)有限公司,七、联系我们,ATE测试工程师,2026-08-28 11:02:51,2026-09-10,上海市:浦东新区,2026-09-10,14:00,16:00,【清】学生活动中心220,硕士,微电子/电子/自动化/测控,,,,https://jiuye.uestc.edu.cn/career/recruitment/onsite/fwi5oeuyljia,verified,https://jiuye.uestc.edu.cn/career/recruitment/onsite,
fe44acd656a0a16df5dd601f316f27763c5a73f32eca7c0c272141ce5c812fbe,2026-09-03 22:04:41,2026-09-03 22:04:41,现场招聘,眸芯科技(上海)有限公司,七、联系我们,算法工程师,2026-08-28 11:02:51,2026-09-10,上海市:浦东新区,2026-09-10,14:00,16:00,【清】学生活动中心220,硕士,计算机/AI/电子/通信/数学/人工智能,,,,https://jiuye.uestc.edu.cn/career/recruitment/onsite/fwi5oeuyljia,verified,https://jiuye.uestc.edu.cn/career/recruitment/onsite,
0e83fa20f5a3715d82d69fcfdec4dbb52e5b17d8908ef2cfbefbfa90bbba1fb2,2026-09-03 22:04:41,2026-09-03 22:04:41,现场招聘,眸芯科技(上海)有限公司,七、联系我们,ISP算法工程师,2026-08-28 11:02:51,2026-09-10,上海市:浦东新区,2026-09-10,14:00,16:00,【清】学生活动中心220,硕士,计算机/AI/电子/通信/数学/人工智能,,,,https://jiuye.uestc.edu.cn/career/recruitment/onsite/fwi5oeuyljia,verified,https://jiuye.uestc.edu.cn/career/recruitment/onsite,
e1c065d89ba1ddc8def472f6a38ff9a1a2d56e5920c3264398aef046c66d64a0,2026-09-03 22:04:41,2026-09-03 22:04:41,现场招聘,眸芯科技(上海)有限公司,七、联系我们,BSP工程师,2026-08-28 11:02:51,2026-09-10,上海市:浦东新区,2026-09-10,14:00,16:00,【清】学生活动中心220,硕士,计算机/软件/电子/通信/自动化,,,,https://jiuye.uestc.edu.cn/career/recruitment/onsite/fwi5oeuyljia,verified,https://jiuye.uestc.edu.cn/career/recruitment/onsite,
a4c93657b261a67fa7e571ef602dd07d2ea30005d1775401472055de2216793d,2026-09-03 22:04:41,2026-09-03 22:04:41,现场招聘,广东军辉达进出口贸易有限公司,广东军辉达进出口贸易有限公司招聘简章,【空中宣讲会】广东军辉达进出口贸易有限公司,2026-08-28 13:47:15,2026-09-10,广东省:东莞市,2026-09-10,14:00,,,本科、硕士,,,,https://meeting.tencent.com/dm/TDo4TvYnx7Bh,https://jiuye.uestc.edu.cn/career/recruitment/aerial/fvtcfxgkeadd,verified,https://jiuye.uestc.edu.cn/career/recruitment/aerial,
2234a796e51df1ab2479bf25aa9098f71fdf0bee841d809dbcfeb363826303bd,2026-09-03 22:04:41,2026-09-08 09:28:01,现场招聘,荣耀终端股份有限公司,敢想 敢不同——荣耀2027届全球校园招聘,未明确列出,2026-09-07 23:58:41,2026-09-10,其他(具体查看招聘信息),2026-09-10,14:30,16:30,【清】活动中心二楼圆厅,本科、硕士、博士,,,,,https://jiuye.uestc.edu.cn/career/recruitment/onsite/fwi24aewcrup,verified,https://jiuye.uestc.edu.cn/career/recruitment/onsite,
8fa65d1d936ccd540a690d9941795d1581abb78d1718ff3d70d559a72b4b7b20,2026-09-03 22:04:41,2026-09-03 22:04:41,现场招聘,天府软件园,2026年秋季人才招聘,“新兴向蓉”成都高新区天府人才行动暨天府软件园 2026年秋季人才招聘,2026-08-28 10:01:49,2026-09-10,四川省:成都市,2026-09-10,14:30,17:00,【清】活动中心一楼圆厅,本科、硕士、博士,,,,https://www.zhipin.com/dz/tfrjy2026,https://jiuye.uestc.edu.cn/career/recruitment/group/fwi297nbzs3l,verified,https://jiuye.uestc.edu.cn/career/recruitment/group,
c277eb67c9a4432fdf1148122282cff9aeafe9c48a0e7fef4eaad631ddb1c8f3,2026-09-03 22:04:41,2026-09-03 22:04:41,现场招聘,翰博高新材料(合肥)股份有限公司,翰博控股集团 2027 届校园招聘简章,研发类,2026-09-02 17:38:01,2026-09-10,"四川省:成都市,安徽省:合肥市",2026-09-10,15:00,16:30,【清】立人楼B118,本科,,,,https://hibr.zhiye.com/,https://jiuye.uestc.edu.cn/career/recruitment/onsite/fx0zjxckx91e,verified,https://jiuye.uestc.edu.cn/career/recruitment/onsite,
815e739fb75d19f2590067c23423a39612cac005e634b70789adf6caed13d96a,2026-09-03 22:04:41,2026-09-03 22:04:41,现场招聘,翰博高新材料(合肥)股份有限公司,翰博控股集团 2027 届校园招聘简章,职能类,2026-09-02 17:38:01,2026-09-10,"四川省:成都市,安徽省:合肥市",2026-09-10,15:00,16:30,【清】立人楼B118,本科,,,,https://hibr.zhiye.com/,https://jiuye.uestc.edu.cn/career/recruitment/onsite/fx0zjxckx91e,verified,https://jiuye.uestc.edu.cn/career/recruitment/onsite,
b22fe9d800024f0c24d6476e84f82a25aacc1e1eec71cbd9e4870dcfa2c3a78b,2026-09-03 22:04:41,2026-09-03 22:04:41,现场招聘,翰博高新材料(合肥)股份有限公司,翰博控股集团 2027 届校园招聘简章,技术类,2026-09-02 17:38:01,2026-09-10,"四川省:成都市,安徽省:合肥市",2026-09-10,15:00,16:30,【清】立人楼B118,本科,,,,https://hibr.zhiye.com/,https://jiuye.uestc.edu.cn/career/recruitment/onsite/fx0zjxckx91e,verified,https://jiuye.uestc.edu.cn/career/recruitment/onsite,
1df3d007322b362ca1a5b048b5088b7603e9871d9ff9be62814fe6a4b5010ceb,2026-09-03 22:04:41,2026-09-03 22:04:41,现场招聘,翰博高新材料(合肥)股份有限公司,翰博控股集团 2027 届校园招聘简章,品质类,2026-09-02 17:38:01,2026-09-10,"四川省:成都市,安徽省:合肥市",2026-09-10,15:00,16:30,【清】立人楼B118,本科,,,,https://hibr.zhiye.com/,https://jiuye.uestc.edu.cn/career/recruitment/onsite/fx0zjxckx91e,verified,https://jiuye.uestc.edu.cn/career/recruitment/onsite,
d3ab02bba45855352d310d9abd0c858285cc3f4b85aac14e3b83e3a72d00f37d,2026-09-03 22:04:41,2026-09-03 22:04:41,现场招聘,翰博高新材料(合肥)股份有限公司,翰博控股集团 2027 届校园招聘简章,供应链类,2026-09-02 17:38:01,2026-09-10,"四川省:成都市,安徽省:合肥市",2026-09-10,15:00,16:30,【清】立人楼B118,本科,,,,https://hibr.zhiye.com/,https://jiuye.uestc.edu.cn/career/recruitment/onsite/fx0zjxckx91e,verified,https://jiuye.uestc.edu.cn/career/recruitment/onsite,
b18dae657028184ccbd03b486a3f77361964b7d9610822183c9965493b74b676,2026-09-03 22:04:41,2026-09-03 22:04:41,现场招聘,翰博高新材料(合肥)股份有限公司,翰博控股集团 2027 届校园招聘简章,设备类,2026-09-02 17:38:01,2026-09-10,"四川省:成都市,安徽省:合肥市",2026-09-10,15:00,16:30,【清】立人楼B118,本科,,,,https://hibr.zhiye.com/,https://jiuye.uestc.edu.cn/career/recruitment/onsite/fx0zjxckx91e,verified,https://jiuye.uestc.edu.cn/career/recruitment/onsite,
cfd266edfe564660d4df9b873c274834aafa3d7e4f073c0213d7be02f1d1d7ba,2026-09-03 22:04:41,2026-09-03 22:04:41,现场招聘,翰博高新材料(合肥)股份有限公司,翰博控股集团 2027 届校园招聘简章,市场类,2026-09-02 17:38:01,2026-09-10,"四川省:成都市,安徽省:合肥市",2026-09-10,15:00,16:30,【清】立人楼B118,本科,,,,https://hibr.zhiye.com/,https://jiuye.uestc.edu.cn/career/recruitment/onsite/fx0zjxckx91e,verified,https://jiuye.uestc.edu.cn/career/recruitment/onsite,
e9c38e2c4c55a41bde1d72a7d4c341117182182a7f336cdc3cba126d70fe1aab,2026-09-03 22:04:41,2026-09-03 22:04:41,现场招聘,上海南芯半导体科技股份有限公司,,未明确列出,2026-08-28 12:20:16,2026-09-10,其他(具体查看招聘信息),2026-09-10,15:00,17:00,【清】立人楼B120,本科、硕士、博士,,,,,https://jiuye.uestc.edu.cn/career/recruitment/onsite/fwid2pis6h35,verified,https://jiuye.uestc.edu.cn/career/recruitment/onsite,
d4001d43d13213ed9c0a9d246a719f834b2222c685597974a63b8be1536b74b2,2026-09-03 22:04:41,2026-09-03 22:04:41,现场招聘,中国电子科技集团公司第四十三研究所,二、招聘对象,人工智能工程师,2026-08-28 17:08:24,2026-09-10,安徽省:合肥市,2026-09-10,15:00,17:00,【清】立人楼B119,硕士、博士,,,,,https://jiuye.uestc.edu.cn/career/recruitment/onsite/fwfi07k6ultu,verified,https://jiuye.uestc.edu.cn/career/recruitment/onsite,
1281560fec72b05f4cc863ff332380c7b1e50fa9c9aef0a92be6a612c80f3d27,2026-09-03 22:04:41,2026-09-03 22:04:41,现场招聘,中国电子科技集团公司第四十三研究所,二、招聘对象,模块电源设计师,2026-08-28 17:08:24,2026-09-10,安徽省:合肥市,2026-09-10,15:00,17:00,【清】立人楼B119,硕士、博士,,,,,https://jiuye.uestc.edu.cn/career/recruitment/onsite/fwfi07k6ultu,verified,https://jiuye.uestc.edu.cn/career/recruitment/onsite,
fd0f1cb58da66786b130382702edf8281ed89a9e6d225b3f63766e9d006ee27f,2026-09-03 22:04:41,2026-09-03 22:04:41,现场招聘,中国电子科技集团公司第四十三研究所,二、招聘对象,高压DC/DC设计师,2026-08-28 17:08:24,2026-09-10,安徽省:合肥市,2026-09-10,15:00,17:00,【清】立人楼B119,硕士、博士,,,,,https://jiuye.uestc.edu.cn/career/recruitment/onsite/fwfi07k6ultu,verified,https://jiuye.uestc.edu.cn/career/recruitment/onsite,
27a710762b38e474e13ff3b67b96a0926069312701c0f2f8415b4f368519e133,2026-09-03 22:04:41,2026-09-03 22:04:41,现场招聘,中国电子科技集团公司第四十三研究所,二、招聘对象,硬件电路设计师,2026-08-28 17:08:24,2026-09-10,安徽省:合肥市,2026-09-10,15:00,17:00,【清】立人楼B119,硕士、博士,,,,,https://jiuye.uestc.edu.cn/career/recruitment/onsite/fwfi07k6ultu,verified,https://jiuye.uestc.edu.cn/career/recruitment/onsite,
cb412de6601c92ef1f53444838964f824c4cb04047b1e66ba0c4db1daf55f155,2026-09-03 22:04:41,2026-09-03 22:04:41,现场招聘,中国电子科技集团公司第四十三研究所,二、招聘对象,嵌入式软件设计师,2026-08-28 17:08:24,2026-09-10,安徽省:合肥市,2026-09-10,15:00,17:00,【清】立人楼B119,硕士、博士,,,,,https://jiuye.uestc.edu.cn/career/recruitment/onsite/fwfi07k6ultu,verified,https://jiuye.uestc.edu.cn/career/recruitment/onsite,
7e0b8a07f6b78098930df856cc476985dc52e3e1c50d36be562b801684722c82,2026-09-03 22:04:41,2026-09-03 22:04:41,现场招聘,中国电子科技集团公司第四十三研究所,二、招聘对象,功率IC/传感设计师,2026-08-28 17:08:24,2026-09-10,安徽省:合肥市,2026-09-10,15:00,17:00,【清】立人楼B119,硕士、博士,,,,,https://jiuye.uestc.edu.cn/career/recruitment/onsite/fwfi07k6ultu,verified,https://jiuye.uestc.edu.cn/career/recruitment/onsite,
e050620269241b8ceff121c3c25664d4e3263143bc4902acef04fa5f8c3b7617,2026-09-03 22:04:41,2026-09-03 22:04:41,现场招聘,中国电子科技集团公司第四十三研究所,二、招聘对象,PCB版图设计师,2026-08-28 17:08:24,2026-09-10,安徽省:合肥市,2026-09-10,15:00,17:00,【清】立人楼B119,硕士、博士,,,,,https://jiuye.uestc.edu.cn/career/recruitment/onsite/fwfi07k6ultu,verified,https://jiuye.uestc.edu.cn/career/recruitment/onsite,
85961d274a8ccd979b6d410a09853ab9c275d04710658e698b54fbeb3f9c4093,2026-09-03 22:04:41,2026-09-03 22:04:41,现场招聘,中国电子科技集团公司第四十三研究所,二、招聘对象,电磁仿真工程师,2026-08-28 17:08:24,2026-09-10,安徽省:合肥市,2026-09-10,15:00,17:00,【清】立人楼B119,硕士、博士,,,,,https://jiuye.uestc.edu.cn/career/recruitment/onsite/fwfi07k6ultu,verified,https://jiuye.uestc.edu.cn/career/recruitment/onsite,
9774e978c1b2ea80e3bc62df98cb76e4b22c161586ac04ea8d316f5f0ace9bba,2026-09-03 22:04:41,2026-09-03 22:04:41,现场招聘,中国电子科技集团公司第四十三研究所,二、招聘对象,微波元件测试工程师,2026-08-28 17:08:24,2026-09-10,安徽省:合肥市,2026-09-10,15:00,17:00,【清】立人楼B119,硕士、博士,,,,,https://jiuye.uestc.edu.cn/career/recruitment/onsite/fwfi07k6ultu,verified,https://jiuye.uestc.edu.cn/career/recruitment/onsite,
dd1b6b0be16bc3720247a5f9937d8ee426b99ef6afd3452c2d4153f9c17fa693,2026-09-03 22:04:41,2026-09-03 22:04:41,现场招聘,中国电子科技集团公司第四十三研究所,二、招聘对象,射频电路设计师,2026-08-28 17:08:24,2026-09-10,安徽省:合肥市,2026-09-10,15:00,17:00,【清】立人楼B119,硕士、博士,,,,,https://jiuye.uestc.edu.cn/career/recruitment/onsite/fwfi07k6ultu,verified,https://jiuye.uestc.edu.cn/career/recruitment/onsite,
554756d9e395947805af5a4857c95dc78506fa5b2ea4f4ca3532450a84455776,2026-09-03 22:04:41,2026-09-03 22:04:41,现场招聘,中国电子科技集团公司第四十三研究所,二、招聘对象,SiP先进封装工艺工程师,2026-08-28 17:08:24,2026-09-10,安徽省:合肥市,2026-09-10,15:00,17:00,【清】立人楼B119,硕士、博士,,,,,https://jiuye.uestc.edu.cn/career/recruitment/onsite/fwfi07k6ultu,verified,https://jiuye.uestc.edu.cn/career/recruitment/onsite,
cb0c3bccd986774913965ca07e52c3a6da273b96610fff2f62d0edf168c55b34,2026-09-03 22:04:41,2026-09-03 22:04:41,现场招聘,中国电子科技集团公司第四十三研究所,二、招聘对象,微系统结构设计师,2026-08-28 17:08:24,2026-09-10,安徽省:合肥市,2026-09-10,15:00,17:00,【清】立人楼B119,硕士、博士,,,,,https://jiuye.uestc.edu.cn/career/recruitment/onsite/fwfi07k6ultu,verified,https://jiuye.uestc.edu.cn/career/recruitment/onsite,
e471c1cd819bf7c3a1bceeba727864d4a238fe41a494b9a13dfb5b33b87f924a,2026-09-03 22:04:41,2026-09-03 22:04:41,现场招聘,中国电子科技集团公司第四十三研究所,二、招聘对象,工艺技术工程师,2026-08-28 17:08:24,2026-09-10,安徽省:合肥市,2026-09-10,15:00,17:00,【清】立人楼B119,硕士、博士,,,,,https://jiuye.uestc.edu.cn/career/recruitment/onsite/fwfi07k6ultu,verified,https://jiuye.uestc.edu.cn/career/recruitment/onsite,
c6748071942053afd40818a1d7f1ee485f07f1c1bd88c170b7e250a6e2cfcb84,2026-09-03 22:04:41,2026-09-03 22:04:41,现场招聘,中国电子科技集团公司第四十三研究所,二、招聘对象,薄膜工艺工程师,2026-08-28 17:08:24,2026-09-10,安徽省:合肥市,2026-09-10,15:00,17:00,【清】立人楼B119,硕士、博士,,,,,https://jiuye.uestc.edu.cn/career/recruitment/onsite/fwfi07k6ultu,verified,https://jiuye.uestc.edu.cn/career/recruitment/onsite,
3874a098316443f0a761b350bac8c15c73ff970047eb643a29cf0efb82a90bec,2026-09-03 22:04:41,2026-09-03 22:04:41,现场招聘,中国电子科技集团公司第四十三研究所,二、招聘对象,多层陶瓷工艺工程师,2026-08-28 17:08:24,2026-09-10,安徽省:合肥市,2026-09-10,15:00,17:00,【清】立人楼B119,硕士、博士,,,,,https://jiuye.uestc.edu.cn/career/recruitment/onsite/fwfi07k6ultu,verified,https://jiuye.uestc.edu.cn/career/recruitment/onsite,
5e52ad979ac328eb6f36f84e6e8f62276b7ab846ec4b674923865a9afb2972a6,2026-09-03 22:04:41,2026-09-03 22:04:41,现场招聘,中国电子科技集团公司第四十三研究所,二、招聘对象,电子材料工程师,2026-08-28 17:08:24,2026-09-10,安徽省:合肥市,2026-09-10,15:00,17:00,【清】立人楼B119,硕士、博士,,,,,https://jiuye.uestc.edu.cn/career/recruitment/onsite/fwfi07k6ultu,verified,https://jiuye.uestc.edu.cn/career/recruitment/onsite,
8c3f909c50ec1340a645736ec4d1562a3c49fadace0861f6793d9a4d2466e5cc,2026-09-03 22:04:41,2026-09-03 22:04:41,现场招聘,中国电子科技集团公司第四十三研究所,二、招聘对象,结构设计师,2026-08-28 17:08:24,2026-09-10,安徽省:合肥市,2026-09-10,15:00,17:00,【清】立人楼B119,硕士、博士,,,,,https://jiuye.uestc.edu.cn/career/recruitment/onsite/fwfi07k6ultu,verified,https://jiuye.uestc.edu.cn/career/recruitment/onsite,
491db654a722bba301262a50d60f86a50437189b0337e11517a5c0282cbe10d5,2026-09-03 22:04:41,2026-09-03 22:04:41,现场招聘,中国电子科技集团公司第四十三研究所,二、招聘对象,元器件质量保证工程师,2026-08-28 17:08:24,2026-09-10,安徽省:合肥市,2026-09-10,15:00,17:00,【清】立人楼B119,硕士、博士,,,,,https://jiuye.uestc.edu.cn/career/recruitment/onsite/fwfi07k6ultu,verified,https://jiuye.uestc.edu.cn/career/recruitment/onsite,
5c5fe7f60f24d6ec4ec4bf25a08f064e8a11aabd3741999615fbaa0dbeb14fb3,2026-09-03 22:04:41,2026-09-03 22:04:41,现场招聘,中国电子科技集团公司第四十三研究所,二、招聘对象,电子元器件检测工程师,2026-08-28 17:08:24,2026-09-10,安徽省:合肥市,2026-09-10,15:00,17:00,【清】立人楼B119,硕士、博士,,,,,https://jiuye.uestc.edu.cn/career/recruitment/onsite/fwfi07k6ultu,verified,https://jiuye.uestc.edu.cn/career/recruitment/onsite,
908db0d3750f795e46e9b9c6ef60b739e231af0fcbb9f0edd396ad7d273e5b1b,2026-09-03 22:04:41,2026-09-05 08:42:55,现场招聘,深圳市华宝新能源股份有限公司,华宝新能 2027 届管培生校园招聘简章,未明确列出,2026-09-04 14:21:14,2026-09-10,广东省:深圳市,2026-09-10,15:00,17:00,【清】立人楼B117,本科,,,,https://career.hello-tech.com/campus,https://jiuye.uestc.edu.cn/career/recruitment/onsite/fwfiwji6k45d,verified,https://jiuye.uestc.edu.cn/career/recruitment/onsite,
83bd5e230be836d5d52a07c3a242f076dfe754a55c465280819d60a36686be4b,2026-09-03 22:04:41,2026-09-03 22:04:41,现场招聘,电子科技大学,,未明确列出,2026-08-28 22:44:22,2026-09-10,其他(具体查看招聘信息),2026-09-10,15:00,17:00,【清】品学楼B108,硕士,,,,,https://jiuye.uestc.edu.cn/career/recruitment/onsite/fwfg8e50uj2a,verified,https://jiuye.uestc.edu.cn/career/recruitment/onsite,
daaec25427719c32ccfb5b8eb35d57a647217b4d1cd1c6538f48dfe487ea28aa,2026-09-03 22:04:41,2026-09-03 22:04:41,现场招聘,电子科技大学,,未明确列出,2026-08-28 22:44:11,2026-09-10,其他(具体查看招聘信息),2026-09-10,15:00,17:00,【清】品学楼B109,硕士,,,,,https://jiuye.uestc.edu.cn/career/recruitment/onsite/fwfgdgbg92bm,verified,https://jiuye.uestc.edu.cn/career/recruitment/onsite,
234e52d5d664f47351159501343746b3d3e2664b8ace8ab574d955fc2abf55be,2026-09-03 22:04:41,2026-09-03 22:04:41,现场招聘,电子科技大学,,未明确列出,2026-08-28 22:43:58,2026-09-10,其他(具体查看招聘信息),2026-09-10,15:00,17:00,【清】品学楼B205,硕士,,,,,https://jiuye.uestc.edu.cn/career/recruitment/onsite/fwfgiwd6cxs2,verified,https://jiuye.uestc.edu.cn/career/recruitment/onsite,
d7ef299618a3a8fdd0c59a249d32b53d4461fc7fec1c0c099926f9a33e7635a7,2026-09-03 22:04:41,2026-09-06 09:09:28,现场招聘,中建三局集团有限公司,二、“争先之星”人才计划,未明确列出,2026-09-04 10:28:40,2026-09-10,四川省:成都市,2026-09-10,19:30,21:00,【清】立人楼B120,本科、硕士、博士,,,,http://zhaopin.cscec3b.com.cn/,https://jiuye.uestc.edu.cn/career/recruitment/onsite/fx0jt5t62o01,verified,https://jiuye.uestc.edu.cn/career/recruitment/onsite,
e4c0bc8621a95f6bcde489d3c9ab32598aab37433f6b0d58eb464643004bb576,2026-09-03 22:04:41,2026-09-03 22:04:41,现场招聘,中国航发沈阳发动机研究所,中国航发沈阳发动机研究所2027届校园招聘简章,未明确列出,2026-08-28 20:07:53,2026-09-10,辽宁省:沈阳市,2026-09-10,16:30,18:00,【清】学生活动中心220,硕士、博士,,,,https://www.iguopin.com/company/jobs?id=10685309808288048,https://jiuye.uestc.edu.cn/career/recruitment/onsite/fwja1ysuhqte,verified,https://jiuye.uestc.edu.cn/career/recruitment/onsite,
50e939914f1790e71794a7c4a15cf3fbe2e8ae5b1b2973a3e0408864ea1108e8,2026-09-03 22:04:41,2026-09-03 22:04:41,现场招聘,北京嘀嘀无限科技发展有限公司,滴滴2027届校园招聘正式启动!,未明确列出,2026-08-28 15:55:53,2026-09-10,其他(具体查看招聘信息),2026-09-10,16:30,18:00,【清】学生活动中心201,本科、硕士、博士,,,,http://campus.didiglobal.com/,https://jiuye.uestc.edu.cn/career/recruitment/onsite/fwfhf2cosb9d,verified,https://jiuye.uestc.edu.cn/career/recruitment/onsite,
f48d4bd5921ca9db9fa4330642a30af679400f240cc09fd6676d97339396e557,2026-09-03 22:04:41,2026-09-10 08:42:32,现场招聘,北京三快在线科技有限公司,美团2027届校园招聘8月17日全球启动,未明确列出,2026-09-09 13:06:08,2026-09-10,北京市:朝阳区,2026-09-10,18:30,21:30,【清】学生活动中心201,本科、硕士、博士,,,,https://zhaopin.meituan.com/web/campus,https://jiuye.uestc.edu.cn/career/recruitment/onsite/fv56fnwwcn42,verified,https://jiuye.uestc.edu.cn/career/recruitment/onsite,
463a02340846985420a375f362f6833d6dba9b25966964dc238a35652977db9b,2026-09-03 22:04:41,2026-09-03 22:04:41,现场招聘,中芯国际集成电路制造(上海)有限公司,中芯国际2027届校园招聘,未明确列出,2026-08-28 15:48:06,2026-09-10,其他(具体查看招聘信息),2026-09-10,18:30,20:30,【清】学生活动中心二楼圆厅,本科、硕士、博士,,,,http://smics.zhiye.com/campus,https://jiuye.uestc.edu.cn/career/recruitment/onsite/fwawuxpg4gea,verified,https://jiuye.uestc.edu.cn/career/recruitment/onsite,
f8df549bc9fdca554e48b2163586af5427e31c6a1cca427dfb3ade41c96a854e,2026-09-03 22:04:41,2026-09-03 22:04:41,现场招聘,芯云凌(重庆)电子科技有限公司,校园招聘简章,数字IC设计工程师(SoC后端),2026-08-31 10:37:07,2026-09-10,"四川省:成都市,重庆市:北碚区",2026-09-10,19:30,20:30,【清】学生活动中心220,本科、硕士,电子信息、微电子、集成电路、通信工程、光电工程、自动化、电磁场与微波等相关专业优先,,,,https://jiuye.uestc.edu.cn/career/recruitment/onsite/fwsubkif5eki,verified,https://jiuye.uestc.edu.cn/career/recruitment/onsite,
561ec15219298cd1ad600846994e5d0753c71f931f7f62b802e3ecfc9963abf4,2026-09-03 22:04:41,2026-09-03 22:04:41,现场招聘,芯云凌(重庆)电子科技有限公司,校园招聘简章,可测试性设计(DFT)工程师,2026-08-31 10:37:07,2026-09-10,"四川省:成都市,重庆市:北碚区",2026-09-10,19:30,20:30,【清】学生活动中心220,本科、硕士,电子信息、微电子、集成电路、通信工程、光电工程、自动化、电磁场与微波等相关专业优先,,,,https://jiuye.uestc.edu.cn/career/recruitment/onsite/fwsubkif5eki,verified,https://jiuye.uestc.edu.cn/career/recruitment/onsite,
5b2facb536a0313804d87f51b06e9eb54ac6230f3fbdc386721837e9a0414994,2026-09-03 22:04:41,2026-09-03 22:04:41,现场招聘,芯云凌(重庆)电子科技有限公司,校园招聘简章,信号及功耗完整性(SI/PI) 设计工程师,2026-08-31 10:37:07,2026-09-10,"四川省:成都市,重庆市:北碚区",2026-09-10,19:30,20:30,【清】学生活动中心220,本科、硕士,电子信息、微电子、集成电路、通信工程、光电工程、自动化、电磁场与微波等相关专业优先,,,,https://jiuye.uestc.edu.cn/career/recruitment/onsite/fwsubkif5eki,verified,https://jiuye.uestc.edu.cn/career/recruitment/onsite,
e05c917f61352c706ac2d5eb2a163262bcb2a344e6c29685e67996d3b2530f18,2026-09-03 22:04:41,2026-09-03 22:04:41,现场招聘,中电科金仓(北京)科技股份有限公司,【央企背景】中电科金仓2027校园招聘,未明确列出,2026-09-03 10:32:40,2026-09-10,"北京市:朝阳区,天津市:西青区,山东省:青岛市,四川省:成都市,陕西省:西安市",2026-09-10,19:30,21:00,【清】品学楼B108,硕士、博士,,,,https://app.mokahr.com/campus-recruitment/kingbase,https://jiuye.uestc.edu.cn/career/recruitment/onsite/fx3cvahexiwx,verified,https://jiuye.uestc.edu.cn/career/recruitment/onsite,
313bcf99f05c5e60d82a2e5f6af13a90fb9c94c4daf18ec4dd306a228308fd20,2026-09-03 22:04:41,2026-09-03 22:04:41,现场招聘,杭州长川科技股份有限公司,长川科技2027届校园招聘简章,未明确列出,2026-08-31 11:27:07,2026-09-10,浙江省:杭州市,2026-09-10,19:30,21:00,【清】立人楼B117,本科、硕士,,,,,https://jiuye.uestc.edu.cn/career/recruitment/onsite/fwhvevl9bls2,verified,https://jiuye.uestc.edu.cn/career/recruitment/onsite,
ee8e79286c0261cfb667c99c54a3995bd04c151b705c7b5582e1aeebbb6b67e1,2026-09-03 22:04:41,2026-09-03 22:04:41,现场招聘,深信服科技股份有限公司,,未明确列出,2026-08-28 12:22:47,2026-09-10,"广东省:深圳市,北京市:海淀区,四川省:成都市,湖南省:长沙市",2026-09-10,19:30,21:00,【清】立人楼B118,本科、硕士、博士,,,,,https://jiuye.uestc.edu.cn/career/recruitment/onsite/fwid2qhe9tky,verified,https://jiuye.uestc.edu.cn/career/recruitment/onsite,
7819c48dc6d74611801b54c412de96ef532eb2cac60c7726530cf8c54768595b,2026-09-03 22:04:41,2026-09-03 22:04:41,现场招聘,陕西汽车控股集团有限公司,2027年陕西汽车控股集团有限公司校园招聘简章,未明确列出,2026-09-03 15:26:05,2026-09-10,陕西省:西安市,2026-09-10,19:30,21:00,【清】立人楼B119,本科、硕士、博士,,,,,https://jiuye.uestc.edu.cn/career/recruitment/onsite/fx47ec74asqq,verified,https://jiuye.uestc.edu.cn/career/recruitment/onsite,
a0f8b7a3e56d2289ec4c6be1720697c591d20a7b5035a7b7947a1500ddab56d2,2026-09-03 22:04:41,2026-09-03 22:04:41,现场招聘,上海祥承通讯技术有限公司,祥承科技 202 7届校园招聘,未明确列出,2026-09-02 19:41:05,2026-09-11,其他(具体查看招聘信息),2026-09-11,09:30,11:30,【清】品学楼B108,本科、硕士,,,,https://xchengtech.zhiye.com/,https://jiuye.uestc.edu.cn/career/recruitment/onsite/fx1a1zkxhwjm,verified,https://jiuye.uestc.edu.cn/career/recruitment/onsite,
4ebe774757e54981db8af20f79c88efe3680bc0b0442470e67701c51c71336d9,2026-09-03 22:04:41,2026-09-10 08:42:32,现场招聘,重庆奕能电子有限公司,,未明确列出,2026-09-09 21:34:33,2026-09-11,重庆市:江北区,2026-09-11,10:00,11:30,【清】学生活动中心220,本科、硕士、博士,,,,,https://jiuye.uestc.edu.cn/career/recruitment/onsite/fwwj0hshfmde,verified,https://jiuye.uestc.edu.cn/career/recruitment/onsite,
a54fb182df9b944de5c80ab2ffd03957cfbf3fc3def5f6af14f9e80ec9462d01,2026-09-03 22:04:41,2026-09-03 22:04:41,现场招聘,成都九洲迪飞科技有限责任公司,成都九洲迪飞科技有限责任公司2027届校园招聘,未明确列出,2026-09-03 18:28:01,2026-09-11,四川省:成都市,2026-09-11,10:00,11:30,【清】立人楼B120,硕士,,,,https://www.jezetek.cc/,https://jiuye.uestc.edu.cn/career/recruitment/onsite/fx4ob5wuvm69,verified,https://jiuye.uestc.edu.cn/career/recruitment/onsite,
e72d1dd64502c8400d2d458959c0becf7251d9fe5f64951056bc408bf1e14a48,2026-09-03 22:04:41,2026-09-03 22:04:41,现场招聘,重庆奕能电子有限公司,,未明确列出,2026-08-31 08:56:30,2026-09-11,重庆市:江北区,2026-09-11,11:00,11:30,【清】学生活动中心220,硕士、博士、本科,,,,,https://jiuye.uestc.edu.cn/career/recruitment/onsite/fwslof7qe3nl,verified,https://jiuye.uestc.edu.cn/career/recruitment/onsite,
d4feacf89016854b1bd14cb535eebc72fdf36f8e3d223266d02bc21517f71ca3,2026-09-03 22:04:41,2026-09-03 22:04:41,现场招聘,江苏卓胜微电子股份有限公司,,未明确列出,2026-08-28 16:54:20,2026-09-11,其他(具体查看招聘信息),2026-09-11,14:00,16:00,【清】学生活动中心220,本科、硕士,,,,https://mp.weixin.qq.com/s/Mb2wPt7g3EkJ-sPBumquAA,https://jiuye.uestc.edu.cn/career/recruitment/onsite/fwfk44vahfr6,verified,https://jiuye.uestc.edu.cn/career/recruitment/onsite,
6076bb62b3fa3470acf4cb1840c35f66b7be6b963b454c4199f7624cf28e8341,2026-09-03 22:04:41,2026-09-03 22:04:41,现场招聘,华为技术有限公司,,未明确列出,2026-09-01 11:44:48,2026-09-11,其他(具体查看招聘信息),2026-09-11,14:30,17:00,【清】图书馆求实厅,本科、硕士、博士,,,,,https://jiuye.uestc.edu.cn/career/recruitment/onsite/fwwl9k1jxblt,verified,https://jiuye.uestc.edu.cn/career/recruitment/onsite,
a7d0a7a3f6e7addd32728e3077840233313747d69ded0137f30af3765ed93db1,2026-09-03 22:04:41,2026-09-03 22:04:41,现场招聘,四川九洲电器集团有限责任公司,2027届校园招聘简章,未明确列出,2026-09-02 11:50:41,2026-09-11,四川省:绵阳市,2026-09-11,15:00,16:30,【清】品学楼B205,本科、硕士、博士,,,,https://wecruit.hotjob.cn/SU67c7a52a1c240e1887c9c470/pb/school.html?orgCode=0%2F109152,https://jiuye.uestc.edu.cn/career/recruitment/onsite/fwzybhuu1a81,verified,https://jiuye.uestc.edu.cn/career/recruitment/onsite,
7568b5bdc80df786745c611c7859273c391598e73fb96a3808067567d6f352fa,2026-09-03 22:04:41,2026-09-03 22:04:41,现场招聘,远峰科技股份有限公司,,算法工程师,2026-08-28 13:36:49,2026-09-11,广东省:东莞市,2026-09-11,15:00,16:30,【清】立人楼B117,本科、硕士、博士,,,,https://yftech2012.jobs.feishu.cn/659526,https://jiuye.uestc.edu.cn/career/recruitment/onsite/fwhynberlo1u,verified,https://jiuye.uestc.edu.cn/career/recruitment/onsite,
1d8d9544134ac75faee64b550ad4d5629f6cf75c94ca97c6ff3a20d7231afb5f,2026-09-03 22:04:41,2026-09-03 22:04:41,现场招聘,远峰科技股份有限公司,,嵌入式软件工程师,2026-08-28 13:36:49,2026-09-11,广东省:东莞市,2026-09-11,15:00,16:30,【清】立人楼B117,本科、硕士、博士,,,,https://yftech2012.jobs.feishu.cn/659526,https://jiuye.uestc.edu.cn/career/recruitment/onsite/fwhynberlo1u,verified,https://jiuye.uestc.edu.cn/career/recruitment/onsite,
9aaf434a1e04800c246ad21dcba82239c84af594d3e32a3726086ead249790b6,2026-09-03 22:04:41,2026-09-03 22:04:41,现场招聘,远峰科技股份有限公司,,天线工程师,2026-08-28 13:36:49,2026-09-11,广东省:东莞市,2026-09-11,15:00,16:30,【清】立人楼B117,本科、硕士、博士,,,,https://yftech2012.jobs.feishu.cn/659526,https://jiuye.uestc.edu.cn/career/recruitment/onsite/fwhynberlo1u,verified,https://jiuye.uestc.edu.cn/career/recruitment/onsite,
ec06842cd77b9a8adb2440c804f98f9fd8d52daf30488d02402cb3cbc7f5d359,2026-09-03 22:04:41,2026-09-03 22:04:41,现场招聘,远峰科技股份有限公司,,硬件工程师,2026-08-28 13:36:49,2026-09-11,广东省:东莞市,2026-09-11,15:00,16:30,【清】立人楼B117,本科、硕士、博士,,,,https://yftech2012.jobs.feishu.cn/659526,https://jiuye.uestc.edu.cn/career/recruitment/onsite/fwhynberlo1u,verified,https://jiuye.uestc.edu.cn/career/recruitment/onsite,
6e2ac620a173ed014e16193054c1b30fed37d38676e5c7e4f1957efe839b87e9,2026-09-03 22:04:41,2026-09-03 22:04:41,现场招聘,远峰科技股份有限公司,,结构工程师,2026-08-28 13:36:49,2026-09-11,广东省:东莞市,2026-09-11,15:00,16:30,【清】立人楼B117,本科、硕士、博士,,,,https://yftech2012.jobs.feishu.cn/659526,https://jiuye.uestc.edu.cn/career/recruitment/onsite/fwhynberlo1u,verified,https://jiuye.uestc.edu.cn/career/recruitment/onsite,
ea8be5e718621b57fc234756f57c97d6f00a28635fae43b3716137f04d328f48,2026-09-03 22:04:41,2026-09-03 22:04:41,现场招聘,远峰科技股份有限公司,,项目经理,2026-08-28 13:36:49,2026-09-11,广东省:东莞市,2026-09-11,15:00,16:30,【清】立人楼B117,本科、硕士、博士,,,,https://yftech2012.jobs.feishu.cn/659526,https://jiuye.uestc.edu.cn/career/recruitment/onsite/fwhynberlo1u,verified,https://jiuye.uestc.edu.cn/career/recruitment/onsite,
cd0567aed920cfaab45d1bc81a5877956defae4c72bba3af9cb493665976b19f,2026-09-03 22:04:41,2026-09-03 22:04:41,现场招聘,远峰科技股份有限公司,,产品经理,2026-08-28 13:36:49,2026-09-11,广东省:东莞市,2026-09-11,15:00,16:30,【清】立人楼B117,本科、硕士、博士,,,,https://yftech2012.jobs.feishu.cn/659526,https://jiuye.uestc.edu.cn/career/recruitment/onsite/fwhynberlo1u,verified,https://jiuye.uestc.edu.cn/career/recruitment/onsite,
438860a93524f5bcb9759793c2021512aec32470a1a8a2018a4b0e92c4bc840b,2026-09-03 22:04:41,2026-09-03 22:04:41,现场招聘,远峰科技股份有限公司,,采购开发工程师,2026-08-28 13:36:49,2026-09-11,广东省:东莞市,2026-09-11,15:00,16:30,【清】立人楼B117,本科、硕士、博士,,,,https://yftech2012.jobs.feishu.cn/659526,https://jiuye.uestc.edu.cn/career/recruitment/onsite/fwhynberlo1u,verified,https://jiuye.uestc.edu.cn/career/recruitment/onsite,
789e3b5dbad1ee7f55ff2e9d9f75ae39687a4f43e65371393d1baa366b9bf7e1,2026-09-03 22:04:41,2026-09-03 22:04:41,现场招聘,远峰科技股份有限公司,,PQM(项目质量工程师),2026-08-28 13:36:49,2026-09-11,广东省:东莞市,2026-09-11,15:00,16:30,【清】立人楼B117,本科、硕士、博士,,,,https://yftech2012.jobs.feishu.cn/659526,https://jiuye.uestc.edu.cn/career/recruitment/onsite/fwhynberlo1u,verified,https://jiuye.uestc.edu.cn/career/recruitment/onsite,
61f8c06d832605d9dededa1939fdbefb849730b6ab7113530c23ca7afa086f09,2026-09-03 22:04:41,2026-09-03 22:04:41,现场招聘,远峰科技股份有限公司,,工艺工程师(PE),2026-08-28 13:36:49,2026-09-11,广东省:东莞市,2026-09-11,15:00,16:30,【清】立人楼B117,本科、硕士、博士,,,,https://yftech2012.jobs.feishu.cn/659526,https://jiuye.uestc.edu.cn/career/recruitment/onsite/fwhynberlo1u,verified,https://jiuye.uestc.edu.cn/career/recruitment/onsite,
2a47ea11d521230bbdf7b51c36fab6fd9a7c911778b4f4090d7ad287a1b37711,2026-09-03 22:04:41,2026-09-03 22:04:41,现场招聘,远峰科技股份有限公司,,设备工程师(ME),2026-08-28 13:36:49,2026-09-11,广东省:东莞市,2026-09-11,15:00,16:30,【清】立人楼B117,本科、硕士、博士,,,,https://yftech2012.jobs.feishu.cn/659526,https://jiuye.uestc.edu.cn/career/recruitment/onsite/fwhynberlo1u,verified,https://jiuye.uestc.edu.cn/career/recruitment/onsite,
ee0372f831f7781614867648c6b914cb638cfe3cf1a847fe9c281ab7bed50a5c,2026-09-03 22:04:41,2026-09-03 22:04:41,现场招聘,中国航空无线电电子研究所,,未明确列出,2026-09-02 14:24:13,2026-09-11,"上海市:闵行区,四川省:成都市",2026-09-11,15:00,17:00,【清】品学楼B108,硕士、博士,,,,,https://jiuye.uestc.edu.cn/career/recruitment/onsite/fwzud4290irm,verified,https://jiuye.uestc.edu.cn/career/recruitment/onsite,
c86fe02f7fe2fe7389783543043c8020ed9b0a746c2ed2bddab23f6c3de9e872,2026-09-03 22:04:41,2026-09-03 22:04:41,现场招聘,中科芯集成电路有限公司,,未明确列出,2026-08-28 13:31:36,2026-09-11,江苏省:无锡市,2026-09-11,15:00,17:00,【清】立人楼B119,硕士、博士,,,,,https://jiuye.uestc.edu.cn/career/recruitment/onsite/fwi073ujhuki,verified,https://jiuye.uestc.edu.cn/career/recruitment/onsite,
6d77ea30a8db811fc9a677b90e667e7ba26fc631632b0857d994c8cb3e5d1988,2026-09-03 22:04:41,2026-09-03 22:04:41,现场招聘,峰岹科技(深圳)股份有限公司,,模拟IC设计工程师,2026-08-31 10:08:44,2026-09-11,深圳 上海,2026-09-11,15:00,17:00,【清】立人楼B118,本科 硕士,集成电子电路、微电子与固体电子学、电子工程等相关专业,,https://www.fortiortech.com/join/student,https://www.fortiortech.com/join/student,https://jiuye.uestc.edu.cn/career/recruitment/onsite/fwsrkmlgkyki,verified,https://jiuye.uestc.edu.cn/career/recruitment/onsite,
f75d6348f7609134bb94f0fdcdf0c3d2ac8a83684336ff79b3be2fab50e4364e,2026-09-03 22:04:41,2026-09-03 22:04:41,现场招聘,峰岹科技(深圳)股份有限公司,,数字IC设计工程师,2026-08-31 10:08:44,2026-09-11,深圳 上海,2026-09-11,15:00,17:00,【清】立人楼B118,本科 硕士,集成电子电路、微电子与固体电子学、电子工程等相关专业,,https://www.fortiortech.com/join/student,https://www.fortiortech.com/join/student,https://jiuye.uestc.edu.cn/career/recruitment/onsite/fwsrkmlgkyki,verified,https://jiuye.uestc.edu.cn/career/recruitment/onsite,
0cb2a0a377c5d954f270d7e12a68b8e4afca3958711855d2032b2ddc7aa54d50,2026-09-03 22:04:41,2026-09-03 22:04:41,现场招聘,峰岹科技(深圳)股份有限公司,,数字验证工程师,2026-08-31 10:08:44,2026-09-11,深圳 上海,2026-09-11,15:00,17:00,【清】立人楼B118,本科 硕士,集成电子电路、微电子与固体电子学、电子工程等相关专业,,https://www.fortiortech.com/join/student,https://www.fortiortech.com/join/student,https://jiuye.uestc.edu.cn/career/recruitment/onsite/fwsrkmlgkyki,verified,https://jiuye.uestc.edu.cn/career/recruitment/onsite,
0a411da5067d5f92271d287c9afa4d4dfdf6bc002c4931acc825b3cbf8572aec,2026-09-03 22:04:41,2026-09-03 22:04:41,现场招聘,峰岹科技(深圳)股份有限公司,,功率器件设计工程师,2026-08-31 10:08:44,2026-09-11,深圳 上海,2026-09-11,15:00,17:00,【清】立人楼B118,本科 硕士,集成电子电路、微电子与固体电子学、电子工程等相关专业,,https://www.fortiortech.com/join/student,https://www.fortiortech.com/join/student,https://jiuye.uestc.edu.cn/career/recruitment/onsite/fwsrkmlgkyki,verified,https://jiuye.uestc.edu.cn/career/recruitment/onsite,
31ab3a84c9fbe7663ed3bd349a46083a3690d81a574c7b123756697bb021eb88,2026-09-03 22:04:41,2026-09-03 22:04:41,现场招聘,峰岹科技(深圳)股份有限公司,,版图设计工程师,2026-08-31 10:08:44,2026-09-11,深圳 上海,2026-09-11,15:00,17:00,【清】立人楼B118,本科 硕士,集成电子电路、微电子与固体电子学、电子工程等相关专业,,https://www.fortiortech.com/join/student,https://www.fortiortech.com/join/student,https://jiuye.uestc.edu.cn/career/recruitment/onsite/fwsrkmlgkyki,verified,https://jiuye.uestc.edu.cn/career/recruitment/onsite,
1a645bec7227d2012e123b72ea80be4f00900fbd494e75d1c4652472b2107274,2026-09-03 22:04:41,2026-09-03 22:04:41,现场招聘,峰岹科技(深圳)股份有限公司,,封装研发工程师,2026-08-31 10:08:44,2026-09-11,深圳 上海,2026-09-11,15:00,17:00,【清】立人楼B118,本科 硕士,微电子科学与工程、‌材料科学与工程、‌集成电路设计与集成系统、机械电子工程、机械设计制造及其自动化、真空工程、电子信息工程、半导体工艺与装备、电子信息材料等相关专业,,https://www.fortiortech.com/join/student,https://www.fortiortech.com/join/student,https://jiuye.uestc.edu.cn/career/recruitment/onsite/fwsrkmlgkyki,verified,https://jiuye.uestc.edu.cn/career/recruitment/onsite,
b9c025353c43c41ee09f1572b01150e3f3087c27070988a25dd84af6c758d81f,2026-09-03 22:04:41,2026-09-03 22:04:41,现场招聘,峰岹科技(深圳)股份有限公司,,电机控制算法工程师,2026-08-31 10:08:44,2026-09-11,深圳 佛山 青岛 杭州 合肥 海外,2026-09-11,15:00,17:00,【清】立人楼B118,本科 硕士,"控制理论与控制工程、电力电子电气工程,自动化等相关专业",,https://www.fortiortech.com/join/student,https://www.fortiortech.com/join/student,https://jiuye.uestc.edu.cn/career/recruitment/onsite/fwsrkmlgkyki,verified,https://jiuye.uestc.edu.cn/career/recruitment/onsite,
03e5b1f4cd8b1e62295c540a5a7e473d65fc4016a4285df2567145f2298f9259,2026-09-03 22:04:41,2026-09-03 22:04:41,现场招聘,峰岹科技(深圳)股份有限公司,,"AI算法工程师(模型强化训练,知识库)",2026-08-31 10:08:44,2026-09-11,深圳,2026-09-11,15:00,17:00,【清】立人楼B118,本科 硕士,人工智能、计算机科学与技术、数据科学与大数据技术、数学与应用数学、电子信息、软件工程、自动化,,https://www.fortiortech.com/join/student,https://www.fortiortech.com/join/student,https://jiuye.uestc.edu.cn/career/recruitment/onsite/fwsrkmlgkyki,verified,https://jiuye.uestc.edu.cn/career/recruitment/onsite,
a1c0c9bc303f217811d24091e6c5434efd15ec565e6881867a94b653bcc97539,2026-09-03 22:04:41,2026-09-03 22:04:41,现场招聘,峰岹科技(深圳)股份有限公司,,AI前沿部署工程师,2026-08-31 10:08:44,2026-09-11,深圳,2026-09-11,15:00,17:00,【清】立人楼B118,本科 硕士,人工智能、计算机科学与技术、数据科学与大数据技术、数学与应用数学、电子信息、软件工程、自动化,,https://www.fortiortech.com/join/student,https://www.fortiortech.com/join/student,https://jiuye.uestc.edu.cn/career/recruitment/onsite/fwsrkmlgkyki,verified,https://jiuye.uestc.edu.cn/career/recruitment/onsite,
3c321a179b52e72aadfb1ebc40624ee9a701f1c70e7a10a6fa3427cabc6080b7,2026-09-03 22:04:41,2026-09-03 22:04:41,现场招聘,峰岹科技(深圳)股份有限公司,,传感器应用工程师,2026-08-31 10:08:44,2026-09-11,深圳 上海,2026-09-11,15:00,17:00,【清】立人楼B118,本科 硕士,测控技术与仪器、电气工程、自动化、电力电子、电子科学与技术等相关专业,,https://www.fortiortech.com/join/student,https://www.fortiortech.com/join/student,https://jiuye.uestc.edu.cn/career/recruitment/onsite/fwsrkmlgkyki,verified,https://jiuye.uestc.edu.cn/career/recruitment/onsite,
aed56af03c321b47dbcc78a6f485ed86e49e353e09c8c9e794ca831cfa5ab795,2026-09-03 22:04:41,2026-09-03 22:04:41,现场招聘,峰岹科技(深圳)股份有限公司,,软件工程师,2026-08-31 10:08:44,2026-09-11,深圳,2026-09-11,15:00,17:00,【清】立人楼B118,本科 硕士,计算机、软件工程等相关专业,,https://www.fortiortech.com/join/student,https://www.fortiortech.com/join/student,https://jiuye.uestc.edu.cn/career/recruitment/onsite/fwsrkmlgkyki,verified,https://jiuye.uestc.edu.cn/career/recruitment/onsite,
0686b812490449d48f68b5c905d6ec36705e368769910bee9ef97746ba7a77f4,2026-09-03 22:04:41,2026-09-03 22:04:41,现场招聘,峰岹科技(深圳)股份有限公司,,应用工程师,2026-08-31 10:08:44,2026-09-11,深圳 佛山 青岛 杭州 合肥 海外,2026-09-11,15:00,17:00,【清】立人楼B118,本科 硕士,测控技术与仪器、电气工程、自动化、电力电子、电子科学与技术、通信工程、电子信息工程、机械、电机等相关专业,,https://www.fortiortech.com/join/student,https://www.fortiortech.com/join/student,https://jiuye.uestc.edu.cn/career/recruitment/onsite/fwsrkmlgkyki,verified,https://jiuye.uestc.edu.cn/career/recruitment/onsite,
922e4ea1c75a363c3f216a23d7616282077e4a39f46a0e680c888830fb10b0ac,2026-09-03 22:04:41,2026-09-03 22:04:41,现场招聘,峰岹科技(深圳)股份有限公司,,硬件工程师,2026-08-31 10:08:44,2026-09-11,深圳 佛山 青岛 杭州 合肥 海外,2026-09-11,15:00,17:00,【清】立人楼B118,本科 硕士,测控技术与仪器、电气工程、自动化、电力电子、电子科学与技术、通信工程、电子信息工程、机械、电机等相关专业,,https://www.fortiortech.com/join/student,https://www.fortiortech.com/join/student,https://jiuye.uestc.edu.cn/career/recruitment/onsite/fwsrkmlgkyki,verified,https://jiuye.uestc.edu.cn/career/recruitment/onsite,
7cb61c153252d638a621b1184c04cae913dc8c9d41ee0db6467250ec03fee96e,2026-09-03 22:04:41,2026-09-03 22:04:41,现场招聘,峰岹科技(深圳)股份有限公司,,嵌入式开发工程师,2026-08-31 10:08:44,2026-09-11,深圳 佛山 青岛 杭州 合肥 海外,2026-09-11,15:00,17:00,【清】立人楼B118,本科 硕士,测控技术与仪器、电气工程、自动化、电力电子、电子科学与技术、通信工程、电子信息工程、机械、电机等相关专业,,https://www.fortiortech.com/join/student,https://www.fortiortech.com/join/student,https://jiuye.uestc.edu.cn/career/recruitment/onsite/fwsrkmlgkyki,verified,https://jiuye.uestc.edu.cn/career/recruitment/onsite,
dd178270e94c32efa340fac6e069b9ed7acad4bfcd6cd98686989c9434656e14,2026-09-03 22:04:41,2026-09-03 22:04:41,现场招聘,峰岹科技(深圳)股份有限公司,,海外技术支持工程师(韩国、日本、澳大利亚、美国、欧洲),2026-08-31 10:08:44,2026-09-11,深圳 佛山 青岛 杭州 合肥 海外,2026-09-11,15:00,17:00,【清】立人楼B118,本科 硕士,测控技术与仪器、电气工程、自动化、电力电子、电子科学与技术、通信工程、电子信息工程、机械、电机等相关专业,,https://www.fortiortech.com/join/student,https://www.fortiortech.com/join/student,https://jiuye.uestc.edu.cn/career/recruitment/onsite/fwsrkmlgkyki,verified,https://jiuye.uestc.edu.cn/career/recruitment/onsite,
12aa12ea055438361dc1e982dbb0cbbec90bef073847b3e45543f574cf6205a1,2026-09-03 22:04:41,2026-09-03 22:04:41,现场招聘,峰岹科技(深圳)股份有限公司,,计划工程师,2026-08-31 10:08:44,2026-09-11,深圳,2026-09-11,15:00,17:00,【清】立人楼B118,本科,电力电子、电子科学与技术、计算机、电子信息工程、电气工程、自动化等相关专业,,https://www.fortiortech.com/join/student,https://www.fortiortech.com/join/student,https://jiuye.uestc.edu.cn/career/recruitment/onsite/fwsrkmlgkyki,verified,https://jiuye.uestc.edu.cn/career/recruitment/onsite,
917ea2f398af5f24e53e803b280b69bbc50d0503aac14c31f914e388ee16f7e8,2026-09-03 22:04:41,2026-09-03 22:04:41,现场招聘,峰岹科技(深圳)股份有限公司,,ATE测试工程师,2026-08-31 10:08:44,2026-09-11,深圳,2026-09-11,15:00,17:00,【清】立人楼B118,本科,电力电子、电子科学与技术、计算机、电子信息工程、电气工程、自动化等相关专业,,https://www.fortiortech.com/join/student,https://www.fortiortech.com/join/student,https://jiuye.uestc.edu.cn/career/recruitment/onsite/fwsrkmlgkyki,verified,https://jiuye.uestc.edu.cn/career/recruitment/onsite,
71135567831938351a5988121afb8c2cb5c88ac56c4365588642c18d27fe611f,2026-09-03 22:04:41,2026-09-03 22:04:41,现场招聘,峰岹科技(深圳)股份有限公司,,NPI工程师,2026-08-31 10:08:44,2026-09-11,深圳,2026-09-11,15:00,17:00,【清】立人楼B118,本科,电力电子、电子科学与技术、计算机、电子信息工程、电气工程、自动化等相关专业,,https://www.fortiortech.com/join/student,https://www.fortiortech.com/join/student,https://jiuye.uestc.edu.cn/career/recruitment/onsite/fwsrkmlgkyki,verified,https://jiuye.uestc.edu.cn/career/recruitment/onsite,
c388cb592d5ccfa927aa0b866a072fa98d07907a705a3eafd0a0cedbe49fd557,2026-09-03 22:04:41,2026-09-03 22:04:41,现场招聘,峰岹科技(深圳)股份有限公司,,质量工程师,2026-08-31 10:08:44,2026-09-11,深圳,2026-09-11,15:00,17:00,【清】立人楼B118,本科,电子封装技术、电子信息工程、电气工程、自动化、等相关专业,,https://www.fortiortech.com/join/student,https://www.fortiortech.com/join/student,https://jiuye.uestc.edu.cn/career/recruitment/onsite/fwsrkmlgkyki,verified,https://jiuye.uestc.edu.cn/career/recruitment/onsite,
a0c8c97297b2ead3101f95a06a36de07e5bb530a865e9de185c832d320bb3739,2026-09-03 22:04:41,2026-09-03 22:04:41,现场招聘,成都学而思教育咨询有限公司,,未明确列出,2026-09-01 17:13:30,2026-09-11,四川省:成都市,2026-09-11,15:00,17:00,【清】学生活动中心201,本科、硕士,,,,https://jinshuju.com/f/mKDQeE,https://jiuye.uestc.edu.cn/career/recruitment/onsite/fwhx9kv9ccn6,verified,https://jiuye.uestc.edu.cn/career/recruitment/onsite,
43e81be2dc23809036d0e6d326cdfb77aa492b1d3cf9176a60d3fe6bf44efa7a,2026-09-03 22:04:41,2026-09-03 22:04:41,现场招聘,深圳佰维存储科技股份有限公司,招聘简章,未明确列出,2026-09-01 11:53:58,2026-09-11,四川省:成都市,2026-09-11,15:00,17:00,【清】品学楼B109,硕士,,,,,https://jiuye.uestc.edu.cn/career/recruitment/onsite/fwwl1l8h4tmq,verified,https://jiuye.uestc.edu.cn/career/recruitment/onsite,
8d36dade0ae248240ed2b06bf29d7f83b75a50bbb653530b290f63ef47086cd9,2026-09-03 22:04:41,2026-09-03 22:04:41,现场招聘,北京平行线根源教育科技有限公司,三、招聘岗位:寻找未来的教育发光者,平行线教育集团2027届校园招聘空中宣讲,2026-09-03 14:34:01,2026-09-11,"河南省:郑州市,四川省:成都市,广东省:广州市,广东省:深圳市",2026-09-11,15:00,,,本科、硕士,,,,https://channels-aladin.wxqcloud.qq.com/aladin/html/fad8ecb3-d8ee-4e8f-8217-162a701abc26.html,https://jiuye.uestc.edu.cn/career/recruitment/aerial/fx3p7ae8eu4h,verified,https://jiuye.uestc.edu.cn/career/recruitment/aerial,
5607a925725132a527b2c810e766104fa815b8db5ef3691a4f5df9497ad4ed1e,2026-09-03 22:04:41,2026-09-03 22:04:41,现场招聘,中国兵器工业第二〇三研究所,中国兵器工业第二〇三研究所2027届秋季校园招聘宣讲会,未明确列出,2026-08-28 09:38:19,2026-09-11,其他(具体查看招聘信息),2026-09-11,16:30,17:30,【清】学生活动中心220,硕士、博士,,,,,https://jiuye.uestc.edu.cn/career/recruitment/onsite/fwi05ppwupdu,verified,https://jiuye.uestc.edu.cn/career/recruitment/onsite,
1673242511f7fec0733d51415f1757345d50025ef4c3b5596aabd504ef02b106,2026-09-03 22:04:41,2026-09-03 22:04:41,现场招聘,深圳市联洲国际技术有限公司,TP-Link联洲2027届秋季校园招聘,未明确列出,2026-08-28 19:30:19,2026-09-11,"广东省:深圳市,四川省:成都市",2026-09-11,18:30,20:30,【清】学生活动中心二楼圆厅,本科、硕士、博士,,,,https://join.tplinkglobal.com/campus,https://jiuye.uestc.edu.cn/career/recruitment/onsite/fwj7217u2o02,verified,https://jiuye.uestc.edu.cn/career/recruitment/onsite,
e1d5b6382bc4710826bf1f0533dc1500a299a9cde471400250ff6d1a2f65e836,2026-09-03 22:04:41,2026-09-03 22:04:41,现场招聘,深圳高芯思通科技有限公司,深圳高芯思通科技有限公司 2027 届校园招聘简章,未明确列出,2026-08-28 13:32:39,2026-09-11,"陕西省:西安市,上海市:浦东新区",2026-09-11,18:30,20:30,【清】学生活动中心220,硕士,,,,https://app.mokahr.com/m/campus-recruitment/consys,https://jiuye.uestc.edu.cn/career/recruitment/onsite/fwi00gtt9ts1,verified,https://jiuye.uestc.edu.cn/career/recruitment/onsite,
5e430aeee24f91ac9c3b90b5c424253769712bf06a8d3296704b5233c53e5921,2026-09-03 22:04:41,2026-09-03 22:04:41,现场招聘,四川中雅科技有限公司,海星股份2027届毕业生校园招聘,未明确列出,2026-09-01 10:06:45,2026-09-11,其他(具体查看招聘信息),2026-09-11,19:30,21:00,【清】立人楼B117,本科、硕士、博士,,,,https://zhaopin.histar.tech/,https://jiuye.uestc.edu.cn/career/recruitment/onsite/fwwbq0q3hxqa,verified,https://jiuye.uestc.edu.cn/career/recruitment/onsite,
2d3929a99c44908adced68d34d4d04200181affa61d6531dc82c77b5bf9fc920,2026-09-03 22:04:41,2026-09-03 22:04:41,现场招聘,扬州扬杰电子科技股份有限公司,2027扬杰科技校园招聘简章,未明确列出,2026-09-03 09:33:40,2026-09-11,"江苏省:扬州市,上海市:闵行区,浙江省:杭州市,北京市:丰台区,广东省:深圳市",2026-09-11,19:30,21:00,【清】立人楼B119,本科、硕士,,,,,https://jiuye.uestc.edu.cn/career/recruitment/onsite/fx26lm2lxgqq,verified,https://jiuye.uestc.edu.cn/career/recruitment/onsite,
127bb62a9773157edea6966e7c2bffb8127552a0ebc49ade6a8186c672bbd395,2026-09-03 22:04:41,2026-09-03 22:04:41,现场招聘,深圳市普渡科技股份有限公司,,未明确列出,2026-09-03 11:26:42,2026-09-11,"四川省:成都市,广东省:深圳市",2026-09-11,19:30,21:00,【清】品学楼B205,本科、硕士、博士,,,,,https://jiuye.uestc.edu.cn/career/recruitment/onsite/fx1387y9xj42,verified,https://jiuye.uestc.edu.cn/career/recruitment/onsite,
9b0dff078c835119ec4d532ac22672919aa69a11eab567e3f83f38dcfb91f848,2026-09-03 22:04:41,2026-09-10 08:42:32,现场招聘,中国电子科技集团公司第十四研究所,十四所(中电国睿)控股公司2027组团校园招聘宣讲会,未明确列出,2026-09-09 14:02:31,2026-09-12,其他(具体查看招聘信息),2026-09-12,15:00,17:00,【清】立人楼B117,硕士、博士,,,,,https://jiuye.uestc.edu.cn/career/recruitment/onsite/fwfh6nog7myp,verified,https://jiuye.uestc.edu.cn/career/recruitment/onsite,
b834eeb84fa6fe56c577b1dcae0e8dbc3cff458d116e59586048b1b82a101b0c,2026-09-03 22:04:41,2026-09-11 08:56:02,现场招聘,中车青岛四方车辆研究所有限公司,中车青岛四方车辆研究所有限公司 2027 秋季校园招聘公告,未明确列出,2026-09-10 11:03:59,2026-09-13,山东省:青岛市,2026-09-13,15:00,17:00,【清】品学楼B108,硕士、博士,,,,https://crrc-sfs.hotjob.cn/,https://jiuye.uestc.edu.cn/career/recruitment/onsite/fx3lwpp34vlt,verified,https://jiuye.uestc.edu.cn/career/recruitment/onsite,
06dd05ef5744f35593f150dbb9649872ddc6c8ade7266dc2f1fb9dcaa4ddcdf5,2026-09-03 22:04:41,2026-09-03 22:04:41,现场招聘,中研博硕2026年秋季全国博士、硕士研究生专场暨国防军工类专场巡回双选会——电子科技大学站,中研博硕2026年秋季全国博士、硕士研究生专场暨国防军工类专场巡回双选会——电子科技大学站,中研博硕2026年秋季全国博士、硕士研究生专场暨国防军工类专场巡回双选会——电子科技大学站,2026-08-31 11:17:31,2026-09-14,其他(具体查看招聘信息),2026-09-14,09:00,12:00,【清】学生活动中心一楼圆厅,本科、硕士、博士、博士后,,,,https://www.91boshuo.com/public/meetingDetail?hxid=2070064767831715842,https://jiuye.uestc.edu.cn/career/recruitment/group/fwsydi8zfvgh,verified,https://jiuye.uestc.edu.cn/career/recruitment/group,
b20b4d8600415fafed5c972527a7bac0542de7639a59620aeef1e3c0dff04844,2026-09-03 22:04:41,2026-09-03 22:04:41,现场招聘,东风汽车集团有限公司,二、招聘需求,未明确列出,2026-08-28 17:12:23,2026-09-14,其他(具体查看招聘信息),2026-09-14,14:00,16:00,【清】学生活动中心220,本科、硕士,,,,https://app.mokahr.com/su/1a1Go4,https://jiuye.uestc.edu.cn/career/recruitment/onsite/fwfgwec5766a,verified,https://jiuye.uestc.edu.cn/career/recruitment/onsite,
031b65a6f913935d013baf0650d7b9a62e736f5ec69ec45502539117faf629fa,2026-09-03 22:04:41,2026-09-03 22:04:41,现场招聘,中国久远高新技术装备有限公司,,未明确列出,2026-08-31 11:13:56,2026-09-14,四川省:绵阳市,2026-09-14,15:00,16:30,【清】立人楼B117,硕士、博士,,,,,https://jiuye.uestc.edu.cn/career/recruitment/onsite/fwsswxfj09oi,verified,https://jiuye.uestc.edu.cn/career/recruitment/onsite,
a1f32e33a43c8939f4dba24207aae2acde151e1efb3ccc0fdd29dcfe19612408,2026-09-03 22:04:41,2026-09-03 22:04:41,现场招聘,中国电子科技集团公司第十研究所,中国电子科技集团公司第十研究所2027届秋季校园招聘简章,未明确列出,2026-08-28 22:43:20,2026-09-14,四川省:成都市,2026-09-14,15:00,17:00,【清】立人楼B119,硕士、博士、博士后,,,,https://campus.51job.com/m/cetc10,https://jiuye.uestc.edu.cn/career/recruitment/onsite/fwjb487wt2wy,verified,https://jiuye.uestc.edu.cn/career/recruitment/onsite,
45a605d5039186e4042836826edf83507f5e8a91cfd9d5520e0a2141056af9e7,2026-09-03 22:04:41,2026-09-03 22:04:41,现场招聘,中科寒武纪科技股份有限公司,寒武纪2027届校园招聘简章,未明确列出,2026-08-31 15:44:59,2026-09-14,其他(具体查看招聘信息),2026-09-14,15:00,17:00,【清】品学楼B108,本科、硕士、博士,,,,,https://jiuye.uestc.edu.cn/career/recruitment/onsite/fwfn1r3nvl6q,verified,https://jiuye.uestc.edu.cn/career/recruitment/onsite,
a51f0c246298be9433ff127e122f796f95eedcced9e247b57af4b7add916b2c2,2026-09-03 22:04:41,2026-09-03 22:04:41,现场招聘,厦门士兰集科微电子有限公司,2027届校园招聘,产品研发工程师,2026-09-02 16:30:54,2026-09-14,福建省:厦门市,2026-09-14,15:00,17:00,【清】品学楼B205,本科、硕士,,,,https://c.xiumius.cn/board/v5/7C9gJ/723062502,https://jiuye.uestc.edu.cn/career/recruitment/onsite/fx0ur6x3vtvm,verified,https://jiuye.uestc.edu.cn/career/recruitment/onsite,
11dd07ec925a9d8555805bc5a548ab84aa972cc6bd4d8182fc627437fbedb461,2026-09-03 22:04:41,2026-09-03 22:04:41,现场招聘,厦门士兰集科微电子有限公司,2027届校园招聘,工艺工程师,2026-09-02 16:30:54,2026-09-14,福建省:厦门市,2026-09-14,15:00,17:00,【清】品学楼B205,本科、硕士,,,,https://c.xiumius.cn/board/v5/7C9gJ/723062502,https://jiuye.uestc.edu.cn/career/recruitment/onsite/fx0ur6x3vtvm,verified,https://jiuye.uestc.edu.cn/career/recruitment/onsite,
75b36010064d7e6f4d85301c30a2966ed4719d7d84c27240d3cba3059504c9f0,2026-09-03 22:04:41,2026-09-03 22:04:41,现场招聘,厦门士兰集科微电子有限公司,2027届校园招聘,人力资源、财务、采购管培生,2026-09-02 16:30:54,2026-09-14,福建省:厦门市,2026-09-14,15:00,17:00,【清】品学楼B205,本科、硕士,,,,https://c.xiumius.cn/board/v5/7C9gJ/723062502,https://jiuye.uestc.edu.cn/career/recruitment/onsite/fx0ur6x3vtvm,verified,https://jiuye.uestc.edu.cn/career/recruitment/onsite,
85ed5627e8d539515c364f53a5880fc9a8f8acc59c0cfa205039d03eb591ba18,2026-09-03 22:04:41,2026-09-03 22:04:41,现场招聘,桂林长海发展有限责任公司,,总体设计,2026-08-31 10:56:59,2026-09-14,桂林,2026-09-14,15:00,17:00,【清】立人楼B120,硕士,计算机及软件工程类、电子信息类等相关专业,,,https://career.cec.com.cn/,https://jiuye.uestc.edu.cn/career/recruitment/onsite/fwsrn4gz26f5,verified,https://jiuye.uestc.edu.cn/career/recruitment/onsite,
3371cb2b11c19381789333b1c0c8150c98483cdfb6fec8624d55895dda1cbca1,2026-09-03 22:04:41,2026-09-03 22:04:41,现场招聘,桂林长海发展有限责任公司,,软件设计(C++/QT),2026-08-31 10:56:59,2026-09-14,桂林成都,2026-09-14,15:00,17:00,【清】立人楼B120,硕士,计算机及软件工程类、电子信息类等相关专业,,,https://career.cec.com.cn/,https://jiuye.uestc.edu.cn/career/recruitment/onsite/fwsrn4gz26f5,verified,https://jiuye.uestc.edu.cn/career/recruitment/onsite,
c2dcff6a11c1cf78ed16dc577256d458651c968a7805f739e4aa317e86d24c98,2026-09-03 22:04:41,2026-09-03 22:04:41,现场招聘,桂林长海发展有限责任公司,,软件设计(JAVA),2026-08-31 10:56:59,2026-09-14,桂林,2026-09-14,15:00,17:00,【清】立人楼B120,硕士,计算机及软件工程类、电子信息类等相关专业,,,https://career.cec.com.cn/,https://jiuye.uestc.edu.cn/career/recruitment/onsite/fwsrn4gz26f5,verified,https://jiuye.uestc.edu.cn/career/recruitment/onsite,
15b45280f63d85e87cdc3e6d552d633ede74771a169d84136e93773ab9cd4f78,2026-09-03 22:04:41,2026-09-03 22:04:41,现场招聘,桂林长海发展有限责任公司,,算法设计,2026-08-31 10:56:59,2026-09-14,桂林成都,2026-09-14,15:00,17:00,【清】立人楼B120,硕士,计算机及软件工程类、电子信息类等相关专业,,,https://career.cec.com.cn/,https://jiuye.uestc.edu.cn/career/recruitment/onsite/fwsrn4gz26f5,verified,https://jiuye.uestc.edu.cn/career/recruitment/onsite,
aae72b271e001e17c6926e86ea02a90133625058ecffd9b98c58dd196cf371d0,2026-09-03 22:04:41,2026-09-03 22:04:41,现场招聘,桂林长海发展有限责任公司,,信号处理(C++),2026-08-31 10:56:59,2026-09-14,桂林,2026-09-14,15:00,17:00,【清】立人楼B120,硕士,计算机及软件工程类、电子信息类等相关专业,,,https://career.cec.com.cn/,https://jiuye.uestc.edu.cn/career/recruitment/onsite/fwsrn4gz26f5,verified,https://jiuye.uestc.edu.cn/career/recruitment/onsite,
bd87b9b48be28cc1d608db171db21cbff3a32b3bc88f0374988b423dcfc28d69,2026-09-03 22:04:41,2026-09-03 22:04:41,现场招聘,桂林长海发展有限责任公司,,信号处理(FPGA),2026-08-31 10:56:59,2026-09-14,桂林,2026-09-14,15:00,17:00,【清】立人楼B120,硕士,计算机及软件工程类、电子信息类等相关专业,,,https://career.cec.com.cn/,https://jiuye.uestc.edu.cn/career/recruitment/onsite/fwsrn4gz26f5,verified,https://jiuye.uestc.edu.cn/career/recruitment/onsite,
fca953a1aec340f55d46fd1eeed880ebb417176603c2220bf92cf0536ad6779b,2026-09-03 22:04:41,2026-09-03 22:04:41,现场招聘,桂林长海发展有限责任公司,,线路设计(硬件开发),2026-08-31 10:56:59,2026-09-14,成都,2026-09-14,15:00,17:00,【清】立人楼B120,硕士,计算机及软件工程类、电子信息类等相关专业,,,https://career.cec.com.cn/,https://jiuye.uestc.edu.cn/career/recruitment/onsite/fwsrn4gz26f5,verified,https://jiuye.uestc.edu.cn/career/recruitment/onsite,
b84c33813d52b696834b9d3ad28a161ec8ba6e10ca728a99dc6d307adda44544,2026-09-03 22:04:41,2026-09-03 22:04:41,现场招聘,桂林长海发展有限责任公司,,线路设计(嵌入式),2026-08-31 10:56:59,2026-09-14,桂林,2026-09-14,15:00,17:00,【清】立人楼B120,硕士,计算机及软件工程类、电子信息类等相关专业,,,https://career.cec.com.cn/,https://jiuye.uestc.edu.cn/career/recruitment/onsite/fwsrn4gz26f5,verified,https://jiuye.uestc.edu.cn/career/recruitment/onsite,
38acf2156e76a988d2e3a2bd01343d7082203f0739b8869e456ce7d083c06968,2026-09-03 22:04:41,2026-09-03 22:04:41,现场招聘,桂林长海发展有限责任公司,,结构设计,2026-08-31 10:56:59,2026-09-14,桂林,2026-09-14,15:00,17:00,【清】立人楼B120,本科硕士,机械设计与制造及其自动化、机械电子工程、机械工程,,,https://career.cec.com.cn/,https://jiuye.uestc.edu.cn/career/recruitment/onsite/fwsrn4gz26f5,verified,https://jiuye.uestc.edu.cn/career/recruitment/onsite,
c3b78ab0addcbe7da13a7f94b0eac3c898ad8a30acb3366e0945a95cfb0a29b6,2026-09-03 22:04:41,2026-09-03 22:04:41,现场招聘,桂林长海发展有限责任公司,,热表工艺员,2026-08-31 10:56:59,2026-09-14,桂林,2026-09-14,15:00,17:00,【清】立人楼B120,本科,电化学相关专业,,,https://career.cec.com.cn/,https://jiuye.uestc.edu.cn/career/recruitment/onsite/fwsrn4gz26f5,verified,https://jiuye.uestc.edu.cn/career/recruitment/onsite,
3c480b34d32a2cc420fedcf884de5363d7f2aa9a31b1d89cb5324122ba526a21,2026-09-03 22:04:41,2026-09-03 22:04:41,现场招聘,桂林长海发展有限责任公司,,机加工艺员,2026-08-31 10:56:59,2026-09-14,桂林,2026-09-14,15:00,17:00,【清】立人楼B120,本科,机械设计与制造及其自动化、机械电子工程、机械工程,,,https://career.cec.com.cn/,https://jiuye.uestc.edu.cn/career/recruitment/onsite/fwsrn4gz26f5,verified,https://jiuye.uestc.edu.cn/career/recruitment/onsite,
84251f1dfe338092aa86e61eb92e8a8387e6f14691232186261eff1f8ba78a88,2026-09-03 22:04:41,2026-09-03 22:04:41,现场招聘,中国航天科工二院208所,,未明确列出,2026-09-03 10:34:13,2026-09-14,其他(具体查看招聘信息),2026-09-14,15:30,16:00,【清】品学楼B109,硕士、博士,,,,,https://jiuye.uestc.edu.cn/career/recruitment/onsite/fx3jvo6e49oi,verified,https://jiuye.uestc.edu.cn/career/recruitment/onsite,
16fb59e8c4b9e062f3d3433e7d23dfeb38eb1606ac02ac1407761ab2ed1c4e5b,2026-09-03 22:04:41,2026-09-03 22:04:41,现场招聘,乾元科学研究院,2027届校园招聘正式启动,未明确列出,2026-08-28 15:54:34,2026-09-14,浙江省:杭州市,2026-09-14,16:00,17:00,【清】立人楼B118,硕士、博士、博士后,,,,https://qianyuanlab.hotjob.cn/,https://jiuye.uestc.edu.cn/career/recruitment/onsite/fwhyl8lp2nep,verified,https://jiuye.uestc.edu.cn/career/recruitment/onsite,
1269cd02f51be21f2b85318045b882fb1760e6432c8cee18fcd28d2b3a294801,2026-09-03 22:04:41,2026-09-03 22:04:41,现场招聘,成都华微电子科技股份有限公司,,未明确列出,2026-08-31 18:55:56,2026-09-14,其他(具体查看招聘信息),2026-09-14,16:00,17:00,【清】品学楼B109,硕士、博士、博士后,,,,https://campus.51job.com/cdhw,https://jiuye.uestc.edu.cn/career/recruitment/onsite/fwu1j11l07pe,verified,https://jiuye.uestc.edu.cn/career/recruitment/onsite,
540272711dcd6b0a003d9a20209a3bf86587d4b80a4ed59875ca02d108506d73,2026-09-03 22:04:41,2026-09-09 11:13:42,现场招聘,通威股份有限公司,通威股份 2027届校园招聘,未明确列出,2026-09-09 10:30:33,2026-09-14,其他(具体查看招聘信息),2026-09-14,16:30,18:00,【清】学生活动中心201,本科、硕士、博士,,,,http://tongwei.zhaopin.com/,https://jiuye.uestc.edu.cn/career/recruitment/onsite/fwj5ykyhga2q,verified,https://jiuye.uestc.edu.cn/career/recruitment/onsite,
1b5aba712c491747504ff57e2ce74349e57d58b061f43429146a5b9187bca6ba,2026-09-03 22:04:41,2026-09-03 22:04:41,现场招聘,锐钲(杭州)科技有限公司,ScaleFlux 2027 届秋季校园招聘,未明确列出,2026-08-28 12:33:06,2026-09-14,其他(具体查看招聘信息),2026-09-14,16:30,18:00,【清】学生活动中心220,硕士,,,,,https://jiuye.uestc.edu.cn/career/recruitment/onsite/fwaxsbneq3up,verified,https://jiuye.uestc.edu.cn/career/recruitment/onsite,
2502c11d360b6e9d86b4149cf7ebb2881ad42a8fd1e6cd2b1774971b1bc3ff00,2026-09-03 22:04:41,2026-09-03 22:04:41,现场招聘,瑞晟微电子(苏州)有限公司,瑞昱半导体集团2027校园招聘,数字IC设计类,2026-08-28 17:05:04,2026-09-14,江苏省:苏州市,2026-09-14,18:30,20:30,【清】学生活动中心220,本科、硕士、博士,,,,https://www.realsil.com.cn/Home/Position,https://jiuye.uestc.edu.cn/career/recruitment/onsite/fwfiozcwt8g2,verified,https://jiuye.uestc.edu.cn/career/recruitment/onsite,
3c0c6c095ed40ab7371a031f35b913bb9344785613e0274fe41b80bf272e2474,2026-09-03 22:04:41,2026-09-03 22:04:41,现场招聘,瑞晟微电子(苏州)有限公司,瑞昱半导体集团2027校园招聘,IC验证类,2026-08-28 17:05:04,2026-09-14,江苏省:苏州市,2026-09-14,18:30,20:30,【清】学生活动中心220,本科、硕士、博士,,,,https://www.realsil.com.cn/Home/Position,https://jiuye.uestc.edu.cn/career/recruitment/onsite/fwfiozcwt8g2,verified,https://jiuye.uestc.edu.cn/career/recruitment/onsite,
e109722ec3680166a88eef59092cd262730e892862c2fd339ec9df4f17c61dcc,2026-09-03 22:04:41,2026-09-03 22:04:41,现场招聘,瑞晟微电子(苏州)有限公司,瑞昱半导体集团2027校园招聘,模拟IC设计类,2026-08-28 17:05:04,2026-09-14,江苏省:苏州市,2026-09-14,18:30,20:30,【清】学生活动中心220,本科、硕士、博士,,,,https://www.realsil.com.cn/Home/Position,https://jiuye.uestc.edu.cn/career/recruitment/onsite/fwfiozcwt8g2,verified,https://jiuye.uestc.edu.cn/career/recruitment/onsite,
8b82e8adc9abf4d8c8fab3fe883ce30b73b5d052bf15d621fab5681a1fc344a7,2026-09-03 22:04:41,2026-09-03 22:04:41,现场招聘,瑞晟微电子(苏州)有限公司,瑞昱半导体集团2027校园招聘,软件开发类,2026-08-28 17:05:04,2026-09-14,江苏省:苏州市,2026-09-14,18:30,20:30,【清】学生活动中心220,本科、硕士、博士,,,,https://www.realsil.com.cn/Home/Position,https://jiuye.uestc.edu.cn/career/recruitment/onsite/fwfiozcwt8g2,verified,https://jiuye.uestc.edu.cn/career/recruitment/onsite,
effb72ee76f5c4e5f905abbbbb21d171ec63a22a53baaee539c89d118061162c,2026-09-03 22:04:41,2026-09-03 22:04:41,现场招聘,瑞晟微电子(苏州)有限公司,瑞昱半导体集团2027校园招聘,硬件开发类,2026-08-28 17:05:04,2026-09-14,江苏省:苏州市,2026-09-14,18:30,20:30,【清】学生活动中心220,本科、硕士、博士,,,,https://www.realsil.com.cn/Home/Position,https://jiuye.uestc.edu.cn/career/recruitment/onsite/fwfiozcwt8g2,verified,https://jiuye.uestc.edu.cn/career/recruitment/onsite,
97016de269c56f832291a051230df08569bd87dca2476ad6bcfb1423fe0fc85d,2026-09-03 22:04:41,2026-09-09 09:18:04,现场招聘,北京字跳网络技术有限公司,字节跳动 2027 校园招聘正式启动,未明确列出,2026-09-08 00:01:17,2026-09-14,其他(具体查看招聘信息),2026-09-14,19:00,21:00,【清】主楼B1区3楼(计算机学院言十厅),本科、硕士、博士,,,,https://job.toutiao.com/campus?spread=EKA52VE,https://jiuye.uestc.edu.cn/career/recruitment/onsite/fwi8ea5oofeq,verified,https://jiuye.uestc.edu.cn/career/recruitment/onsite,
81c732ca2739aa2c8fc70954cfea6ea95c3e284436448c101142ac9b04e78e6c,2026-09-03 22:04:41,2026-09-03 22:04:41,现场招聘,西南通信研究所(中国电子科技集团公司第三十研究所),中国网安/三十所2027届校园招聘简章,未明确列出,2026-08-28 20:00:43,2026-09-14,四川省:成都市,2026-09-14,19:00,21:00,【清】科研楼C216(信通学院),硕士、博士、博士后,,,,https://app.mokahr.com/campus_apply/cetc30/36270,https://jiuye.uestc.edu.cn/career/recruitment/onsite/fwj6qi9rspoi,verified,https://jiuye.uestc.edu.cn/career/recruitment/onsite,
3edc2d1be8fe2048ea4a1a22201edc1797f7b17225ec6c3f4caf1ef9664a0b5e,2026-09-03 22:04:41,2026-09-03 22:04:41,现场招聘,中国科学院空天信息创新研究院,,未明确列出,2026-09-01 09:57:13,2026-09-14,"北京市:海淀区,山东省:济南市,江苏省:苏州市,海南省:文昌市",2026-09-14,19:30,20:30,【清】立人楼B117,硕士、博士、博士后,,,,,https://jiuye.uestc.edu.cn/career/recruitment/onsite/fwwa6w05ea6a,verified,https://jiuye.uestc.edu.cn/career/recruitment/onsite,
99ff245c2a577622d5a3df0dc3238c1ecf6d090467b1373d0420295fcd630b0b,2026-09-03 22:04:41,2026-09-03 22:04:41,现场招聘,北京北方华创微电子装备有限公司,北方华创微电子2027届全球校园招聘简章,材料工程师,2026-08-28 10:45:47,2026-09-14,北京,2026-09-14,19:30,21:00,【清】立人楼B118,硕士、博士,,,,https://career.naura.com/campus,https://jiuye.uestc.edu.cn/career/recruitment/onsite/fvep4ztpips2,verified,https://jiuye.uestc.edu.cn/career/recruitment/onsite,
91c836f0aa230c28b275c40d55aa34b13d48a6cc1ae428a09be0d3090ff674ee,2026-09-03 22:04:41,2026-09-03 22:04:41,现场招聘,北京北方华创微电子装备有限公司,北方华创微电子2027届全球校园招聘简章,半导体工艺工程师,2026-08-28 10:45:47,2026-09-14,北京/上海,2026-09-14,19:30,21:00,【清】立人楼B118,硕士、博士,,,,https://career.naura.com/campus,https://jiuye.uestc.edu.cn/career/recruitment/onsite/fvep4ztpips2,verified,https://jiuye.uestc.edu.cn/career/recruitment/onsite,
543b0ac25a011b7cc62464669ca31addbab0b12f0b1bc9b81460dec85abc1bf6,2026-09-03 22:04:41,2026-09-03 22:04:41,现场招聘,北京北方华创微电子装备有限公司,北方华创微电子2027届全球校园招聘简章,机械工程师,2026-08-28 10:45:47,2026-09-14,北京/上海,2026-09-14,19:30,21:00,【清】立人楼B118,硕士、博士,,,,https://career.naura.com/campus,https://jiuye.uestc.edu.cn/career/recruitment/onsite/fvep4ztpips2,verified,https://jiuye.uestc.edu.cn/career/recruitment/onsite,
d375e023cf2a8bf9a14d7195584aa2f93a05939941d59439d0f75d0c9dbb0056,2026-09-03 22:04:41,2026-09-03 22:04:41,现场招聘,北京北方华创微电子装备有限公司,北方华创微电子2027届全球校园招聘简章,电气工程师,2026-08-28 10:45:47,2026-09-14,北京/上海,2026-09-14,19:30,21:00,【清】立人楼B118,硕士、博士,,,,https://career.naura.com/campus,https://jiuye.uestc.edu.cn/career/recruitment/onsite/fvep4ztpips2,verified,https://jiuye.uestc.edu.cn/career/recruitment/onsite,
38ed649c378ed69ccdccfaafd075cb3fa0a34a8a1a1c64db10cc8b798c86e5ce,2026-09-03 22:04:41,2026-09-03 22:04:41,现场招聘,北京北方华创微电子装备有限公司,北方华创微电子2027届全球校园招聘简章,射频工程师,2026-08-28 10:45:47,2026-09-14,北京,2026-09-14,19:30,21:00,【清】立人楼B118,硕士、博士,,,,https://career.naura.com/campus,https://jiuye.uestc.edu.cn/career/recruitment/onsite/fvep4ztpips2,verified,https://jiuye.uestc.edu.cn/career/recruitment/onsite,
471ba2b916b80b2d8aeba304a1285e5f49826c41a39d80cc1b0d1132d1c79b17,2026-09-03 22:04:41,2026-09-03 22:04:41,现场招聘,北京北方华创微电子装备有限公司,北方华创微电子2027届全球校园招聘简章,光学工程师,2026-08-28 10:45:47,2026-09-14,北京,2026-09-14,19:30,21:00,【清】立人楼B118,硕士、博士,,,,https://career.naura.com/campus,https://jiuye.uestc.edu.cn/career/recruitment/onsite/fvep4ztpips2,verified,https://jiuye.uestc.edu.cn/career/recruitment/onsite,
31a635f4225783f81671db6cfb978633cc2fead313fdcd2e96ffa58fa49282b1,2026-09-03 22:04:41,2026-09-03 22:04:41,现场招聘,北京北方华创微电子装备有限公司,北方华创微电子2027届全球校园招聘简章,系统工程师,2026-08-28 10:45:47,2026-09-14,北京,2026-09-14,19:30,21:00,【清】立人楼B118,硕士、博士,,,,https://career.naura.com/campus,https://jiuye.uestc.edu.cn/career/recruitment/onsite/fvep4ztpips2,verified,https://jiuye.uestc.edu.cn/career/recruitment/onsite,
a9640c58f83d07875239082b4c8ab32ef5800eb9a7a8b972195117877ee6ac46,2026-09-03 22:04:41,2026-09-03 22:04:41,现场招聘,北京北方华创微电子装备有限公司,北方华创微电子2027届全球校园招聘简章,算法工程师,2026-08-28 10:45:47,2026-09-14,北京,2026-09-14,19:30,21:00,【清】立人楼B118,硕士、博士,,,,https://career.naura.com/campus,https://jiuye.uestc.edu.cn/career/recruitment/onsite/fvep4ztpips2,verified,https://jiuye.uestc.edu.cn/career/recruitment/onsite,
01f1e0e5f7b0bec7df74a55945dd950cea5309d1306d18fec33619af4ebeba61,2026-09-03 22:04:41,2026-09-03 22:04:41,现场招聘,北京北方华创微电子装备有限公司,北方华创微电子2027届全球校园招聘简章,Agent开发工程师,2026-08-28 10:45:47,2026-09-14,北京,2026-09-14,19:30,21:00,【清】立人楼B118,硕士、博士,,,,https://career.naura.com/campus,https://jiuye.uestc.edu.cn/career/recruitment/onsite/fvep4ztpips2,verified,https://jiuye.uestc.edu.cn/career/recruitment/onsite,
ed308ac20d9cb01795aa9911f85adbda061ec17532c3f5d767e54aa1a1596d2c,2026-09-03 22:04:41,2026-09-03 22:04:41,现场招聘,北京北方华创微电子装备有限公司,北方华创微电子2027届全球校园招聘简章,软件工程师,2026-08-28 10:45:47,2026-09-14,北京,2026-09-14,19:30,21:00,【清】立人楼B118,硕士、博士,,,,https://career.naura.com/campus,https://jiuye.uestc.edu.cn/career/recruitment/onsite/fvep4ztpips2,verified,https://jiuye.uestc.edu.cn/career/recruitment/onsite,
a0d253abf65cfc810dd9cb4f4e9ac87d9435d25c94abf5a659bbc58ac691a74e,2026-09-03 22:04:41,2026-09-03 22:04:41,现场招聘,北京北方华创微电子装备有限公司,北方华创微电子2027届全球校园招聘简章,软件测试工程师,2026-08-28 10:45:47,2026-09-14,北京,2026-09-14,19:30,21:00,【清】立人楼B118,硕士、博士,,,,https://career.naura.com/campus,https://jiuye.uestc.edu.cn/career/recruitment/onsite/fvep4ztpips2,verified,https://jiuye.uestc.edu.cn/career/recruitment/onsite,
e3baaf1a747d0d3beeff470a2b74c04759c8cb98600356556707f36deba7a612,2026-09-03 22:04:41,2026-09-03 22:04:41,现场招聘,北京北方华创微电子装备有限公司,北方华创微电子2027届全球校园招聘简章,技术销售类,2026-08-28 10:45:47,2026-09-14,北京/武汉/上海/深圳/杭州等,2026-09-14,19:30,21:00,【清】立人楼B118,硕士、博士,,,,https://career.naura.com/campus,https://jiuye.uestc.edu.cn/career/recruitment/onsite/fvep4ztpips2,verified,https://jiuye.uestc.edu.cn/career/recruitment/onsite,
4818a1f5c13449e9a98dad4803f3a8c24944f17de5c6f782f9cc0788a06f44eb,2026-09-03 22:04:41,2026-09-03 22:04:41,现场招聘,北京北方华创微电子装备有限公司,北方华创微电子2027届全球校园招聘简章,设备工程师,2026-08-28 10:45:47,2026-09-14,北京/上海/武汉/合肥/苏州/厦门/深圳/青岛等,2026-09-14,19:30,21:00,【清】立人楼B118,硕士、博士,,,,https://career.naura.com/campus,https://jiuye.uestc.edu.cn/career/recruitment/onsite/fvep4ztpips2,verified,https://jiuye.uestc.edu.cn/career/recruitment/onsite,
e087f144ca0bb560693b06cf23804289ed4e6fcb8f6af2a6f0989d643f3903e5,2026-09-03 22:04:41,2026-09-03 22:04:41,现场招聘,北京北方华创微电子装备有限公司,北方华创微电子2027届全球校园招聘简章,应用支持/技术工程师,2026-08-28 10:45:47,2026-09-14,北京/上海/武汉/合肥/苏州/厦门/深圳/青岛等,2026-09-14,19:30,21:00,【清】立人楼B118,硕士、博士,,,,https://career.naura.com/campus,https://jiuye.uestc.edu.cn/career/recruitment/onsite/fvep4ztpips2,verified,https://jiuye.uestc.edu.cn/career/recruitment/onsite,
aba64dcb14d7750883b7210aa9999b2c9b90569042917ec998315c7a166eafef,2026-09-03 22:04:41,2026-09-03 22:04:41,现场招聘,北京北方华创微电子装备有限公司,北方华创微电子2027届全球校园招聘简章,新产品导入工程师,2026-08-28 10:45:47,2026-09-14,北京/上海/武汉/合肥/苏州/厦门/深圳/青岛等,2026-09-14,19:30,21:00,【清】立人楼B118,硕士、博士,,,,https://career.naura.com/campus,https://jiuye.uestc.edu.cn/career/recruitment/onsite/fvep4ztpips2,verified,https://jiuye.uestc.edu.cn/career/recruitment/onsite,
2befb54d3374e07d4893535dabd6b13766af0bb415dbfe43e3b5b16ac98f0676,2026-09-03 22:04:41,2026-09-03 22:04:41,现场招聘,北京北方华创微电子装备有限公司,北方华创微电子2027届全球校园招聘简章,安全工程师,2026-08-28 10:45:47,2026-09-14,北京/上海/武汉/合肥/苏州/厦门/深圳/青岛等,2026-09-14,19:30,21:00,【清】立人楼B118,硕士、博士,,,,https://career.naura.com/campus,https://jiuye.uestc.edu.cn/career/recruitment/onsite/fvep4ztpips2,verified,https://jiuye.uestc.edu.cn/career/recruitment/onsite,
bbc21ddb7b508fe6dc5dc7daf715790820472a8aa8a709c983a93622fbeee0de,2026-09-03 22:04:41,2026-09-03 22:04:41,现场招聘,北京北方华创微电子装备有限公司,北方华创微电子2027届全球校园招聘简章,质量工程师,2026-08-28 10:45:47,2026-09-14,北京/上海/武汉/合肥/苏州/厦门/深圳/青岛等,2026-09-14,19:30,21:00,【清】立人楼B118,硕士、博士,,,,https://career.naura.com/campus,https://jiuye.uestc.edu.cn/career/recruitment/onsite/fvep4ztpips2,verified,https://jiuye.uestc.edu.cn/career/recruitment/onsite,
43172841ca69be07b1e5db832c05572284969f396895515ff0b2cd8010a49764,2026-09-03 22:04:41,2026-09-03 22:04:41,现场招聘,北京北方华创微电子装备有限公司,北方华创微电子2027届全球校园招聘简章,数据管理分析工程师,2026-08-28 10:45:47,2026-09-14,北京/上海/武汉/合肥/苏州/厦门/深圳/青岛等,2026-09-14,19:30,21:00,【清】立人楼B118,硕士、博士,,,,https://career.naura.com/campus,https://jiuye.uestc.edu.cn/career/recruitment/onsite/fvep4ztpips2,verified,https://jiuye.uestc.edu.cn/career/recruitment/onsite,
74e3fb11b357d49866fcf3102be51df2789cfeb71dafe0d1735c4b90f3f1b34a,2026-09-03 22:04:41,2026-09-03 22:04:41,现场招聘,北京北方华创微电子装备有限公司,北方华创微电子2027届全球校园招聘简章,人力资源专员,2026-08-28 10:45:47,2026-09-14,北京,2026-09-14,19:30,21:00,【清】立人楼B118,硕士、博士,,,,https://career.naura.com/campus,https://jiuye.uestc.edu.cn/career/recruitment/onsite/fvep4ztpips2,verified,https://jiuye.uestc.edu.cn/career/recruitment/onsite,
05f14ba94255a08601d76978cf6a680f7d5d558b497f32da712d502abe9bdb26,2026-09-03 22:04:41,2026-09-03 22:04:41,现场招聘,北京北方华创微电子装备有限公司,北方华创微电子2027届全球校园招聘简章,采购工程师,2026-08-28 10:45:47,2026-09-14,北京,2026-09-14,19:30,21:00,【清】立人楼B118,硕士、博士,,,,https://career.naura.com/campus,https://jiuye.uestc.edu.cn/career/recruitment/onsite/fvep4ztpips2,verified,https://jiuye.uestc.edu.cn/career/recruitment/onsite,
06b3dd68e7ad71829cee9e152f6ff85cfdf85da5783f2b4080010b4999952b4e,2026-09-03 22:04:41,2026-09-03 22:04:41,现场招聘,北京北方华创微电子装备有限公司,北方华创微电子2027届全球校园招聘简章,物控计划专员,2026-08-28 10:45:47,2026-09-14,北京,2026-09-14,19:30,21:00,【清】立人楼B118,硕士、博士,,,,https://career.naura.com/campus,https://jiuye.uestc.edu.cn/career/recruitment/onsite/fvep4ztpips2,verified,https://jiuye.uestc.edu.cn/career/recruitment/onsite,
49ef89143f36e7a23f510e7eed1aa17f8dc4e68b2926140c9b929c2703dc3d99,2026-09-03 22:04:41,2026-09-03 22:04:41,现场招聘,北京北方华创微电子装备有限公司,北方华创微电子2027届全球校园招聘简章,订单处理专员,2026-08-28 10:45:47,2026-09-14,北京,2026-09-14,19:30,21:00,【清】立人楼B118,硕士、博士,,,,https://career.naura.com/campus,https://jiuye.uestc.edu.cn/career/recruitment/onsite/fvep4ztpips2,verified,https://jiuye.uestc.edu.cn/career/recruitment/onsite,
4fbb2f721e318afbb5fb258954b9669e454a4b8a1b3a13801b1b1dd533cbc43a,2026-09-03 22:04:41,2026-09-03 22:04:41,现场招聘,北京北方华创微电子装备有限公司,北方华创微电子2027届全球校园招聘简章,运营专员,2026-08-28 10:45:47,2026-09-14,北京,2026-09-14,19:30,21:00,【清】立人楼B118,硕士、博士,,,,https://career.naura.com/campus,https://jiuye.uestc.edu.cn/career/recruitment/onsite/fvep4ztpips2,verified,https://jiuye.uestc.edu.cn/career/recruitment/onsite,
927bfdb2a83e0f440a57fcd0754d27918966e3068fa83d42dcf32e30473516d1,2026-09-03 22:04:41,2026-09-03 22:04:41,现场招聘,北京北方华创微电子装备有限公司,北方华创微电子2027届全球校园招聘简章,内控专员,2026-08-28 10:45:47,2026-09-14,北京,2026-09-14,19:30,21:00,【清】立人楼B118,硕士、博士,,,,https://career.naura.com/campus,https://jiuye.uestc.edu.cn/career/recruitment/onsite/fvep4ztpips2,verified,https://jiuye.uestc.edu.cn/career/recruitment/onsite,
697ea37199edbabade7a72be811d8cb0b33551f1bb50ef6aafd98309be7d67e6,2026-09-03 22:04:41,2026-09-03 22:04:41,现场招聘,北京北方华创微电子装备有限公司,北方华创微电子2027届全球校园招聘简章,财务专员,2026-08-28 10:45:47,2026-09-14,北京,2026-09-14,19:30,21:00,【清】立人楼B118,硕士、博士,,,,https://career.naura.com/campus,https://jiuye.uestc.edu.cn/career/recruitment/onsite/fvep4ztpips2,verified,https://jiuye.uestc.edu.cn/career/recruitment/onsite,
f4c550cc9afbd3afaaf11cbe2d6258714aff1e01d076381a0825ec819889997e,2026-09-03 22:04:41,2026-09-03 22:04:41,现场招聘,北京北方华创微电子装备有限公司,北方华创微电子2027届全球校园招聘简章,战略品牌发展专员,2026-08-28 10:45:47,2026-09-14,北京,2026-09-14,19:30,21:00,【清】立人楼B118,硕士、博士,,,,https://career.naura.com/campus,https://jiuye.uestc.edu.cn/career/recruitment/onsite/fvep4ztpips2,verified,https://jiuye.uestc.edu.cn/career/recruitment/onsite,
216f78b84222f84efdf0c9704fdfd3f205099097a18a83a17569b968d9f30807,2026-09-03 22:04:41,2026-09-03 22:04:41,现场招聘,哈尔滨电子敏感技术研究所(中国电子科技集团公司第四十九研究所),,未明确列出,2026-09-02 14:30:15,2026-09-14,黑龙江省:哈尔滨市,2026-09-14,19:30,21:00,【清】品学楼B205,硕士,,,,,https://jiuye.uestc.edu.cn/career/recruitment/onsite/fwzyauzvhl35,verified,https://jiuye.uestc.edu.cn/career/recruitment/onsite,
b223e65784b8c8ec0222c056f14082dad1abf22179ca57df1c8ad44509d4b92f,2026-09-03 22:04:41,2026-09-03 22:04:41,现场招聘,武汉中元通信股份有限公司,武汉中元通信股份有限公司 (国营第七一〇厂),未明确列出,2026-08-28 14:59:44,2026-09-14,湖北省:武汉市,2026-09-14,19:30,21:00,【清】立人楼B120,硕士、博士,,,,,https://jiuye.uestc.edu.cn/career/recruitment/onsite/fwir17i86epu,verified,https://jiuye.uestc.edu.cn/career/recruitment/onsite,
f40f2a3c6f1854a8a4b542e9474438224bec20e6cd3b2fa94dde2df2253f7be7,2026-09-03 22:04:41,2026-09-03 22:04:41,现场招聘,深圳市中电电力技术股份有限公司,CET中电技术2027届秋季校园招聘简章,AI工程师,2026-09-01 16:33:22,2026-09-14,深圳/武汉/长沙,2026-09-14,19:30,21:00,【清】品学楼B109,本科、硕士、博士,电气工程/自动化/测控工程/计算机/软件工程/通信工程/机电等相关专业,,,,https://jiuye.uestc.edu.cn/career/recruitment/onsite/fwx3tqyggzk1,verified,https://jiuye.uestc.edu.cn/career/recruitment/onsite,
73bc7462c54d67c4192de09da52501e6ae830d92e446982200ee2cdc3c1673e3,2026-09-03 22:04:41,2026-09-03 22:04:41,现场招聘,深圳市中电电力技术股份有限公司,CET中电技术2027届秋季校园招聘简章,研发工程师(软件、嵌入式软件、硬件),2026-09-01 16:33:22,2026-09-14,深圳/武汉/长沙,2026-09-14,19:30,21:00,【清】品学楼B109,本科、硕士、博士,电气工程/自动化/测控工程/计算机/软件工程/通信工程/机电等相关专业,,,,https://jiuye.uestc.edu.cn/career/recruitment/onsite/fwx3tqyggzk1,verified,https://jiuye.uestc.edu.cn/career/recruitment/onsite,
2ecba4d1d270b9a37281c0bb1199b6c3d43087735d504c7df14050fd010d2dc6,2026-09-03 22:04:41,2026-09-03 22:04:41,现场招聘,深圳市中电电力技术股份有限公司,CET中电技术2027届秋季校园招聘简章,测试工程师(AI应用、硬件方向),2026-09-01 16:33:22,2026-09-14,深圳/武汉/长沙,2026-09-14,19:30,21:00,【清】品学楼B109,本科、硕士、博士,电气工程/自动化/测控工程/计算机/软件工程/通信工程/机电等相关专业,,,,https://jiuye.uestc.edu.cn/career/recruitment/onsite/fwx3tqyggzk1,verified,https://jiuye.uestc.edu.cn/career/recruitment/onsite,
c8375d8599d2551fa65fbceaba605baf578a11551b073a2b3918c379e48e8d45,2026-09-03 22:04:41,2026-09-03 22:04:41,现场招聘,深圳市中电电力技术股份有限公司,CET中电技术2027届秋季校园招聘简章,ABAP开发工程师,2026-09-01 16:33:22,2026-09-14,深圳/武汉/长沙,2026-09-14,19:30,21:00,【清】品学楼B109,本科、硕士、博士,电气工程/自动化/测控工程/计算机/软件工程/通信工程/机电等相关专业,,,,https://jiuye.uestc.edu.cn/career/recruitment/onsite/fwx3tqyggzk1,verified,https://jiuye.uestc.edu.cn/career/recruitment/onsite,
46a7023ee8eeca087adea013d990c3355ec434baa6f1a3ab8db6f40523c55518,2026-09-03 22:04:41,2026-09-03 22:04:41,现场招聘,深圳市中电电力技术股份有限公司,CET中电技术2027届秋季校园招聘简章,研究员,2026-09-01 16:33:22,2026-09-14,深圳/武汉/长沙,2026-09-14,19:30,21:00,【清】品学楼B109,本科、硕士、博士,电气工程/自动化/测控工程/计算机/软件工程/通信工程/机电等相关专业,,,,https://jiuye.uestc.edu.cn/career/recruitment/onsite/fwx3tqyggzk1,verified,https://jiuye.uestc.edu.cn/career/recruitment/onsite,
58894269ffaacb771fcdb457f7ee0d1aee61adeacf661678f2f6237a40f1cd5f,2026-09-03 22:04:41,2026-09-03 22:04:41,现场招聘,深圳市中电电力技术股份有限公司,CET中电技术2027届秋季校园招聘简章,产品经理,2026-09-01 16:33:22,2026-09-14,全国省会城市/新加坡、马来西亚等海外国家,2026-09-14,19:30,21:00,【清】品学楼B109,本科、硕士、博士,电气工程/自动化/测控工程/计算机/软件工程/通信工程/机电等相关专业,,,,https://jiuye.uestc.edu.cn/career/recruitment/onsite/fwx3tqyggzk1,verified,https://jiuye.uestc.edu.cn/career/recruitment/onsite,
6908066e2e7fcfeea597db05ee9b5ff4802291ef540324cb505a3bd5fec6b17c,2026-09-03 22:04:41,2026-09-03 22:04:41,现场招聘,深圳市中电电力技术股份有限公司,CET中电技术2027届秋季校园招聘简章,解决方案工程师,2026-09-01 16:33:22,2026-09-14,全国省会城市/新加坡、马来西亚等海外国家,2026-09-14,19:30,21:00,【清】品学楼B109,本科、硕士、博士,电气工程/自动化/测控工程/计算机/软件工程/通信工程/机电等相关专业,,,,https://jiuye.uestc.edu.cn/career/recruitment/onsite/fwx3tqyggzk1,verified,https://jiuye.uestc.edu.cn/career/recruitment/onsite,
53a1355f3f78b2544237b46b4e859fc83d9c5118ec1717a1c9677c3143ca117f,2026-09-03 22:04:41,2026-09-03 22:04:41,现场招聘,深圳市中电电力技术股份有限公司,CET中电技术2027届秋季校园招聘简章,电气设计工程师,2026-09-01 16:33:22,2026-09-14,全国省会城市/新加坡、马来西亚等海外国家,2026-09-14,19:30,21:00,【清】品学楼B109,本科、硕士、博士,电气工程/自动化/测控工程/计算机/软件工程/通信工程/机电等相关专业,,,,https://jiuye.uestc.edu.cn/career/recruitment/onsite/fwx3tqyggzk1,verified,https://jiuye.uestc.edu.cn/career/recruitment/onsite,
2943844aea20dbd6b5177f6bbd7f776b3722c9a5c0a59fc70079aff62c5d9f81,2026-09-03 22:04:41,2026-09-03 22:04:41,现场招聘,深圳市中电电力技术股份有限公司,CET中电技术2027届秋季校园招聘简章,项目经理,2026-09-01 16:33:22,2026-09-14,全国省会城市/新加坡、马来西亚等海外国家,2026-09-14,19:30,21:00,【清】品学楼B109,本科、硕士、博士,电气工程/自动化/测控工程/计算机/软件工程/通信工程/机电等相关专业,,,,https://jiuye.uestc.edu.cn/career/recruitment/onsite/fwx3tqyggzk1,verified,https://jiuye.uestc.edu.cn/career/recruitment/onsite,
960c7cd1435bbf9f04b6e49a05fb8a2db4ff122b5194d948a511924733d98c4a,2026-09-03 22:04:41,2026-09-03 22:04:41,现场招聘,深圳市中电电力技术股份有限公司,CET中电技术2027届秋季校园招聘简章,技术服务工程师(技术调试/项目管理/技术支持方向),2026-09-01 16:33:22,2026-09-14,全国省会城市/新加坡、马来西亚等海外国家,2026-09-14,19:30,21:00,【清】品学楼B109,本科、硕士、博士,电气工程/自动化/测控工程/计算机/软件工程/通信工程/机电等相关专业,,,,https://jiuye.uestc.edu.cn/career/recruitment/onsite/fwx3tqyggzk1,verified,https://jiuye.uestc.edu.cn/career/recruitment/onsite,
4fe651076141af93d8917c229b1cd9f3dfef2561b36194d112d109bdb6a4bb36,2026-09-03 22:04:41,2026-09-03 22:04:41,现场招聘,深圳市中电电力技术股份有限公司,CET中电技术2027届秋季校园招聘简章,销售工程师,2026-09-01 16:33:22,2026-09-14,全国省会城市/新加坡、马来西亚等海外国家,2026-09-14,19:30,21:00,【清】品学楼B109,本科、硕士、博士,电气工程/自动化/测控工程/计算机/软件工程/通信工程/机电等相关专业,,,,https://jiuye.uestc.edu.cn/career/recruitment/onsite/fwx3tqyggzk1,verified,https://jiuye.uestc.edu.cn/career/recruitment/onsite,
e714a9a13643dc41d2d66eaea46e2344a42cdd48311ec736b3ab91db759d2c0d,2026-09-03 22:04:41,2026-09-03 22:04:41,现场招聘,深圳市中电电力技术股份有限公司,CET中电技术2027届秋季校园招聘简章,财务储备干部,2026-09-01 16:33:22,2026-09-14,深圳/武汉,2026-09-14,19:30,21:00,【清】品学楼B109,本科、硕士、博士,财务、金融等相关专业,,,,https://jiuye.uestc.edu.cn/career/recruitment/onsite/fwx3tqyggzk1,verified,https://jiuye.uestc.edu.cn/career/recruitment/onsite,
8f6a60de65d3fffeeb363126511b346600868e4bc44845d80312f2a51b70998a,2026-09-03 22:04:41,2026-09-03 22:04:41,现场招聘,深圳市中电电力技术股份有限公司,CET中电技术2027届秋季校园招聘简章,人力资源储备干部,2026-09-01 16:33:22,2026-09-14,深圳/武汉,2026-09-14,19:30,21:00,【清】品学楼B109,本科、硕士、博士,人力资源相关专业,,,,https://jiuye.uestc.edu.cn/career/recruitment/onsite/fwx3tqyggzk1,verified,https://jiuye.uestc.edu.cn/career/recruitment/onsite,
6f08c91522977daa8f88a31c848dad23606defe5651f41818e691229eb7b4e15,2026-09-03 22:04:41,2026-09-03 22:04:41,现场招聘,深圳方正微电子有限公司,2027届校园招聘简章,技术研发类,2026-09-01 14:46:15,2026-09-14,广东省:深圳市,2026-09-14,19:30,21:00,【清】品学楼B108,硕士、博士,电子科学与技术、微电子、器件物理等半导体相关专业,,,https://founderic.zhiye.com/Campus,https://jiuye.uestc.edu.cn/career/recruitment/onsite/fwwzhh9ghssi,verified,https://jiuye.uestc.edu.cn/career/recruitment/onsite,
b0576195bbb7f3955ce9c4ca2f5b28247b6b4360351899526305087d168191b0,2026-09-03 22:04:41,2026-09-03 22:04:41,现场招聘,深圳方正微电子有限公司,2027届校园招聘简章,工程技术类,2026-09-01 14:46:15,2026-09-14,广东省:深圳市,2026-09-14,19:30,21:00,【清】品学楼B108,硕士、博士,电子科学与技术、微电子、器件物理等半导体相关专业,,,https://founderic.zhiye.com/Campus,https://jiuye.uestc.edu.cn/career/recruitment/onsite/fwwzhh9ghssi,verified,https://jiuye.uestc.edu.cn/career/recruitment/onsite,
ebe440552b17cea9e833216c2e1aedfc41db4d7535275967e0d735b00ac0bfb2,2026-09-03 22:04:41,2026-09-03 22:04:41,现场招聘,深圳方正微电子有限公司,2027届校园招聘简章,职能支持类,2026-09-01 14:46:15,2026-09-14,广东省:深圳市,2026-09-14,19:30,21:00,【清】品学楼B108,硕士、博士,人工智能、应用数学、统计学、计算机等相关专业,,,https://founderic.zhiye.com/Campus,https://jiuye.uestc.edu.cn/career/recruitment/onsite/fwwzhh9ghssi,verified,https://jiuye.uestc.edu.cn/career/recruitment/onsite,
aa94285992b935574bac108d78a74764a10a601e11ba039a1705b770110663ca,2026-09-03 22:04:41,2026-09-03 22:04:41,现场招聘,深圳顺络电子股份有限公司,2027届秋季校园招聘简章,电子类,2026-08-28 13:14:07,2026-09-14,深圳/东莞,2026-09-14,19:30,21:00,【清】立人楼B119,本科、硕士、博士,电子科学与技术、电子信息工程、电磁场与微波技术、物理电子、微电子科学与工程、通信工程等,,,,https://jiuye.uestc.edu.cn/career/recruitment/onsite/fwi23ika3zep,verified,https://jiuye.uestc.edu.cn/career/recruitment/onsite,
4b9bbbf7b5369c06db9c5bc94c9b6228ec58eb8ddefb3ad644160dbfe0d5d88d,2026-09-03 22:04:41,2026-09-03 22:04:41,现场招聘,深圳顺络电子股份有限公司,2027届秋季校园招聘简章,电气类,2026-08-28 13:14:07,2026-09-14,深圳/东莞,2026-09-14,19:30,21:00,【清】立人楼B119,本科、硕士、博士,电力电子与电力传动、电机与电器、高电压与绝缘技术、电气工程及其自动化等,,,,https://jiuye.uestc.edu.cn/career/recruitment/onsite/fwi23ika3zep,verified,https://jiuye.uestc.edu.cn/career/recruitment/onsite,
ebcc8a8aa1dc986a90129d1ff05968ac2af5f5f5e0d6506e07b1d04b87b21b5f,2026-09-03 22:04:41,2026-09-03 22:04:41,现场招聘,深圳顺络电子股份有限公司,2027届秋季校园招聘简章,材料类,2026-08-28 13:14:07,2026-09-14,深圳/东莞,2026-09-14,19:30,21:00,【清】立人楼B119,本科、硕士、博士,软磁材料、无机非金属材料、陶瓷材料、新能源与器件、LTCC材料、材料化学、应用化学等,,,,https://jiuye.uestc.edu.cn/career/recruitment/onsite/fwi23ika3zep,verified,https://jiuye.uestc.edu.cn/career/recruitment/onsite,
ae01a4641a63a0219d996dffe7fb4dd8c697b4728b39750a6c7a27c3fc081e82,2026-09-03 22:04:41,2026-09-03 22:04:41,现场招聘,深圳顺络电子股份有限公司,2027届秋季校园招聘简章,机械类,2026-08-28 13:14:07,2026-09-14,深圳/东莞,2026-09-14,19:30,21:00,【清】立人楼B119,本科、硕士、博士,机械工程、机械设计、机械设计制造及其自动化、机械电子工程、车辆工程等,,,,https://jiuye.uestc.edu.cn/career/recruitment/onsite/fwi23ika3zep,verified,https://jiuye.uestc.edu.cn/career/recruitment/onsite,
f321108e90f04676c170f685db2c5d3f4e52852044f2c094c741c12a7f102a0a,2026-09-03 22:04:41,2026-09-03 22:04:41,现场招聘,深圳顺络电子股份有限公司,2027届秋季校园招聘简章,制造类,2026-08-28 13:14:07,2026-09-14,深圳/东莞,2026-09-14,19:30,21:00,【清】立人楼B119,本科、硕士、博士,工业工程、工业工程与管理、智能制造等,,,,https://jiuye.uestc.edu.cn/career/recruitment/onsite/fwi23ika3zep,verified,https://jiuye.uestc.edu.cn/career/recruitment/onsite,
d01dc1f55b713e59e221603447c8b841d460acb95afb4c2572e82db2fc747923,2026-09-03 22:04:41,2026-09-03 22:04:41,现场招聘,深圳顺络电子股份有限公司,2027届秋季校园招聘简章,质量类,2026-08-28 13:14:07,2026-09-14,深圳/东莞,2026-09-14,19:30,21:00,【清】立人楼B119,本科、硕士、博士,质量工程、管理科学与工程、英语、计量与测试等,,,,https://jiuye.uestc.edu.cn/career/recruitment/onsite/fwi23ika3zep,verified,https://jiuye.uestc.edu.cn/career/recruitment/onsite,
2ae7db87aff0f71128300434a13ddea614a7df63d999d31960a9c8f8374cb0a0,2026-09-03 22:04:41,2026-09-03 22:04:41,现场招聘,深圳顺络电子股份有限公司,2027届秋季校园招聘简章,市场/ 其它类,2026-08-28 13:14:07,2026-09-14,深圳/东莞,2026-09-14,19:30,21:00,【清】立人楼B119,本科、硕士、博士,"理工类+英语口语流利、Ai应用相关(产品/材料研发,智能制造,数据安全等)",,,,https://jiuye.uestc.edu.cn/career/recruitment/onsite/fwi23ika3zep,verified,https://jiuye.uestc.edu.cn/career/recruitment/onsite,
fb345bcd6836280b2ecd4bd6c046d192f18849fafe0a5ac55c881ed50aef9e07,2026-09-03 22:04:41,2026-09-03 22:04:41,现场招聘,成都屿西半导体科技有限公司,,未明确列出,2026-08-28 15:52:50,2026-09-15,",",2026-09-15,09:30,11:30,【清】立人楼B117,硕士,,,,,https://jiuye.uestc.edu.cn/career/recruitment/onsite/fwhysxt6wv7m,verified,https://jiuye.uestc.edu.cn/career/recruitment/onsite,
e380427a387d832e257eb2f2e25c06dd1461eaec9dea64400e7be3533732f282,2026-09-03 22:04:41,2026-09-03 22:04:41,现场招聘,深圳欧陆通电子股份有限公司,,电源硬件工程师,2026-09-01 18:51:23,2026-09-15,杭州、上海、南京、深圳、厦门,2026-09-15,09:30,11:30,【清】学生活动中心220,硕士及以上,电力电子、电气工程及自动化、控制工程等,,,http://www.honor-cn.com/,https://jiuye.uestc.edu.cn/career/recruitment/onsite/fwx3qrfetsld,verified,https://jiuye.uestc.edu.cn/career/recruitment/onsite,
0c67c2bcc9bba353173d2b5ab21a97bfb72c1f8345be53a78aed9528287194cb,2026-09-03 22:04:41,2026-09-03 22:04:41,现场招聘,深圳欧陆通电子股份有限公司,,电源软件工程师,2026-09-01 18:51:23,2026-09-15,杭州、上海、南京、深圳、厦门,2026-09-15,09:30,11:30,【清】学生活动中心220,硕士及以上,电力电子、电气工程及其自动化、控制工程等,,,http://www.honor-cn.com/,https://jiuye.uestc.edu.cn/career/recruitment/onsite/fwx3qrfetsld,verified,https://jiuye.uestc.edu.cn/career/recruitment/onsite,
2cab95e0c9ac15f7dda359150c1e75f3735ec2cc5ce65202189b25581e08864a,2026-09-03 22:04:41,2026-09-03 22:04:41,现场招聘,深圳欧陆通电子股份有限公司,,磁性元件设计工程师,2026-09-01 18:51:23,2026-09-15,杭州,2026-09-15,09:30,11:30,【清】学生活动中心220,硕士及以上,电力电子/电气工程及其自动化、磁性材料等,,,http://www.honor-cn.com/,https://jiuye.uestc.edu.cn/career/recruitment/onsite/fwx3qrfetsld,verified,https://jiuye.uestc.edu.cn/career/recruitment/onsite,
723d1002630540aac3a9ebb57120d30d7c12e38e9681744529960836a3dc1aad,2026-09-03 22:04:41,2026-09-03 22:04:41,现场招聘,深圳欧陆通电子股份有限公司,,结构工程师,2026-09-01 18:51:23,2026-09-15,杭州、上海、南京、深圳、厦门,2026-09-15,09:30,11:30,【清】学生活动中心220,本科及以上,机械设计、机械自动化、材料学等,,,http://www.honor-cn.com/,https://jiuye.uestc.edu.cn/career/recruitment/onsite/fwx3qrfetsld,verified,https://jiuye.uestc.edu.cn/career/recruitment/onsite,
18d2cdbee15594b9a7174be5d502c06d52322244b6ce51bd6f6e4d423eef6697,2026-09-03 22:04:41,2026-09-03 22:04:41,现场招聘,深圳欧陆通电子股份有限公司,,PCB Layout工程师,2026-09-01 18:51:23,2026-09-15,杭州、上海、南京、深圳、厦门,2026-09-15,09:30,11:30,【清】学生活动中心220,本科,电力电子、电气工程及其自动化、电子信息、通信工程等,,,http://www.honor-cn.com/,https://jiuye.uestc.edu.cn/career/recruitment/onsite/fwx3qrfetsld,verified,https://jiuye.uestc.edu.cn/career/recruitment/onsite,
4d48bb32c3a2dea2c3a1b454325371e9b31d252a04d1cc3b9db6c808d429a7b2,2026-09-03 22:04:41,2026-09-03 22:04:41,现场招聘,深圳欧陆通电子股份有限公司,,电源测试验证工程师,2026-09-01 18:51:23,2026-09-15,杭州、上海、南京、深圳、厦门,2026-09-15,09:30,11:30,【清】学生活动中心220,本科,电力电子、电气工程及其自动化等,,,http://www.honor-cn.com/,https://jiuye.uestc.edu.cn/career/recruitment/onsite/fwx3qrfetsld,verified,https://jiuye.uestc.edu.cn/career/recruitment/onsite,
a1a91aebe5b471ca955962b4d94a5a2fbcd75f833a6d0b9e9406cedb292fd81c,2026-09-03 22:04:41,2026-09-03 22:04:41,现场招聘,深圳欧陆通电子股份有限公司,,器件工程师,2026-09-01 18:51:23,2026-09-15,杭州、深圳,2026-09-15,09:30,11:30,【清】学生活动中心220,本科,半导体物理、材料、电子信息类、化学等,,,http://www.honor-cn.com/,https://jiuye.uestc.edu.cn/career/recruitment/onsite/fwx3qrfetsld,verified,https://jiuye.uestc.edu.cn/career/recruitment/onsite,
610fcd4727a4cbca69a50d27a1365c57e60b67eef09eb28cdc4105f8cf48ee88,2026-09-03 22:04:41,2026-09-03 22:04:41,现场招聘,【组团招聘】中国兵器集团,,未明确列出,2026-09-03 10:51:23,2026-09-15,其他(具体查看招聘信息),2026-09-15,09:30,12:00,清水河校区活动中心一楼圆厅,博士、硕士,,,,,https://jiuye.uestc.edu.cn/career/recruitment/onsite/fx3lesnt2epu,verified,https://jiuye.uestc.edu.cn/career/recruitment/onsite,
0d704537e57253253cfd1ad33cc7b7f573dca98cea086a08cd4b406b5470df97,2026-09-03 22:04:41,2026-09-03 22:04:41,现场招聘,上海祥承通讯技术有限公司,祥承科技 202 7届校园招聘,未明确列出,2026-09-03 09:22:52,2026-09-15,"上海市:浦东新区,四川省:宜宾市",2026-09-15,10:00,11:30,【清】品学楼B108,本科、硕士,,,,https://xchengtech.zhiye.com/,https://jiuye.uestc.edu.cn/career/recruitment/onsite/fx1voq1f0c1u,verified,https://jiuye.uestc.edu.cn/career/recruitment/onsite,
3a1db75cb9dba1b24bc7a6a7667f5bac835d3a41ba20687535f4515660a40812,2026-09-03 22:04:41,2026-09-03 22:04:41,现场招聘,四川中久数创科技有限公司,2027届校园招聘,未明确列出,2026-09-03 12:28:03,2026-09-15,"四川省:成都市,北京市:海淀区,四川省:绵阳市",2026-09-15,10:00,11:30,【清】立人楼B118,硕士、博士、博士后,,,,https://zp.zjdit.com/,https://jiuye.uestc.edu.cn/career/recruitment/onsite/fx3qbd8jzjeq,verified,https://jiuye.uestc.edu.cn/career/recruitment/onsite,
258c6ad51a65fbb17cbca0e22f9614f0d7366d433e3b59c3d01cf14b8908dfd9,2026-09-03 22:04:41,2026-09-03 22:04:41,现场招聘,金发科技股份有限公司,——金发科技股份有限公司2027届全球校园招聘,未明确列出,2026-09-03 17:03:12,2026-09-15,"四川省:成都市,广东省:广州市",2026-09-15,10:00,11:30,【清】品学楼B109,本科、硕士、博士,,,,https://kingfa.zhiye.com/,https://jiuye.uestc.edu.cn/career/recruitment/onsite/fx3un5ltbhtu,verified,https://jiuye.uestc.edu.cn/career/recruitment/onsite,
96f40299669d8be5601c32a8985d2a4e24524de8e4d5c29256a739a12c1131ba,2026-09-03 22:04:41,2026-09-03 22:04:41,现场招聘,中国电信集团有限公司,展梦星辰 共赴未来,未明确列出,2026-09-01 16:05:59,2026-09-15,其他(具体查看招聘信息),2026-09-15,14:00,15:00,【清】学生活动中心201,本科、硕士、博士,,,,http://www.chinatelecom.com.cn/zp,https://jiuye.uestc.edu.cn/career/recruitment/onsite/fwattslsvyf5,verified,https://jiuye.uestc.edu.cn/career/recruitment/onsite,
8cc6be14e59f705d17140befcfeb8e5bf2552fcc10685c369db42ae2ca954e63,2026-09-03 22:04:41,2026-09-03 22:04:41,现场招聘,西安应用光学研究所,中国兵器工业第二 〇 五研究所2027年校园招聘,未明确列出,2026-08-31 10:05:23,2026-09-15,陕西省:西安市,2026-09-15,14:00,16:00,【清】学生活动中心220,硕士、博士,,,,,https://jiuye.uestc.edu.cn/career/recruitment/onsite/exfmvvyookxt,verified,https://jiuye.uestc.edu.cn/career/recruitment/onsite,
46433c5746ee76d259307a3356c34a35a0d9f4e6aad6596d9a5eb44747ba6798,2026-09-03 22:04:41,2026-09-03 22:04:41,现场招聘,重庆吉芯科技有限公司,重庆吉芯科技有限公司2027届校园招聘简章,未明确列出,2026-08-31 16:56:29,2026-09-15,其他(具体查看招聘信息),2026-09-15,14:00,16:00,【清】科研楼C216(信通学院),本科、硕士、博士,,,,https://campus.51job.com/jxkj2026,https://jiuye.uestc.edu.cn/career/recruitment/onsite/fwt9zdgi0ydd,verified,https://jiuye.uestc.edu.cn/career/recruitment/onsite,
54f9f20702d11babfab56843affa1ebe5e9c068795e85b59a98f492033ba03c6,2026-09-03 22:04:41,2026-09-03 22:04:41,现场招聘,西南技术物理研究所,,未明确列出,2026-09-02 14:30:38,2026-09-15,四川省:成都市,2026-09-15,15:00,16:30,【清】品学楼B205,硕士、博士,,,,,https://jiuye.uestc.edu.cn/career/recruitment/onsite/fx0639h9xn2a,verified,https://jiuye.uestc.edu.cn/career/recruitment/onsite,
68638da6c38e2d6e3e718b253344b91a0f9f98484305213f694c1859c4539314,2026-09-03 22:04:41,2026-09-03 22:04:41,现场招聘,中国航天科工集团第十研究院,2027届秋季招聘公告,未明确列出,2026-08-30 23:44:17,2026-09-15,"贵州省:贵阳市,贵州省:遵义市,江苏省:苏州市,其他(具体查看招聘信息)",2026-09-15,15:00,17:00,【清】立人楼B120,硕士、博士,,,,,https://jiuye.uestc.edu.cn/career/recruitment/onsite/fwqqkh1wjn5u,verified,https://jiuye.uestc.edu.cn/career/recruitment/onsite,
14c38b4fa957954258040b724f54433a8e6ff0bf472eb3134cc5f171bd26bb14,2026-09-03 22:04:41,2026-09-03 22:04:41,现场招聘,四川英杰电气股份有限公司,四川英杰电气股份有限公司招聘简章,未明确列出,2026-08-28 22:41:45,2026-09-15,"四川省:成都市,四川省:德阳市",2026-09-15,15:00,17:00,【清】立人楼B117,博士、硕士、本科,,,,https://injet.zhiye.com/campus,https://jiuye.uestc.edu.cn/career/recruitment/onsite/fwjm9wmt8r29,verified,https://jiuye.uestc.edu.cn/career/recruitment/onsite,
193587dad69f23c36ca0e2e2a59361c9b56dc8b2927b72e38f6295db84c7ef34,2026-09-03 22:04:41,2026-09-03 22:04:41,现场招聘,山东新北洋信息技术股份有限公司,2027届校园招聘岗位详单,未明确列出,2026-08-28 12:15:00,2026-09-15,山东省:威海市,2026-09-15,15:00,17:00,【清】立人楼B118,本科、硕士、博士,,,,,https://jiuye.uestc.edu.cn/career/recruitment/onsite/fw84gk3gho1t,verified,https://jiuye.uestc.edu.cn/career/recruitment/onsite,
310fec66575c7d91bb7a22b2f26b86012ed9722492fa41b3ef88f1596b4134a5,2026-09-03 22:04:41,2026-09-03 22:04:41,现场招聘,山东艾诺智能仪器有限公司,2027届艾诺仪器校园招聘简章,硬件工程师,2026-08-28 15:55:59,2026-09-15,"山东省:青岛市,山东省:济南市",2026-09-15,15:00,17:00,【清】品学楼B109,博士/硕士,电力电子、电气工程及其自动化、控制理论与控制工程、测控技术与仪器、电子信息、电子科学与技术、通信工程等相关专业。,,,https://ainuo.zhiye.com/,https://jiuye.uestc.edu.cn/career/recruitment/onsite/fwhybao1d91e,verified,https://jiuye.uestc.edu.cn/career/recruitment/onsite,
533cfef84a498338d355da70f3c69a94ef380b9df82012cbab90a379ee1a88ca,2026-09-03 22:04:41,2026-09-03 22:04:41,现场招聘,山东艾诺智能仪器有限公司,2027届艾诺仪器校园招聘简章,嵌入式软件工程师,2026-08-28 15:55:59,2026-09-15,"山东省:青岛市,山东省:济南市",2026-09-15,15:00,17:00,【清】品学楼B109,硕士,电力电子、电气工程及其自动化、控制理论与控制工程、测控技术与仪器、电子信息、电子科学与技术、通信工程等相关专业。,,,https://ainuo.zhiye.com/,https://jiuye.uestc.edu.cn/career/recruitment/onsite/fwhybao1d91e,verified,https://jiuye.uestc.edu.cn/career/recruitment/onsite,
55651e89227fe03e7cc1f7f993d2bef0ba3f29b686e5d53cea94bd88471cba31,2026-09-03 22:04:41,2026-09-03 22:04:41,现场招聘,山东艾诺智能仪器有限公司,2027届艾诺仪器校园招聘简章,产品工程师,2026-08-28 15:55:59,2026-09-15,"山东省:青岛市,山东省:济南市",2026-09-15,15:00,17:00,【清】品学楼B109,硕士,电力电子、电气工程及其自动化、控制理论与控制工程、测控技术与仪器、电子信息、电子科学与技术、通信工程等相关专业。,,,https://ainuo.zhiye.com/,https://jiuye.uestc.edu.cn/career/recruitment/onsite/fwhybao1d91e,verified,https://jiuye.uestc.edu.cn/career/recruitment/onsite,
4d3b2744aaf48906cda1ace8c914dce1a6814a791dc08360d1f4dac7704fe21d,2026-09-03 22:04:41,2026-09-03 22:04:41,现场招聘,山东艾诺智能仪器有限公司,2027届艾诺仪器校园招聘简章,结构工程师,2026-08-28 15:55:59,2026-09-15,"山东省:青岛市,山东省:济南市",2026-09-15,15:00,17:00,【清】品学楼B109,硕士,机械设计、机械工程、机械电子等相关专业。,,,https://ainuo.zhiye.com/,https://jiuye.uestc.edu.cn/career/recruitment/onsite/fwhybao1d91e,verified,https://jiuye.uestc.edu.cn/career/recruitment/onsite,
358ac628162027bce9658b15d33cdae0b8762646613fbb1bf134704e7b5ae5ba,2026-09-03 22:04:41,2026-09-03 22:04:41,现场招聘,山东艾诺智能仪器有限公司,2027届艾诺仪器校园招聘简章,测试工程师,2026-08-28 15:55:59,2026-09-15,"山东省:青岛市,山东省:济南市",2026-09-15,15:00,17:00,【清】品学楼B109,硕士,电气工程及其自动化、控制理论与控制工程、测控技术与仪器、电子信息、电子科学与技术、工业工程等相关专业。,,,https://ainuo.zhiye.com/,https://jiuye.uestc.edu.cn/career/recruitment/onsite/fwhybao1d91e,verified,https://jiuye.uestc.edu.cn/career/recruitment/onsite,
63ea3b518efcff1b7d101331a039f416db268b8f3f97f883d6db0424aeaf2912,2026-09-03 22:04:41,2026-09-03 22:04:41,现场招聘,山东艾诺智能仪器有限公司,2027届艾诺仪器校园招聘简章,生产工艺工程师,2026-08-28 15:55:59,2026-09-15,"山东省:青岛市,山东省:济南市",2026-09-15,15:00,17:00,【清】品学楼B109,硕士/本科,电气工程及其自动化、控制理论与控制工程、测控技术与仪器、电子信息、电子科学与技术、工业工程等相关专业。,,,https://ainuo.zhiye.com/,https://jiuye.uestc.edu.cn/career/recruitment/onsite/fwhybao1d91e,verified,https://jiuye.uestc.edu.cn/career/recruitment/onsite,
2c3d252baaafa193570d308bef8c91d2adbaf34bbdcd58db67759faaff0c5c19,2026-09-03 22:04:41,2026-09-03 22:04:41,现场招聘,山东艾诺智能仪器有限公司,2027届艾诺仪器校园招聘简章,售后技术支持,2026-08-28 15:55:59,2026-09-15,"山东省:青岛市,山东省:济南市",2026-09-15,15:00,17:00,【清】品学楼B109,本科,电气工程及其自动化、控制理论与控制工程、测控技术与仪器、电子信息、电子科学与技术、工业工程等相关专业。,,,https://ainuo.zhiye.com/,https://jiuye.uestc.edu.cn/career/recruitment/onsite/fwhybao1d91e,verified,https://jiuye.uestc.edu.cn/career/recruitment/onsite,
eb91bf0ab03a491cfd05fcf846848fd325fb5560047ee22858a40a2ee7058272,2026-09-03 22:04:41,2026-09-03 22:04:41,现场招聘,山东艾诺智能仪器有限公司,2027届艾诺仪器校园招聘简章,工程师,2026-08-28 15:55:59,2026-09-15,"山东省:青岛市,山东省:济南市",2026-09-15,15:00,17:00,【清】品学楼B109,本科,电气工程及其自动化、控制理论与控制工程、测控技术与仪器、电子信息、电子科学与技术、工业工程等相关专业。,,,https://ainuo.zhiye.com/,https://jiuye.uestc.edu.cn/career/recruitment/onsite/fwhybao1d91e,verified,https://jiuye.uestc.edu.cn/career/recruitment/onsite,
b40208e89c3869b833811aa4fd714e9a4a44303080c2cd93435fe4aa5760d834,2026-09-03 22:04:41,2026-09-03 22:04:41,现场招聘,山东艾诺智能仪器有限公司,2027届艾诺仪器校园招聘简章,生产计划工程师,2026-08-28 15:55:59,2026-09-15,"山东省:青岛市,山东省:济南市",2026-09-15,15:00,17:00,【清】品学楼B109,硕士/本科,工业工程相关专业。,,,https://ainuo.zhiye.com/,https://jiuye.uestc.edu.cn/career/recruitment/onsite/fwhybao1d91e,verified,https://jiuye.uestc.edu.cn/career/recruitment/onsite,
76145ed49a2b1ae2b4316a4044729163d72d63ae202512bb5df254d562cf2286,2026-09-03 22:04:41,2026-09-03 22:04:41,现场招聘,山东艾诺智能仪器有限公司,2027届艾诺仪器校园招聘简章,管培生,2026-08-28 15:55:59,2026-09-15,"山东省:青岛市,山东省:济南市",2026-09-15,15:00,17:00,【清】品学楼B109,硕士,人力、行政管理等专业,,,https://ainuo.zhiye.com/,https://jiuye.uestc.edu.cn/career/recruitment/onsite/fwhybao1d91e,verified,https://jiuye.uestc.edu.cn/career/recruitment/onsite,
a310c1bce2667a8539297361c901ab501c01476356b6c90e60da73e4f60757a3,2026-09-03 22:04:41,2026-09-03 22:04:41,现场招聘,山东艾诺智能仪器有限公司,2027届艾诺仪器校园招聘简章,销售工程师,2026-08-28 15:55:59,2026-09-15,"山东省:青岛市,山东省:济南市",2026-09-15,15:00,17:00,【清】品学楼B109,硕士/本科,电气工程及其自动化、电子信息、电子科学与技术、通信工程等相关专业。,,,https://ainuo.zhiye.com/,https://jiuye.uestc.edu.cn/career/recruitment/onsite/fwhybao1d91e,verified,https://jiuye.uestc.edu.cn/career/recruitment/onsite,
ded992f27a6e11fc623cd74ab9b1da83b229efeb30981225d3f99d7baa0e8ec4,2026-09-03 22:04:41,2026-09-03 22:04:41,现场招聘,成都振芯科技股份有限公司,,未明确列出,2026-08-28 16:13:02,2026-09-15,"四川省:成都市,北京市:海淀区",2026-09-15,15:00,17:00,【清】品学楼B108,硕士、博士、本科,,,,,https://jiuye.uestc.edu.cn/career/recruitment/onsite/fwhw3u2vzoxu,verified,https://jiuye.uestc.edu.cn/career/recruitment/onsite,
43cd3184fd73c95d71eb5cacbaa8933ed195c604ad28576901814f3e67bcf9e3,2026-09-03 22:04:41,2026-09-03 22:04:41,现场招聘,杭州积海半导体有限公司,杭州积海半导体有限公司2027届招聘简章,芯片设计工程师,2026-08-28 14:45:05,2026-09-15,浙江省:杭州市,2026-09-15,15:00,17:00,【清】立人楼B119,硕士/博士,电子、物理、计算机类,,,https://ghsmc.zhiye.com/campus/jobs,https://jiuye.uestc.edu.cn/career/recruitment/onsite/fwi3vnd9gcg2,verified,https://jiuye.uestc.edu.cn/career/recruitment/onsite,
c2afc1d572542cf231a000592b7bbb0d79b897e17737d6b7cd39d34228a9b51d,2026-09-03 22:04:41,2026-09-03 22:04:41,现场招聘,杭州积海半导体有限公司,杭州积海半导体有限公司2027届招聘简章,器件研发工程师,2026-08-28 14:45:05,2026-09-15,浙江省:杭州市,2026-09-15,15:00,17:00,【清】立人楼B119,硕士/博士,电子、物理类,,,https://ghsmc.zhiye.com/campus/jobs,https://jiuye.uestc.edu.cn/career/recruitment/onsite/fwi3vnd9gcg2,verified,https://jiuye.uestc.edu.cn/career/recruitment/onsite,
c5b85d4ba273c6237d963d1674fde7fbff835dbd0b40a6177081f692fd38dea4,2026-09-03 22:04:41,2026-09-03 22:04:41,现场招聘,杭州积海半导体有限公司,杭州积海半导体有限公司2027届招聘简章,工艺整合工程师,2026-08-28 14:45:05,2026-09-15,浙江省:杭州市,2026-09-15,15:00,17:00,【清】立人楼B119,硕士/博士,电子、物理、材料类,,,https://ghsmc.zhiye.com/campus/jobs,https://jiuye.uestc.edu.cn/career/recruitment/onsite/fwi3vnd9gcg2,verified,https://jiuye.uestc.edu.cn/career/recruitment/onsite,
f792bab0d37532fe9af41e5a7ca7d51a386e32acfdb6d202855a47060855fc00,2026-09-03 22:04:41,2026-09-03 22:04:41,现场招聘,杭州积海半导体有限公司,杭州积海半导体有限公司2027届招聘简章,工艺研发工程师,2026-08-28 14:45:05,2026-09-15,浙江省:杭州市,2026-09-15,15:00,17:00,【清】立人楼B119,硕士/博士,电子、物理、化学、材料类,,,https://ghsmc.zhiye.com/campus/jobs,https://jiuye.uestc.edu.cn/career/recruitment/onsite/fwi3vnd9gcg2,verified,https://jiuye.uestc.edu.cn/career/recruitment/onsite,
999e77ceb585738804ced21258d03baa97484074c809c56e1003066ee8c3f223,2026-09-03 22:04:41,2026-09-03 22:04:41,现场招聘,杭州积海半导体有限公司,杭州积海半导体有限公司2027届招聘简章,产品工程师,2026-08-28 14:45:05,2026-09-15,浙江省:杭州市,2026-09-15,15:00,17:00,【清】立人楼B119,硕士/博士,电子、物理、材料类,,,https://ghsmc.zhiye.com/campus/jobs,https://jiuye.uestc.edu.cn/career/recruitment/onsite/fwi3vnd9gcg2,verified,https://jiuye.uestc.edu.cn/career/recruitment/onsite,
66f0e3517e8641625492dbe542607ee8715174b0a798dc937cbfef23ab71cf01,2026-09-03 22:04:41,2026-09-03 22:04:41,现场招聘,杭州积海半导体有限公司,杭州积海半导体有限公司2027届招聘简章,测试工程师,2026-08-28 14:45:05,2026-09-15,浙江省:杭州市,2026-09-15,15:00,17:00,【清】立人楼B119,硕士/博士,电子、计算机,,,https://ghsmc.zhiye.com/campus/jobs,https://jiuye.uestc.edu.cn/career/recruitment/onsite/fwi3vnd9gcg2,verified,https://jiuye.uestc.edu.cn/career/recruitment/onsite,
7aa38db2f3228e57695161f64d992de8dc3e4957f1e0f8861c31caf3dddc3f68,2026-09-03 22:04:41,2026-09-03 22:04:41,现场招聘,杭州积海半导体有限公司,杭州积海半导体有限公司2027届招聘简章,光罩工程师,2026-08-28 14:45:05,2026-09-15,浙江省:杭州市,2026-09-15,15:00,17:00,【清】立人楼B119,硕士/博士,计算机类、其他工程类,,,https://ghsmc.zhiye.com/campus/jobs,https://jiuye.uestc.edu.cn/career/recruitment/onsite/fwi3vnd9gcg2,verified,https://jiuye.uestc.edu.cn/career/recruitment/onsite,
56a596538fc63b81110311d281be3f169dc7e011a08397941a27a9fb2208279c,2026-09-03 22:04:41,2026-09-03 22:04:41,现场招聘,杭州积海半导体有限公司,杭州积海半导体有限公司2027届招聘简章,失效分析工程师,2026-08-28 14:45:05,2026-09-15,浙江省:杭州市,2026-09-15,15:00,17:00,【清】立人楼B119,硕士/博士,电子、物理、化学、材料类,,,https://ghsmc.zhiye.com/campus/jobs,https://jiuye.uestc.edu.cn/career/recruitment/onsite/fwi3vnd9gcg2,verified,https://jiuye.uestc.edu.cn/career/recruitment/onsite,
ba2b01975b0a894e4600c10a2e66a63109b04505afc4eea25cebd9d08a0d233f,2026-09-03 22:04:41,2026-09-03 22:04:41,现场招聘,杭州积海半导体有限公司,杭州积海半导体有限公司2027届招聘简章,设备工程师,2026-08-28 14:45:05,2026-09-15,浙江省:杭州市,2026-09-15,15:00,17:00,【清】立人楼B119,本科及以上,"理工科类,电子、机电、计算机类优先",,,https://ghsmc.zhiye.com/campus/jobs,https://jiuye.uestc.edu.cn/career/recruitment/onsite/fwi3vnd9gcg2,verified,https://jiuye.uestc.edu.cn/career/recruitment/onsite,
95e0be7bdd617f6049cd9a5c6deb170a1c281474e0ab9be31f34eca0fa522cb8,2026-09-03 22:04:41,2026-09-03 22:04:41,现场招聘,杭州积海半导体有限公司,杭州积海半导体有限公司2027届招聘简章,制造工程师,2026-08-28 14:45:05,2026-09-15,浙江省:杭州市,2026-09-15,15:00,17:00,【清】立人楼B119,本科及以上,理工科类,,,https://ghsmc.zhiye.com/campus/jobs,https://jiuye.uestc.edu.cn/career/recruitment/onsite/fwi3vnd9gcg2,verified,https://jiuye.uestc.edu.cn/career/recruitment/onsite,
6f28ad144f3d2bb5dd242d87fb9d1d41a0c4c98669170007c0d2cd164055e4d5,2026-09-03 22:04:41,2026-09-03 22:04:41,现场招聘,杭州积海半导体有限公司,杭州积海半导体有限公司2027届招聘简章,RTD/MES工程师,2026-08-28 14:45:05,2026-09-15,浙江省:杭州市,2026-09-15,15:00,17:00,【清】立人楼B119,本科及以上,计算机类,,,https://ghsmc.zhiye.com/campus/jobs,https://jiuye.uestc.edu.cn/career/recruitment/onsite/fwi3vnd9gcg2,verified,https://jiuye.uestc.edu.cn/career/recruitment/onsite,
cd0b312347fcfdff064e27e31055b1a4d4bdbc2ad22474b4dff7368616e766a1,2026-09-03 22:04:41,2026-09-03 22:04:41,现场招聘,杭州积海半导体有限公司,杭州积海半导体有限公司2027届招聘简章,良率提升与量测工程师,2026-08-28 14:45:05,2026-09-15,浙江省:杭州市,2026-09-15,15:00,17:00,【清】立人楼B119,硕士/博士,电子、物理、材料、化学、机电、计算机类,,,https://ghsmc.zhiye.com/campus/jobs,https://jiuye.uestc.edu.cn/career/recruitment/onsite/fwi3vnd9gcg2,verified,https://jiuye.uestc.edu.cn/career/recruitment/onsite,
66961049e84c6b48220e5c446fb2cf6226d0907bccbf6b9d823418276e660a8a,2026-09-03 22:04:41,2026-09-03 22:04:41,现场招聘,杭州积海半导体有限公司,杭州积海半导体有限公司2027届招聘简章,质量工程师,2026-08-28 14:45:05,2026-09-15,浙江省:杭州市,2026-09-15,15:00,17:00,【清】立人楼B119,硕士/博士,电子、物理、化学、材料、数学统计、工业工程类,,,https://ghsmc.zhiye.com/campus/jobs,https://jiuye.uestc.edu.cn/career/recruitment/onsite/fwi3vnd9gcg2,verified,https://jiuye.uestc.edu.cn/career/recruitment/onsite,
4903c373de335e610f6bf8288c5f21f61d5a85a2b1dde66736fc15b068207061,2026-09-03 22:04:41,2026-09-03 22:04:41,现场招聘,杭州积海半导体有限公司,杭州积海半导体有限公司2027届招聘简章,自动化系统工程师,2026-08-28 14:45:05,2026-09-15,浙江省:杭州市,2026-09-15,15:00,17:00,【清】立人楼B119,本科及以上,"理工科类,电子、机电、计算机类优先",,,https://ghsmc.zhiye.com/campus/jobs,https://jiuye.uestc.edu.cn/career/recruitment/onsite/fwi3vnd9gcg2,verified,https://jiuye.uestc.edu.cn/career/recruitment/onsite,
f52037dd5d51af05b63b0769a8a6dc54a40a0e1a0656e4f7ff5e9d462e93bbcb,2026-09-03 22:04:41,2026-09-03 22:04:41,现场招聘,杭州积海半导体有限公司,杭州积海半导体有限公司2027届招聘简章,IT运维工程师,2026-08-28 14:45:05,2026-09-15,浙江省:杭州市,2026-09-15,15:00,17:00,【清】立人楼B119,本科及以上,计算机类,,,https://ghsmc.zhiye.com/campus/jobs,https://jiuye.uestc.edu.cn/career/recruitment/onsite/fwi3vnd9gcg2,verified,https://jiuye.uestc.edu.cn/career/recruitment/onsite,
b5a3a73644d121cb1bb02c0990d62fc6759d43b237ce9ef5b4c04e0d2118b1e1,2026-09-03 22:04:41,2026-09-03 22:04:41,现场招聘,杭州积海半导体有限公司,杭州积海半导体有限公司2027届招聘简章,EHS工程师,2026-08-28 14:45:05,2026-09-15,浙江省:杭州市,2026-09-15,15:00,17:00,【清】立人楼B119,本科及以上,环安、电子、机电类,,,https://ghsmc.zhiye.com/campus/jobs,https://jiuye.uestc.edu.cn/career/recruitment/onsite/fwi3vnd9gcg2,verified,https://jiuye.uestc.edu.cn/career/recruitment/onsite,
4d4ce940c314d0f2aac1873d620c3eadcc99f393541beea29721aed0c83189a6,2026-09-03 22:04:41,2026-09-03 22:04:41,现场招聘,杭州积海半导体有限公司,杭州积海半导体有限公司2027届招聘简章,供应链管理师,2026-08-28 14:45:05,2026-09-15,浙江省:杭州市,2026-09-15,15:00,17:00,【清】立人楼B119,本科及以上,"专业不限,商贸、物流类优先",,,https://ghsmc.zhiye.com/campus/jobs,https://jiuye.uestc.edu.cn/career/recruitment/onsite/fwi3vnd9gcg2,verified,https://jiuye.uestc.edu.cn/career/recruitment/onsite,
72d6826648f183d46241e896d8df0a99cf93a2706dc3ccf86d20f15f67e15341,2026-09-03 22:04:41,2026-09-03 22:04:41,现场招聘,杭州积海半导体有限公司,杭州积海半导体有限公司2027届招聘简章,人力资源管理师,2026-08-28 14:45:05,2026-09-15,浙江省:杭州市,2026-09-15,15:00,17:00,【清】立人楼B119,本科及以上,人力资源管理、管理学、心理学、统计学,,,https://ghsmc.zhiye.com/campus/jobs,https://jiuye.uestc.edu.cn/career/recruitment/onsite/fwi3vnd9gcg2,verified,https://jiuye.uestc.edu.cn/career/recruitment/onsite,
129196d5304fca4f3710f4e2a54ee4c62671765045fc4d9e1cb217de84ff79aa,2026-09-03 22:04:41,2026-09-03 22:04:41,现场招聘,杭州积海半导体有限公司,杭州积海半导体有限公司2027届招聘简章,财务管理师,2026-08-28 14:45:05,2026-09-15,浙江省:杭州市,2026-09-15,15:00,17:00,【清】立人楼B119,本科及以上,财会类,,,https://ghsmc.zhiye.com/campus/jobs,https://jiuye.uestc.edu.cn/career/recruitment/onsite/fwi3vnd9gcg2,verified,https://jiuye.uestc.edu.cn/career/recruitment/onsite,
ceeac0e93b3564313d03287bd96b903144b160fabcd6ff045fe5e01317479830,2026-09-03 22:04:41,2026-09-03 22:04:41,现场招聘,杭州积海半导体有限公司,杭州积海半导体有限公司2027届招聘简章,科技管理师,2026-08-28 14:45:05,2026-09-15,浙江省:杭州市,2026-09-15,15:00,17:00,【清】立人楼B119,本科及以上,"理工科类,电子、机电优先",,,https://ghsmc.zhiye.com/campus/jobs,https://jiuye.uestc.edu.cn/career/recruitment/onsite/fwi3vnd9gcg2,verified,https://jiuye.uestc.edu.cn/career/recruitment/onsite,
6fac6e97ea2e330e7d192355efddecb3f8171c3673637d45925a643a452e9f44,2026-09-03 22:04:41,2026-09-03 22:04:41,现场招聘,杭州积海半导体有限公司,杭州积海半导体有限公司2027届招聘简章,党群管理师,2026-08-28 14:45:05,2026-09-15,浙江省:杭州市,2026-09-15,15:00,17:00,【清】立人楼B119,本科及以上,"专业不限,管理类优先",,,https://ghsmc.zhiye.com/campus/jobs,https://jiuye.uestc.edu.cn/career/recruitment/onsite/fwi3vnd9gcg2,verified,https://jiuye.uestc.edu.cn/career/recruitment/onsite,
3c76853884a75c3ef0540e2a2536d549264d5ff21b01966d3a31c5b45f5d9e58,2026-09-03 22:04:41,2026-09-03 22:04:41,现场招聘,深南电路股份有限公司,2027届秋季校园招聘简章,工艺研发岗,2026-08-28 20:10:26,2026-09-15,"四川省:成都市,广东省:深圳市,广东省:广州市,江苏省:无锡市,江苏省:南通市",2026-09-15,16:30,18:00,【清】学生活动中心220,本科、硕士,化学类、材料类、机械类、电子类、物理类、数学类、光电类、物理类等专业,,,https://scc.zhiye.com/campus/jobs,https://jiuye.uestc.edu.cn/career/recruitment/onsite/fwjf0xbgndhe,verified,https://jiuye.uestc.edu.cn/career/recruitment/onsite,
c83cfb242db12d47049ceffa65500c2f77426326fc81c6b57f05f98789919b8a,2026-09-03 22:04:41,2026-09-03 22:04:41,现场招聘,深南电路股份有限公司,2027届秋季校园招聘简章,产品研发岗,2026-08-28 20:10:26,2026-09-15,深圳/广州/无锡/南通/成都,2026-09-15,16:30,18:00,【清】学生活动中心220,本科、硕士,化学类、材料类、机械类、电子类、物理类专业,,,https://scc.zhiye.com/campus/jobs,https://jiuye.uestc.edu.cn/career/recruitment/onsite/fwjf0xbgndhe,verified,https://jiuye.uestc.edu.cn/career/recruitment/onsite,
1715880ea0b522c6135e04a8d4244e54f7d6333e882fb6935301ab67211beb76,2026-09-03 22:04:41,2026-09-03 22:04:41,现场招聘,深南电路股份有限公司,2027届秋季校园招聘简章,质量管理岗,2026-08-28 20:10:26,2026-09-15,深圳/无锡,2026-09-15,16:30,18:00,【清】学生活动中心220,本科、硕士,"理工类专业,优先材料类、化学类、电子信息类、机械类、数学类专业",,,https://scc.zhiye.com/campus/jobs,https://jiuye.uestc.edu.cn/career/recruitment/onsite/fwjf0xbgndhe,verified,https://jiuye.uestc.edu.cn/career/recruitment/onsite,
06561fbae6776ab312fffa8c5e242b01afbfa6fb7598f6d63d1ce9d81e5051ce,2026-09-03 22:04:41,2026-09-03 22:04:41,现场招聘,深南电路股份有限公司,2027届秋季校园招聘简章,检测技术岗,2026-08-28 20:10:26,2026-09-15,"四川省:成都市,广东省:深圳市,广东省:广州市,江苏省:无锡市,江苏省:南通市",2026-09-15,16:30,18:00,【清】学生活动中心220,本科、硕士,光学工程、光电信息科学与工程、光电物理与器件、测控技术与仪器、仪器分析、电气工程及其自动化、机械电子工程等电子类专业,,,https://scc.zhiye.com/campus/jobs,https://jiuye.uestc.edu.cn/career/recruitment/onsite/fwjf0xbgndhe,verified,https://jiuye.uestc.edu.cn/career/recruitment/onsite,
a4f48719ce4aed19994a157e0da39fe9e779e380f01c47d236a2dcc4379776c7,2026-09-03 22:04:41,2026-09-03 22:04:41,现场招聘,深南电路股份有限公司,2027届秋季校园招聘简章,工程设计岗,2026-08-28 20:10:26,2026-09-15,"四川省:成都市,广东省:深圳市,广东省:广州市,江苏省:无锡市,江苏省:南通市",2026-09-15,16:30,18:00,【清】学生活动中心220,本科、硕士,电子科学与技术、电子信息工程、电子封装技术、集成电路设计与集成系统、机械电子工程、智能制造工程、通信工程、工业工程、数学与应用数学、计算机科学与技术、软件工程等相关专业,,,https://scc.zhiye.com/campus/jobs,https://jiuye.uestc.edu.cn/career/recruitment/onsite/fwjf0xbgndhe,verified,https://jiuye.uestc.edu.cn/career/recruitment/onsite,
9ad5c594befc925ed587df9afb81ad1f083ad86431db07644b15719405416767,2026-09-03 22:04:41,2026-09-03 22:04:41,现场招聘,深南电路股份有限公司,2027届秋季校园招聘简章,设备管理岗,2026-08-28 20:10:26,2026-09-15,"四川省:成都市,广东省:深圳市,广东省:广州市,江苏省:无锡市,江苏省:南通市",2026-09-15,16:30,18:00,【清】学生活动中心220,本科、硕士,机械工程、机械电子工程、电气工程及其自动化、自动化、电子信息等机械类、电气类、电子信息类专业,,,https://scc.zhiye.com/campus/jobs,https://jiuye.uestc.edu.cn/career/recruitment/onsite/fwjf0xbgndhe,verified,https://jiuye.uestc.edu.cn/career/recruitment/onsite,
1306561eba0232fbc13aa4d9cb1b39dbb41a3fd98f40194dc043fead5f35dc52,2026-09-03 22:04:41,2026-09-03 22:04:41,现场招聘,深南电路股份有限公司,2027届秋季校园招聘简章,生产管理岗,2026-08-28 20:10:26,2026-09-15,"四川省:成都市,广东省:深圳市,广东省:广州市,江苏省:无锡市,江苏省:南通市",2026-09-15,16:30,18:00,【清】学生活动中心220,本科、硕士,"工业工程,电气工程及其自动化、自动化、通信工程专业、机械、电子科学与技术等理工类或管理类专业",,,https://scc.zhiye.com/campus/jobs,https://jiuye.uestc.edu.cn/career/recruitment/onsite/fwjf0xbgndhe,verified,https://jiuye.uestc.edu.cn/career/recruitment/onsite,
bb1ddc324f84c50bd0ac7a38c7d8a817135c96da5673b02cfd258cf717398e5c,2026-09-03 22:04:41,2026-09-03 22:04:41,现场招聘,深南电路股份有限公司,2027届秋季校园招聘简章,计划岗,2026-08-28 20:10:26,2026-09-15,无锡/南通,2026-09-15,16:30,18:00,【清】学生活动中心220,本科、硕士,工业工程、物流工程、电子信息工程、供应链管理、管理科学与工程、数学、统计学、计算机科学与技术、软件工程、信息与计算科学等专业,,,https://scc.zhiye.com/campus/jobs,https://jiuye.uestc.edu.cn/career/recruitment/onsite/fwjf0xbgndhe,verified,https://jiuye.uestc.edu.cn/career/recruitment/onsite,
2477a9819a9c73d55fbfc6a9d1911e35b9b463ed5597f8cefd1d4875b28f9640,2026-09-03 22:04:41,2026-09-03 22:04:41,现场招聘,深南电路股份有限公司,2027届秋季校园招聘简章,智能制造岗,2026-08-28 20:10:26,2026-09-15,深圳/南通/无锡,2026-09-15,16:30,18:00,【清】学生活动中心220,本科、硕士,"电气工程及其自动化,自动化、控制工程、机械设计制造及其自动化、过程装备与控制工程、先进制造、智能制造工程、工业工程、数学与应用数学、先进制造等相关专业",,,https://scc.zhiye.com/campus/jobs,https://jiuye.uestc.edu.cn/career/recruitment/onsite/fwjf0xbgndhe,verified,https://jiuye.uestc.edu.cn/career/recruitment/onsite,
0089189131def4c628ae5a3ebd9d446d0c87342de9b590e0d815c0f948b560f3,2026-09-03 22:04:41,2026-09-03 22:04:41,现场招聘,深南电路股份有限公司,2027届秋季校园招聘简章,IE岗,2026-08-28 20:10:26,2026-09-15,"四川省:成都市,广东省:深圳市,广东省:广州市,江苏省:无锡市,江苏省:南通市",2026-09-15,16:30,18:00,【清】学生活动中心220,本科、硕士,工业工程、数学类、统计类、机械工程、自动化、测控技术与仪器、其他理工类专业,,,https://scc.zhiye.com/campus/jobs,https://jiuye.uestc.edu.cn/career/recruitment/onsite/fwjf0xbgndhe,verified,https://jiuye.uestc.edu.cn/career/recruitment/onsite,
6e9973f4afdca18f28865732c38228cf98d9be1566b082cbc6d38687e225b881,2026-09-03 22:04:41,2026-09-03 22:04:41,现场招聘,深南电路股份有限公司,2027届秋季校园招聘简章,软件开发岗,2026-08-28 20:10:26,2026-09-15,"四川省:成都市,广东省:深圳市,广东省:广州市,江苏省:无锡市,江苏省:南通市",2026-09-15,16:30,18:00,【清】学生活动中心220,本科、硕士,计算机科学与技术、软件工程、信息与计算科学、自动化、电子信息工程、人工智能、应用数学等计算机相关专业,,,https://scc.zhiye.com/campus/jobs,https://jiuye.uestc.edu.cn/career/recruitment/onsite/fwjf0xbgndhe,verified,https://jiuye.uestc.edu.cn/career/recruitment/onsite,
236fdf75b39e8790b570a3e04446b037dfce77b6cb27abdddd8b9abbd701f5ff,2026-09-03 22:04:41,2026-09-03 22:04:41,现场招聘,深南电路股份有限公司,2027届秋季校园招聘简章,硬件开发岗,2026-08-28 20:10:26,2026-09-15,"四川省:成都市,广东省:深圳市,广东省:广州市,江苏省:无锡市,江苏省:南通市",2026-09-15,16:30,18:00,【清】学生活动中心220,本科,"测控技术与仪器、电子信息工程、自动化、通信工程,电子科学与技术、电子通信工程、电子信息材料与元器件、电子信息科学与技术等相关专业",,,https://scc.zhiye.com/campus/jobs,https://jiuye.uestc.edu.cn/career/recruitment/onsite/fwjf0xbgndhe,verified,https://jiuye.uestc.edu.cn/career/recruitment/onsite,
b67bb1314defad9af55c205d10e598341707f5ae7cb3f954868592a860f8f1ff,2026-09-03 22:04:41,2026-09-03 22:04:41,现场招聘,深南电路股份有限公司,2027届秋季校园招聘简章,客户经理岗,2026-08-28 20:10:26,2026-09-15,"四川省:成都市,广东省:深圳市,广东省:广州市,江苏省:无锡市,江苏省:南通市",2026-09-15,16:30,18:00,【清】学生活动中心220,本科,商务英语、金融类、工商管理、理工科等相关专业,,,https://scc.zhiye.com/campus/jobs,https://jiuye.uestc.edu.cn/career/recruitment/onsite/fwjf0xbgndhe,verified,https://jiuye.uestc.edu.cn/career/recruitment/onsite,
f507a18fe64d6a0c276a3901e93efb40ed0a0a957b11fc6240db35d74d8ce576,2026-09-03 22:04:41,2026-09-03 22:04:41,现场招聘,深南电路股份有限公司,2027届秋季校园招聘简章,客户品质岗,2026-08-28 20:10:26,2026-09-15,"四川省:成都市,广东省:深圳市,广东省:广州市,江苏省:无锡市,江苏省:南通市",2026-09-15,16:30,18:00,【清】学生活动中心220,本科,日语、英语、电子封装技术、国际经济与贸易、化学工程、应用化学等理科类等相关专业,,,https://scc.zhiye.com/campus/jobs,https://jiuye.uestc.edu.cn/career/recruitment/onsite/fwjf0xbgndhe,verified,https://jiuye.uestc.edu.cn/career/recruitment/onsite,
cceedfcdc5c350c6e4d3d02e4d313b8ab3ce97cfbff1965cd067817f67a99c32,2026-09-03 22:04:41,2026-09-03 22:04:41,现场招聘,深南电路股份有限公司,2027届秋季校园招聘简章,设计岗,2026-08-28 20:10:26,2026-09-15,"四川省:成都市,广东省:深圳市,广东省:广州市,江苏省:无锡市,江苏省:南通市",2026-09-15,16:30,18:00,【清】学生活动中心220,本科、硕士,电子科学与技术、电子信息工程、电子封装技术、微电子科学与技术等电子信息类专业,,,https://scc.zhiye.com/campus/jobs,https://jiuye.uestc.edu.cn/career/recruitment/onsite/fwjf0xbgndhe,verified,https://jiuye.uestc.edu.cn/career/recruitment/onsite,
e700abc4db8f3a258aa458e3bf6110a6a00f8ef73d45200cbe81a7632873e860,2026-09-03 22:04:41,2026-09-03 22:04:41,现场招聘,深南电路股份有限公司,2027届秋季校园招聘简章,测试岗,2026-08-28 20:10:26,2026-09-15,"四川省:成都市,广东省:深圳市,广东省:广州市,江苏省:无锡市,江苏省:南通市",2026-09-15,16:30,18:00,【清】学生活动中心220,本科,"电子信息工程,计算机,自动化,测控技术与仪器、电子科学与技术、电气工程及其自动化",,,https://scc.zhiye.com/campus/jobs,https://jiuye.uestc.edu.cn/career/recruitment/onsite/fwjf0xbgndhe,verified,https://jiuye.uestc.edu.cn/career/recruitment/onsite,
50e9afc48d1c64ed79c5465c7a26f74bff4c516f0b3f4dff65f0158ca19df35e,2026-09-03 22:04:41,2026-09-03 22:04:41,现场招聘,深南电路股份有限公司,2027届秋季校园招聘简章,采购岗 (技术方向),2026-08-28 20:10:26,2026-09-15,"四川省:成都市,广东省:深圳市,广东省:广州市,江苏省:无锡市,江苏省:南通市",2026-09-15,16:30,18:00,【清】学生活动中心220,本科、硕士,材料化学、分析化学、高分子化学与技术、高分子化学与物理、高分子物理与化学;机械工程、机械设计制造及其自动化、机械电子工程、机械设计及理论、先进制造、机械成型及控制工程等相关专业,,,https://scc.zhiye.com/campus/jobs,https://jiuye.uestc.edu.cn/career/recruitment/onsite/fwjf0xbgndhe,verified,https://jiuye.uestc.edu.cn/career/recruitment/onsite,
89d80c28f4b7179c67f82612119324b9a49f5da85d54432b171a7be8574add4d,2026-09-03 22:04:41,2026-09-03 22:04:41,现场招聘,深南电路股份有限公司,2027届秋季校园招聘简章,采购岗,2026-08-28 20:10:26,2026-09-15,"四川省:成都市,广东省:深圳市,广东省:广州市,江苏省:无锡市,江苏省:南通市",2026-09-15,16:30,18:00,【清】学生活动中心220,本科、硕士,机械、电子、化学类、供应链管理、国际经济与贸易、物流工程等专业,,,https://scc.zhiye.com/campus/jobs,https://jiuye.uestc.edu.cn/career/recruitment/onsite/fwjf0xbgndhe,verified,https://jiuye.uestc.edu.cn/career/recruitment/onsite,
c1e281708474448bffed720a34f4efd2b152cbbd838cda4f41f752fa3033a04c,2026-09-03 22:04:41,2026-09-03 22:04:41,现场招聘,深南电路股份有限公司,2027届秋季校园招聘简章,人力资源岗,2026-08-28 20:10:26,2026-09-15,深圳,2026-09-15,16:30,18:00,【清】学生活动中心220,本科,工商管理、人力资源管理、企业管理、工业工程、统计学等理工科专业,,,https://scc.zhiye.com/campus/jobs,https://jiuye.uestc.edu.cn/career/recruitment/onsite/fwjf0xbgndhe,verified,https://jiuye.uestc.edu.cn/career/recruitment/onsite,
de5b9d68ae983ed2ca51e02cfa5d13c1decc9d92a2a25c9a2d75002bc66f2588,2026-09-03 22:04:41,2026-09-03 22:04:41,现场招聘,深南电路股份有限公司,2027届秋季校园招聘简章,交付经理岗,2026-08-28 20:10:26,2026-09-15,"四川省:成都市,广东省:深圳市,广东省:广州市,江苏省:无锡市,江苏省:南通市",2026-09-15,16:30,18:00,【清】学生活动中心220,本科,国际经济与贸易、市场营销、语言类(英语、日语、韩语、泰语),,,https://scc.zhiye.com/campus/jobs,https://jiuye.uestc.edu.cn/career/recruitment/onsite/fwjf0xbgndhe,verified,https://jiuye.uestc.edu.cn/career/recruitment/onsite,
51448edcab0941b1bfe631f68f090410bdc5ef68db5d03aac58e9452092c6527,2026-09-03 22:04:41,2026-09-03 22:04:41,现场招聘,深南电路股份有限公司,2027届秋季校园招聘简章,财务岗,2026-08-28 20:10:26,2026-09-15,"四川省:成都市,广东省:深圳市,广东省:广州市,江苏省:无锡市,江苏省:南通市",2026-09-15,16:30,18:00,【清】学生活动中心220,本科、硕士,会计学、财务学、财务管理、税务学、审计学、MPACC,,,https://scc.zhiye.com/campus/jobs,https://jiuye.uestc.edu.cn/career/recruitment/onsite/fwjf0xbgndhe,verified,https://jiuye.uestc.edu.cn/career/recruitment/onsite,
a066609610f6687d7da69b4ff5e7f291021a3995cbfcd50b99009664432910e5,2026-09-03 22:04:41,2026-09-03 22:04:41,现场招聘,深南电路股份有限公司,2027届秋季校园招聘简章,安全岗,2026-08-28 20:10:26,2026-09-15,"四川省:成都市,广东省:深圳市,广东省:广州市,江苏省:无锡市,江苏省:南通市",2026-09-15,16:30,18:00,【清】学生活动中心220,本科、硕士,安全工程、安全科学与工程、应急技术与管理、环境科学、环境工程、环境监测技术、环境工程技术等专业,,,https://scc.zhiye.com/campus/jobs,https://jiuye.uestc.edu.cn/career/recruitment/onsite/fwjf0xbgndhe,verified,https://jiuye.uestc.edu.cn/career/recruitment/onsite,
6c9ba71f8e9af08d768d205e7602b94f4f963d6f057fa4389622712fb7980cbb,2026-09-03 22:04:41,2026-09-03 22:04:41,现场招聘,深南电路股份有限公司,2027届秋季校园招聘简章,FAE岗,2026-08-28 20:10:26,2026-09-15,无锡,2026-09-15,16:30,18:00,【清】学生活动中心220,硕士,机械电子、化学材料、物理、数学等理工类专业,,,https://scc.zhiye.com/campus/jobs,https://jiuye.uestc.edu.cn/career/recruitment/onsite/fwjf0xbgndhe,verified,https://jiuye.uestc.edu.cn/career/recruitment/onsite,
ed82e76721d884a6f43a9e2704ec150ca962ec219c02fd75aab1f50b6d219dfe,2026-09-03 22:04:41,2026-09-03 22:04:41,现场招聘,深南电路股份有限公司,2027届秋季校园招聘简章,环保岗,2026-08-28 20:10:26,2026-09-15,"四川省:成都市,广东省:深圳市,广东省:广州市,江苏省:无锡市,江苏省:南通市",2026-09-15,16:30,18:00,【清】学生活动中心220,硕士,环境科学、环境工程、安全环保相关专业,,,https://scc.zhiye.com/campus/jobs,https://jiuye.uestc.edu.cn/career/recruitment/onsite/fwjf0xbgndhe,verified,https://jiuye.uestc.edu.cn/career/recruitment/onsite,
a9f66ed15f38f327a87fd3d400f18721c21a623ffe40d79c7c4f2bb0e5830e42,2026-09-03 22:04:41,2026-09-03 22:04:41,现场招聘,深南电路股份有限公司,2027届秋季校园招聘简章,项目管理岗,2026-08-28 20:10:26,2026-09-15,"四川省:成都市,广东省:深圳市,广东省:广州市,江苏省:无锡市,江苏省:南通市",2026-09-15,16:30,18:00,【清】学生活动中心220,本科、硕士,计算机科学、电子科学与技术、电子通信工程、电子信息、电子信息科学与技术、通信工程、自动化、电子信息工程、电子科学与技术、通信工程、微电子科学与工程、集成电路工程相关专业,,,https://scc.zhiye.com/campus/jobs,https://jiuye.uestc.edu.cn/career/recruitment/onsite/fwjf0xbgndhe,verified,https://jiuye.uestc.edu.cn/career/recruitment/onsite,
c934a79816cd0893e4af6c76b9503a98101836ea2ad5339b1e4e2dcf7c4e51c0,2026-09-03 22:04:41,2026-09-03 22:04:41,现场招聘,深南电路股份有限公司,2027届秋季校园招聘简章,行政岗,2026-08-28 20:10:26,2026-09-15,"四川省:成都市,广东省:深圳市,广东省:广州市,江苏省:无锡市,江苏省:南通市",2026-09-15,16:30,18:00,【清】学生活动中心220,本科、硕士,汉语言文学、新闻学、行政管理、公共事业管理等相关专业,,,https://scc.zhiye.com/campus/jobs,https://jiuye.uestc.edu.cn/career/recruitment/onsite/fwjf0xbgndhe,verified,https://jiuye.uestc.edu.cn/career/recruitment/onsite,
39258b5c4e667e6455016c49e32e0bc59ce231cc5ccf707f32af9832f0905851,2026-09-03 22:04:41,2026-09-03 22:04:41,现场招聘,深南电路股份有限公司,2027届秋季校园招聘简章,体系管理岗,2026-08-28 20:10:26,2026-09-15,"四川省:成都市,广东省:深圳市,广东省:广州市,江苏省:无锡市,江苏省:南通市",2026-09-15,16:30,18:00,【清】学生活动中心220,本科、硕士,理工科和英语专业优先,,,https://scc.zhiye.com/campus/jobs,https://jiuye.uestc.edu.cn/career/recruitment/onsite/fwjf0xbgndhe,verified,https://jiuye.uestc.edu.cn/career/recruitment/onsite,
63e3a2d57a7838affb1f0a3c96df343943c4e40422f394e3d60cc903ec3a89c7,2026-09-03 22:04:41,2026-09-03 22:04:41,现场招聘,深南电路股份有限公司,2027届秋季校园招聘简章,暖通岗,2026-08-28 20:10:26,2026-09-15,"四川省:成都市,广东省:深圳市,广东省:广州市,江苏省:无锡市,江苏省:南通市",2026-09-15,16:30,18:00,【清】学生活动中心220,本科、硕士,"环境科学、环境监测技术、环境工程技术、电气工程及其自动化、电子信息工程、软件工程、智能制造工程,建筑环境与能源应用专业",,,https://scc.zhiye.com/campus/jobs,https://jiuye.uestc.edu.cn/career/recruitment/onsite/fwjf0xbgndhe,verified,https://jiuye.uestc.edu.cn/career/recruitment/onsite,
2b025945ef997257c56af7d5066d1f86327d7b8ca224d4438a94c7d8de002bb3,2026-09-03 22:04:41,2026-09-03 22:04:41,现场招聘,深南电路股份有限公司,2027届秋季校园招聘简章,关务岗,2026-08-28 20:10:26,2026-09-15,"四川省:成都市,广东省:深圳市,广东省:广州市,江苏省:无锡市,江苏省:南通市",2026-09-15,16:30,18:00,【清】学生活动中心220,本科,国际经济与贸易、计算机科学与技术、物流管理,,,https://scc.zhiye.com/campus/jobs,https://jiuye.uestc.edu.cn/career/recruitment/onsite/fwjf0xbgndhe,verified,https://jiuye.uestc.edu.cn/career/recruitment/onsite,
3a70430f5e7f2d7e6c434e844b50237b127431f2c398d07d3df62abc19e38dd2,2026-09-03 22:04:41,2026-09-03 22:04:41,现场招聘,深南电路股份有限公司,2027届秋季校园招聘简章,报价岗,2026-08-28 20:10:26,2026-09-15,"四川省:成都市,广东省:深圳市,广东省:广州市,江苏省:无锡市,江苏省:南通市",2026-09-15,16:30,18:00,【清】学生活动中心220,本科,电子科学与技术、集成电路设计与集成系统、通信工程、自动化、计算机等理工类,,,https://scc.zhiye.com/campus/jobs,https://jiuye.uestc.edu.cn/career/recruitment/onsite/fwjf0xbgndhe,verified,https://jiuye.uestc.edu.cn/career/recruitment/onsite,
269722f8fc8473e427962a106698fe5060d6b658f9520cdc38cc60190b3225a8,2026-09-03 22:04:41,2026-09-03 22:04:41,现场招聘,深南电路股份有限公司,2027届秋季校园招聘简章,物业管理岗,2026-08-28 20:10:26,2026-09-15,"四川省:成都市,广东省:深圳市,广东省:广州市,江苏省:无锡市,江苏省:南通市",2026-09-15,16:30,18:00,【清】学生活动中心220,本科、硕士,物业管理、土木工程、电气工程及其自动化、工程管理、安全工程、机电一体化等建筑环境与能源应用专业,,,https://scc.zhiye.com/campus/jobs,https://jiuye.uestc.edu.cn/career/recruitment/onsite/fwjf0xbgndhe,verified,https://jiuye.uestc.edu.cn/career/recruitment/onsite,
03b0f102d8795d3befee12f1661fee484aed9b4185146983e4990026b47c0dbe,2026-09-03 22:04:41,2026-09-03 22:04:41,现场招聘,深南电路股份有限公司,2027届秋季校园招聘简章,物流规划岗,2026-08-28 20:10:26,2026-09-15,"四川省:成都市,广东省:深圳市,广东省:广州市,江苏省:无锡市,江苏省:南通市",2026-09-15,16:30,18:00,【清】学生活动中心220,本科,工业工程、生产管理、物流工程、管理科学与工程,,,https://scc.zhiye.com/campus/jobs,https://jiuye.uestc.edu.cn/career/recruitment/onsite/fwjf0xbgndhe,verified,https://jiuye.uestc.edu.cn/career/recruitment/onsite,
2f387ab741f54bd1b508ff0b2ee940b40728be81ff81aae3977fdd60f4637631,2026-09-03 22:04:41,2026-09-03 22:04:41,现场招聘,深南电路股份有限公司,2027届秋季校园招聘简章,结构岗,2026-08-28 20:10:26,2026-09-15,"四川省:成都市,广东省:深圳市,广东省:广州市,江苏省:无锡市,江苏省:南通市",2026-09-15,16:30,18:00,【清】学生活动中心220,本科,"机械工程、机械设计制造及其自动化,机械电子工程,能源与动力工程(流体机械方向)",,,https://scc.zhiye.com/campus/jobs,https://jiuye.uestc.edu.cn/career/recruitment/onsite/fwjf0xbgndhe,verified,https://jiuye.uestc.edu.cn/career/recruitment/onsite,
76128d3f3f6d91f78beb79ac7cf6f652f4b78e420c050f193301abb4e0f29d9b,2026-09-03 22:04:41,2026-09-03 22:04:41,现场招聘,深南电路股份有限公司,2027届秋季校园招聘简章,数据运营岗,2026-08-28 20:10:26,2026-09-15,"四川省:成都市,广东省:深圳市,广东省:广州市,江苏省:无锡市,江苏省:南通市",2026-09-15,16:30,18:00,【清】学生活动中心220,本科,电气工程、自动化、电子信息工程、材料科学与工程、统计学、数据科学与大数据技术、信息与计算科学、工业工程、物流管理(侧重供应链数据分析)、智能制造工程,,,https://scc.zhiye.com/campus/jobs,https://jiuye.uestc.edu.cn/career/recruitment/onsite/fwjf0xbgndhe,verified,https://jiuye.uestc.edu.cn/career/recruitment/onsite,
8ddd0347d956906674ff299138fe44e926029c349ae897b6a2df38514a2848c1,2026-09-03 22:04:41,2026-09-03 22:04:41,现场招聘,深南电路股份有限公司,2027届秋季校园招聘简章,战略管理岗(泰国),2026-08-28 20:10:26,2026-09-15,"四川省:成都市,广东省:深圳市,广东省:广州市,江苏省:无锡市,江苏省:南通市",2026-09-15,16:30,18:00,【清】学生活动中心220,本科,工商管理、经济学、产业经济学,,,https://scc.zhiye.com/campus/jobs,https://jiuye.uestc.edu.cn/career/recruitment/onsite/fwjf0xbgndhe,verified,https://jiuye.uestc.edu.cn/career/recruitment/onsite,
cfb3191fc153560e7b98b24b88ebaaaba6f5a96a5f89813b8420c7de3fa710ca,2026-09-03 22:04:41,2026-09-03 22:04:41,现场招聘,深南电路股份有限公司,2027届秋季校园招聘简章,算法岗,2026-08-28 20:10:26,2026-09-15,深圳/无锡,2026-09-15,16:30,18:00,【清】学生活动中心220,本科、硕士、博士,,,,https://scc.zhiye.com/campus/jobs,https://jiuye.uestc.edu.cn/career/recruitment/onsite/fwjf0xbgndhe,verified,https://jiuye.uestc.edu.cn/career/recruitment/onsite,
0e22f65f51a180fb6fafa32c1010e80c9d3b6ba6195fe1ffe7964cb0d6d0c086,2026-09-03 22:04:41,2026-09-03 22:04:41,现场招聘,深南电路股份有限公司,2027届秋季校园招聘简章,战略管理岗,2026-08-28 20:10:26,2026-09-15,深圳,2026-09-15,16:30,18:00,【清】学生活动中心220,本科、硕士、博士,,,,https://scc.zhiye.com/campus/jobs,https://jiuye.uestc.edu.cn/career/recruitment/onsite/fwjf0xbgndhe,verified,https://jiuye.uestc.edu.cn/career/recruitment/onsite,
6f17ec9da7d2c9e00554ad78b91404e8b838bf59b08e3c8a92a10d5d30fbe8e4,2026-09-03 22:04:41,2026-09-12 08:57:25,现场招聘,网易(上海)网络有限公司,网易游戏(互娱)2027届校园招聘正式启动!,未明确列出,2026-09-07 11:38:37,2026-09-16,其他(具体查看招聘信息),2026-09-16,18:30,20:30,【清】学生活动中心201,本科、硕士、博士,,,,,https://jiuye.uestc.edu.cn/career/recruitment/onsite/fwit2h7b87pe,verified,https://jiuye.uestc.edu.cn/career/recruitment/onsite,
7f3ac1f3efefa3bb2f2c69a90bb89a4599c56494e2aadc1ca9fda0aa906e83a2,2026-09-03 22:04:41,2026-09-03 22:04:41,现场招聘,携程计算机技术(上海)有限公司,携程集团2027届秋季校园招聘简章,未明确列出,2026-08-28 12:23:26,2026-09-15,上海市:长宁区,2026-09-15,18:30,20:30,【清】学生活动中心201,本科、硕士、博士,,,,http://t.ctrip.cn/1ef62Aa,https://jiuye.uestc.edu.cn/career/recruitment/onsite/fwibm47ctji9,verified,https://jiuye.uestc.edu.cn/career/recruitment/onsite,
04660732c592862b27b6bf6ca4abe015eecf8311e6330e095d82a1337298f527,2026-09-03 22:04:41,2026-09-03 22:04:41,现场招聘,武汉新芯集成电路股份有限公司,二、招聘信息,未明确列出,2026-08-29 15:38:15,2026-09-15,湖北省:武汉市,2026-09-15,18:30,20:30,【清】学生活动中心220,本科、硕士、博士,,,,https://whxmc.zhiye.com/Campus,https://jiuye.uestc.edu.cn/career/recruitment/onsite/fwfivau9x3b6,verified,https://jiuye.uestc.edu.cn/career/recruitment/onsite,
42b93e5e6c9daf97176f18d6f21b9be969df6f1f69f8598b9785daff6aa29bdf,2026-09-03 22:04:41,2026-09-03 22:04:41,现场招聘,深圳市鹏新旭技术有限公司,鹏新旭2027届校园招聘,未明确列出,2026-08-28 16:51:10,2026-09-15,广东省:深圳市,2026-09-15,19:00,21:00,【清】立人楼B117,硕士、博士、博士后,,,,https://pensun.zhiye.com/campus/jobs,https://jiuye.uestc.edu.cn/career/recruitment/onsite/fwflukbv3jeq,verified,https://jiuye.uestc.edu.cn/career/recruitment/onsite,
7a6701259ed538dcb06821a6c4e87b99eece41edfdb534c7f6e4fd1de6797ac5,2026-09-03 22:04:41,2026-09-03 22:04:41,现场招聘,中冶赛迪信息技术(重庆)有限公司,2027届校园招聘简章,未明确列出,2026-09-03 15:22:08,2026-09-15,其他(具体查看招聘信息),2026-09-15,19:30,21:00,【清】立人楼B119,硕士、博士、本科,,,,https://www.cisdiinfo.com.cn/webfile/xyzp,https://jiuye.uestc.edu.cn/career/recruitment/onsite/fx46mhzkwu0y,verified,https://jiuye.uestc.edu.cn/career/recruitment/onsite,
9c5a42ce54102b70da6f626be3f2e3b12f9cf71a21474b244f3b0ad1083b5d4e,2026-09-03 22:04:41,2026-09-03 22:04:41,现场招聘,中国电子科技集团公司第三十二研究所,2027届校园招聘简章,未明确列出,2026-08-31 15:45:38,2026-09-15,"上海市:嘉定区,北京市:石景山区,四川省:成都市",2026-09-15,19:30,21:00,【清】品学楼B205,硕士、本科、博士,,,,,https://jiuye.uestc.edu.cn/career/recruitment/onsite/fwtlrq8ib85e,verified,https://jiuye.uestc.edu.cn/career/recruitment/onsite,
a6c6f087fb5142c39779f1a3270eee1c25ac6cd19ed1ec740d381379ad98ab55,2026-09-03 22:04:41,2026-09-03 22:04:41,现场招聘,中电科航空电子有限公司,,未明确列出,2026-08-28 13:27:46,2026-09-15,四川省:成都市,2026-09-15,19:30,21:00,【清】立人楼B120,硕士、博士,,,,,https://jiuye.uestc.edu.cn/career/recruitment/onsite/fwi0gn0sawox,verified,https://jiuye.uestc.edu.cn/career/recruitment/onsite,
f07a0854aad95ae671fe94f4c13ad3500de5c9ec99db631cdf4fd1713a8a583e,2026-09-03 22:04:41,2026-09-03 22:04:41,现场招聘,大众汽车(安徽)有限公司,大众汽车集团(中国)2026-2027届校园招聘简章,未明确列出,2026-08-28 11:12:56,2026-09-15,其他(具体查看招聘信息),2026-09-15,19:30,21:00,【清】立人楼B118,本科、硕士、博士,,,,,https://jiuye.uestc.edu.cn/career/recruitment/onsite/fwi6prs5ytq9,verified,https://jiuye.uestc.edu.cn/career/recruitment/onsite,
8c59bcaf070b01ed3deba2c6205250602416ede906ed268dfff024bfd2fc2e4f,2026-09-03 22:04:41,2026-09-03 22:04:41,现场招聘,沐曦集成电路(上海)股份有限公司,,未明确列出,2026-08-28 23:06:25,2026-09-15,"四川省:成都市,湖南省:长沙市,浙江省:杭州市,江苏省:南京市,北京市:朝阳区",2026-09-15,19:30,21:00,【清】品学楼B108,硕士,,,,,https://jiuye.uestc.edu.cn/career/recruitment/onsite/fwhu5wui5ngh,verified,https://jiuye.uestc.edu.cn/career/recruitment/onsite,
ee94f1ea60c45d4c55a82b207f6fae78ea321208a42f5d9e72b49eeeaeda96f9,2026-09-03 22:04:41,2026-09-03 22:04:41,现场招聘,深圳英集芯科技股份有限公司,深圳英集芯科技股份有限公司 2027 届校园招聘简章,IC模拟设计工程师,2026-08-28 15:48:08,2026-09-15,珠海6人上海6人成都4人苏州4人,2026-09-15,19:30,21:00,【清】品学楼B109,本科、硕士、博士,,,,http://job.injoinic.com/,https://jiuye.uestc.edu.cn/career/recruitment/onsite/fwiv4uce2136,verified,https://jiuye.uestc.edu.cn/career/recruitment/onsite,
fc00d65d0c76805a70ceb64364a00c49a09b205f0f10982ff16bed53dbaa5a03,2026-09-03 22:04:41,2026-09-03 22:04:41,现场招聘,深圳英集芯科技股份有限公司,深圳英集芯科技股份有限公司 2027 届校园招聘简章,IC数字设计工程师,2026-08-28 15:48:08,2026-09-15,珠海5人,2026-09-15,19:30,21:00,【清】品学楼B109,本科、硕士、博士,,,,http://job.injoinic.com/,https://jiuye.uestc.edu.cn/career/recruitment/onsite/fwiv4uce2136,verified,https://jiuye.uestc.edu.cn/career/recruitment/onsite,
39f20314b592f976fa92d12ea3292a5f5195fc1f939a25b386b66bd2e890b9cc,2026-09-03 22:04:41,2026-09-03 22:04:41,现场招聘,深圳英集芯科技股份有限公司,深圳英集芯科技股份有限公司 2027 届校园招聘简章,IC数字验证工程师,2026-08-28 15:48:08,2026-09-15,珠海5人,2026-09-15,19:30,21:00,【清】品学楼B109,本科、硕士、博士,,,,http://job.injoinic.com/,https://jiuye.uestc.edu.cn/career/recruitment/onsite/fwiv4uce2136,verified,https://jiuye.uestc.edu.cn/career/recruitment/onsite,
026e5ee7d862b3b934719b2cdb0072263c1fe8c6b021b870ff0ff5fe57a404d9,2026-09-03 22:04:41,2026-09-03 22:04:41,现场招聘,深圳英集芯科技股份有限公司,深圳英集芯科技股份有限公司 2027 届校园招聘简章,数字后端设计工程师,2026-08-28 15:48:08,2026-09-15,珠海6人,2026-09-15,19:30,21:00,【清】品学楼B109,本科、硕士、博士,,,,http://job.injoinic.com/,https://jiuye.uestc.edu.cn/career/recruitment/onsite/fwiv4uce2136,verified,https://jiuye.uestc.edu.cn/career/recruitment/onsite,
64fd8487ed7482a8a82a5c37a4aea428875f148b3526158a3575f28d7174af92,2026-09-03 22:04:41,2026-09-03 22:04:41,现场招聘,深圳英集芯科技股份有限公司,深圳英集芯科技股份有限公司 2027 届校园招聘简章,模拟后端设计工程师(版图),2026-08-28 15:48:08,2026-09-15,珠海15人,2026-09-15,19:30,21:00,【清】品学楼B109,本科、硕士、博士,,,,http://job.injoinic.com/,https://jiuye.uestc.edu.cn/career/recruitment/onsite/fwiv4uce2136,verified,https://jiuye.uestc.edu.cn/career/recruitment/onsite,
54d5e30a03fb1e0233dc7c96a7e20819cdd56bd3e4a3a5adf23504eb4a3f48e3,2026-09-03 22:04:41,2026-09-03 22:04:41,现场招聘,深圳英集芯科技股份有限公司,深圳英集芯科技股份有限公司 2027 届校园招聘简章,系统研发工程师,2026-08-28 15:48:08,2026-09-15,珠海15人,2026-09-15,19:30,21:00,【清】品学楼B109,本科、硕士、博士,,,,http://job.injoinic.com/,https://jiuye.uestc.edu.cn/career/recruitment/onsite/fwiv4uce2136,verified,https://jiuye.uestc.edu.cn/career/recruitment/onsite,
b161cb8dc75a0a88dc1678797a37a4ead7e47da8ae8dc4d9cf672128b99ae9da,2026-09-03 22:04:41,2026-09-03 22:04:41,现场招聘,深圳英集芯科技股份有限公司,深圳英集芯科技股份有限公司 2027 届校园招聘简章,数模混合电源芯片开发工程师,2026-08-28 15:48:08,2026-09-15,珠海5人,2026-09-15,19:30,21:00,【清】品学楼B109,本科、硕士、博士,,,,http://job.injoinic.com/,https://jiuye.uestc.edu.cn/career/recruitment/onsite/fwiv4uce2136,verified,https://jiuye.uestc.edu.cn/career/recruitment/onsite,
0a10e5abd81b807576568b4b1fb8338cf663072dc840a087b79329d99697a19f,2026-09-03 22:04:41,2026-09-03 22:04:41,现场招聘,深圳英集芯科技股份有限公司,深圳英集芯科技股份有限公司 2027 届校园招聘简章,硬件研发工程师,2026-08-28 15:48:08,2026-09-15,珠海20人苏州3人,2026-09-15,19:30,21:00,【清】品学楼B109,本科、硕士、博士,,,,http://job.injoinic.com/,https://jiuye.uestc.edu.cn/career/recruitment/onsite/fwiv4uce2136,verified,https://jiuye.uestc.edu.cn/career/recruitment/onsite,
19869caefc400b45be3af62864cabfe55cd2106e724178836cf0e46e884fa9c4,2026-09-03 22:04:41,2026-09-03 22:04:41,现场招聘,深圳英集芯科技股份有限公司,深圳英集芯科技股份有限公司 2027 届校园招聘简章,嵌入式软件工程师,2026-08-28 15:48:08,2026-09-15,珠海15人深圳3人,2026-09-15,19:30,21:00,【清】品学楼B109,本科、硕士、博士,,,,http://job.injoinic.com/,https://jiuye.uestc.edu.cn/career/recruitment/onsite/fwiv4uce2136,verified,https://jiuye.uestc.edu.cn/career/recruitment/onsite,
521adeb235d749e476a8c80ab9f6769161e7c65001db45d17adc40d31325a09f,2026-09-03 22:04:41,2026-09-03 22:04:41,现场招聘,深圳英集芯科技股份有限公司,深圳英集芯科技股份有限公司 2027 届校园招聘简章,FAE现场应用工程师,2026-08-28 15:48:08,2026-09-15,深圳10人杭州4人,2026-09-15,19:30,21:00,【清】品学楼B109,本科、硕士、博士,,,,http://job.injoinic.com/,https://jiuye.uestc.edu.cn/career/recruitment/onsite/fwiv4uce2136,verified,https://jiuye.uestc.edu.cn/career/recruitment/onsite,
d8ad32c916cbda06021264702a63ef1a7a7b56684fdea0409e55f7653ff59d19,2026-09-03 22:04:41,2026-09-03 22:04:41,现场招聘,深圳英集芯科技股份有限公司,深圳英集芯科技股份有限公司 2027 届校园招聘简章,AE应用工程师,2026-08-28 15:48:08,2026-09-15,深圳4人苏州4人,2026-09-15,19:30,21:00,【清】品学楼B109,本科、硕士、博士,,,,http://job.injoinic.com/,https://jiuye.uestc.edu.cn/career/recruitment/onsite/fwiv4uce2136,verified,https://jiuye.uestc.edu.cn/career/recruitment/onsite,
ff30d7e1ba20f776d8803ac55e942e39807d373e5cb89f059bbdc0f0ef94b30c,2026-09-03 22:04:41,2026-09-03 22:04:41,现场招聘,深圳英集芯科技股份有限公司,深圳英集芯科技股份有限公司 2027 届校园招聘简章,FPGA工程师,2026-08-28 15:48:08,2026-09-15,珠海3人,2026-09-15,19:30,21:00,【清】品学楼B109,本科、硕士、博士,,,,http://job.injoinic.com/,https://jiuye.uestc.edu.cn/career/recruitment/onsite/fwiv4uce2136,verified,https://jiuye.uestc.edu.cn/career/recruitment/onsite,
df5705757fe8607490f8e4698586ef6f3ce0528944183043de35f573e4050ec8,2026-09-03 22:04:41,2026-09-03 22:04:41,现场招聘,深圳英集芯科技股份有限公司,深圳英集芯科技股份有限公司 2027 届校园招聘简章,芯片测试助理,2026-08-28 15:48:08,2026-09-15,珠海5人,2026-09-15,19:30,21:00,【清】品学楼B109,本科、硕士、博士,,,,http://job.injoinic.com/,https://jiuye.uestc.edu.cn/career/recruitment/onsite/fwiv4uce2136,verified,https://jiuye.uestc.edu.cn/career/recruitment/onsite,
27720015eabbce62b14b811a7f79a6718d401182960f30b7f589b735c8ddfa28,2026-09-03 22:04:41,2026-09-03 22:04:41,现场招聘,深圳英集芯科技股份有限公司,深圳英集芯科技股份有限公司 2027 届校园招聘简章,工程师,2026-08-28 15:48:08,2026-09-15,珠海5人,2026-09-15,19:30,21:00,【清】品学楼B109,本科、硕士、博士,,,,http://job.injoinic.com/,https://jiuye.uestc.edu.cn/career/recruitment/onsite/fwiv4uce2136,verified,https://jiuye.uestc.edu.cn/career/recruitment/onsite,
37441fb47c8efc9f75e1746ebb63ac7ef5a61516f716e382ddd325799ac5a6e1,2026-09-03 22:04:41,2026-09-03 22:04:41,现场招聘,博汇人力资源服务(北京)有限公司,工信就业-中博汇高层次人才洽谈会“2026年度”秋季巡回招聘会,【组团】工信就业-中博汇高层次人才洽谈巡回招聘会,2026-08-28 13:41:48,2026-09-16,北京市:东城区,2026-09-16,09:00,11:30,【清】学生活动中心一楼圆厅,博士、博士后,,,,,https://jiuye.uestc.edu.cn/career/recruitment/group/fwi8u63cpxxe,verified,https://jiuye.uestc.edu.cn/career/recruitment/group,
2ab5f3bfc22e3418e53f6cbece4823829d111676a317a32ee7578ed36d42c25d,2026-09-03 22:04:41,2026-09-03 22:04:41,现场招聘,西安赛格商业运营管理有限公司,赛格集团管培生招聘文稿,未明确列出,2026-09-03 15:33:05,2026-09-16,陕西省:西安市,2026-09-16,09:30,11:30,【清】学生活动中心220,本科,,,,,https://jiuye.uestc.edu.cn/career/recruitment/onsite/fx47l71w232a,verified,https://jiuye.uestc.edu.cn/career/recruitment/onsite,
14095e782881182d41bad1767746054ed08b9ecd22f148bc737652ae9ba34785,2026-09-03 22:04:41,2026-09-11 08:56:02,现场招聘,上海联影医疗科技股份有限公司,联影集团2027校园招聘正式启­动!,未明确列出,2026-09-05 10:25:19,2026-09-16,其他(具体查看招聘信息),2026-09-16,09:30,11:30,【清水河校区】品学楼B205,硕士、博士,,,,,https://jiuye.uestc.edu.cn/career/recruitment/onsite/fx11s53b28sh,verified,https://jiuye.uestc.edu.cn/career/recruitment/onsite,
d1d5a8745f4273cd23c23bfa8ffe87bc0e323271165f8657634f199c482a5839,2026-09-03 22:04:41,2026-09-03 22:04:41,现场招聘,中国移动通信集团有限公司,中国移动2027校园招聘,未明确列出,2026-08-28 22:48:59,2026-09-16,其他(具体查看招聘信息),2026-09-16,14:30,15:30,【清】学生活动中心二楼圆厅,本科、硕士、博士,,,,,https://jiuye.uestc.edu.cn/career/recruitment/onsite/fwj8l81j3h1d,verified,https://jiuye.uestc.edu.cn/career/recruitment/onsite,
e8bda015b67eaa18ea459e0b1f010985b359acd94ffb6a196446723f567907d0,2026-09-03 22:04:41,2026-09-03 22:04:41,现场招聘,合肥埃科光电科技股份有限公司,择光而栖 共创视界-埃科光电27届校园招聘,FPGA硬件开发工程师,2026-08-28 15:59:34,2026-09-16,合肥/成都,2026-09-16,14:30,16:00,【清】学生活动中心220,硕士/博士,,,,,https://jiuye.uestc.edu.cn/career/recruitment/onsite/fwhxdyaeh69u,verified,https://jiuye.uestc.edu.cn/career/recruitment/onsite,
a10cbc43007664acc241b1472fbeebae7e742808423dfb5e2bc7b6afe5ba474d,2026-09-03 22:04:41,2026-09-03 22:04:41,现场招聘,合肥埃科光电科技股份有限公司,择光而栖 共创视界-埃科光电27届校园招聘,嵌入式开发工程师,2026-08-28 15:59:34,2026-09-16,合肥/成都,2026-09-16,14:30,16:00,【清】学生活动中心220,硕士/博士,,,,,https://jiuye.uestc.edu.cn/career/recruitment/onsite/fwhxdyaeh69u,verified,https://jiuye.uestc.edu.cn/career/recruitment/onsite,
31a77561e20b0d2a9dcf08f5a92f0ffcb8d10a0d46fe60eae190917d61f4ebf4,2026-09-03 22:04:41,2026-09-03 22:04:41,现场招聘,合肥埃科光电科技股份有限公司,择光而栖 共创视界-埃科光电27届校园招聘,软件开发工程师,2026-08-28 15:59:34,2026-09-16,合肥/成都,2026-09-16,14:30,16:00,【清】学生活动中心220,硕士/博士,,,,,https://jiuye.uestc.edu.cn/career/recruitment/onsite/fwhxdyaeh69u,verified,https://jiuye.uestc.edu.cn/career/recruitment/onsite,
391d65a780e6082b9628f120f67ec915eaa0ebdbc3efac33c508e6ba96aa6ec4,2026-09-03 22:04:41,2026-09-03 22:04:41,现场招聘,合肥埃科光电科技股份有限公司,择光而栖 共创视界-埃科光电27届校园招聘,图像算法工程师,2026-08-28 15:59:34,2026-09-16,合肥/成都,2026-09-16,14:30,16:00,【清】学生活动中心220,硕士/博士,,,,,https://jiuye.uestc.edu.cn/career/recruitment/onsite/fwhxdyaeh69u,verified,https://jiuye.uestc.edu.cn/career/recruitment/onsite,
ade2131ce5689126479ee2f9e62b6fddf6e30afe89573003d0536810d08a2cd9,2026-09-03 22:04:41,2026-09-03 22:04:41,现场招聘,合肥埃科光电科技股份有限公司,择光而栖 共创视界-埃科光电27届校园招聘,光学系统工程师,2026-08-28 15:59:34,2026-09-16,合肥,2026-09-16,14:30,16:00,【清】学生活动中心220,硕士/博士,,,,,https://jiuye.uestc.edu.cn/career/recruitment/onsite/fwhxdyaeh69u,verified,https://jiuye.uestc.edu.cn/career/recruitment/onsite,
7044e20af62d19beccf4d5181d777e4f8c8294cde78233d9c774fc181c5a5a87,2026-09-03 22:04:41,2026-09-03 22:04:41,现场招聘,合肥埃科光电科技股份有限公司,择光而栖 共创视界-埃科光电27届校园招聘,结构设计工程师,2026-08-28 15:59:34,2026-09-16,合肥,2026-09-16,14:30,16:00,【清】学生活动中心220,硕士/博士,,,,,https://jiuye.uestc.edu.cn/career/recruitment/onsite/fwhxdyaeh69u,verified,https://jiuye.uestc.edu.cn/career/recruitment/onsite,
0331b50827b6580b8a727634b1441e6ed2d4aa49f8f52f9eaa00fec2700a91fb,2026-09-03 22:04:41,2026-09-03 22:04:41,现场招聘,合肥埃科光电科技股份有限公司,择光而栖 共创视界-埃科光电27届校园招聘,模拟IC设计工程师,2026-08-28 15:59:34,2026-09-16,北京/合肥,2026-09-16,14:30,16:00,【清】学生活动中心220,硕士,,,,,https://jiuye.uestc.edu.cn/career/recruitment/onsite/fwhxdyaeh69u,verified,https://jiuye.uestc.edu.cn/career/recruitment/onsite,
d9cdff4083970fb8ff506f12b77ed8ce2a1068fc6f96ae33fa3375c1cb45d962,2026-09-03 22:04:41,2026-09-03 22:04:41,现场招聘,合肥埃科光电科技股份有限公司,择光而栖 共创视界-埃科光电27届校园招聘,数字IC设计工程师,2026-08-28 15:59:34,2026-09-16,北京/合肥,2026-09-16,14:30,16:00,【清】学生活动中心220,硕士,,,,,https://jiuye.uestc.edu.cn/career/recruitment/onsite/fwhxdyaeh69u,verified,https://jiuye.uestc.edu.cn/career/recruitment/onsite,
c453f457abc433724f720121be65f6d11706fcb68580ee03ebdd0275f323b8f0,2026-09-03 22:04:41,2026-09-03 22:04:41,现场招聘,合肥埃科光电科技股份有限公司,择光而栖 共创视界-埃科光电27届校园招聘,销售工程师,2026-08-28 15:59:34,2026-09-16,北京/苏州/深圳,2026-09-16,14:30,16:00,【清】学生活动中心220,本科,,,,,https://jiuye.uestc.edu.cn/career/recruitment/onsite/fwhxdyaeh69u,verified,https://jiuye.uestc.edu.cn/career/recruitment/onsite,
b77506ea8ffc98c2b6c738d39fcddf5bf912f4377bbbaf8ecdca4bb8833b86a5,2026-09-03 22:04:41,2026-09-03 22:04:41,现场招聘,合肥埃科光电科技股份有限公司,择光而栖 共创视界-埃科光电27届校园招聘,现场应用工程师,2026-08-28 15:59:34,2026-09-16,北京/苏州/深圳,2026-09-16,14:30,16:00,【清】学生活动中心220,本科,,,,,https://jiuye.uestc.edu.cn/career/recruitment/onsite/fwhxdyaeh69u,verified,https://jiuye.uestc.edu.cn/career/recruitment/onsite,
0411c95c69ea4e9610d8c1ebe5555f48fb28b64a738dcdba0fd5aebacb02af1e,2026-09-03 22:04:41,2026-09-03 22:04:41,现场招聘,中国工商银行股份有限公司四川省分行,中国工商银行四川省分行2027年度校园招聘,未明确列出,2026-08-28 19:34:59,2026-09-16,其他(具体查看招聘信息),2026-09-16,15:00,17:00,【清】立人楼B119,本科、硕士、博士,,,,https://job.icbc.com.cn/,https://jiuye.uestc.edu.cn/career/recruitment/onsite/fwfcddsxl5hd,verified,https://jiuye.uestc.edu.cn/career/recruitment/onsite,
36fd9632e69890537f0959f6101edd071ecebd7ba33e68724e2764336fad8b7e,2026-09-03 22:04:41,2026-09-03 22:04:41,现场招聘,中电科芯片技术股份有限公司,2027届校招招聘简章,未明确列出,2026-09-03 10:18:59,2026-09-16,重庆市:沙坪坝区,2026-09-16,15:00,17:00,【清】立人楼B120,本科、硕士、博士,,,,,https://jiuye.uestc.edu.cn/career/recruitment/onsite/fx0kp7t0u9ky,verified,https://jiuye.uestc.edu.cn/career/recruitment/onsite,
1283597173389cacf964c7b9327adb1962b39b78f08ebfcf8ccc3e910bf0e8ae,2026-09-03 22:04:41,2026-09-03 22:04:41,现场招聘,北京理工雷科电子信息技术有限公司,"“雷达探界,科创未来”--理工雷科2027校园招聘",未明确列出,2026-09-01 14:40:46,2026-09-16,"陕西省:西安市,北京市:海淀区",2026-09-16,15:00,17:00,【清】品学楼B109,硕士、博士、本科,,,,,https://jiuye.uestc.edu.cn/career/recruitment/onsite/fu8wc2xjgzr5,verified,https://jiuye.uestc.edu.cn/career/recruitment/onsite,
fea48be3c09d5531ea7b16924f089860e7a951108367f7c014f82bd51afdb831,2026-09-03 22:04:41,2026-09-03 22:04:41,现场招聘,成都国星通信有限公司,成都国星通信有限公司校园招聘,未明确列出,2026-08-28 19:53:29,2026-09-16,四川省:成都市,2026-09-16,15:00,17:00,【清】品学楼B108,硕士,,,,,https://jiuye.uestc.edu.cn/career/recruitment/onsite/fwf374tjoa2p,verified,https://jiuye.uestc.edu.cn/career/recruitment/onsite,
3b093e5cb3c124ac63ad4efcadbd08b410783a7f3aaac3dac8ab0ac63f12721d,2026-09-03 22:04:41,2026-09-03 22:04:41,现场招聘,成都新易盛通信技术股份有限公司,,未明确列出,2026-08-28 16:47:42,2026-09-16,四川省:成都市,2026-09-16,15:00,17:00,【清】立人楼B117,本科、硕士、博士,,,,https://eoptolink.zhiye.com/campus,https://jiuye.uestc.edu.cn/career/recruitment/onsite/fwj1wjqn94w1,verified,https://jiuye.uestc.edu.cn/career/recruitment/onsite,
235e43fb35b83c7e75c62829e6006dcbf3decb853aa4763a90eb5b15f2c4323b,2026-09-03 22:04:41,2026-09-03 22:04:41,现场招聘,江苏捷捷微电子股份有限公司,捷捷微电2027届校园招聘正式启动,未明确列出,2026-08-31 18:50:38,2026-09-16,"江苏省:南通市,广东省:深圳市,四川省:成都市",2026-09-16,15:00,17:00,【清】立人楼B118,本科、硕士、博士,,,,https://xiaozhao.jjwdz.com:9001/,https://jiuye.uestc.edu.cn/career/recruitment/onsite/fwthtg0e2gw2,verified,https://jiuye.uestc.edu.cn/career/recruitment/onsite,
342870d77f52fd33975e2701654d516b93bb4c7be11518877f404bfd30cdc7bb,2026-09-03 22:04:41,2026-09-03 22:04:41,现场招聘,长园深瑞继保自动化有限公司,长园深瑞2027校园招聘,未明确列出,2026-09-01 15:13:23,2026-09-16,",,,,",2026-09-16,15:00,17:00,【清】品学楼B205,本科、硕士,,,,https://sznari.zhiye.com/campus,https://jiuye.uestc.edu.cn/career/recruitment/onsite/fwx38fhv239d,verified,https://jiuye.uestc.edu.cn/career/recruitment/onsite,
326e10579d0892e4214bc7f15cd5b8af98a2132d25c25f5448c789ba64255e54,2026-09-03 22:04:41,2026-09-03 22:04:41,现场招聘,中国移动通信集团有限公司,中国移动2027校园招聘,【组团】中国移动2027校园招聘,2026-08-28 22:49:12,2026-09-16,其他(具体查看招聘信息),2026-09-16,15:30,17:30,【清】学生活动中心二楼圆厅,本科、硕士、博士,,,,,https://jiuye.uestc.edu.cn/career/recruitment/group/fwj92j8w41dt,verified,https://jiuye.uestc.edu.cn/career/recruitment/group,
da656579c95fd6a51dfd35347a7053cbd3ececaf7cd23ee1485fd1294367eb75,2026-09-03 22:04:41,2026-09-03 22:04:41,现场招聘,东莞立讯技术股份有限公司,"立讯技术2027届秋季校园招聘简章 与技术同行,向未来前行",光学设计,2026-08-28 16:58:19,2026-09-16,东莞、惠州、南京、昆山、北京、武汉及海外、西安、昆山、南京、北京、上海,2026-09-16,16:30,18:00,【清】学生活动中心220,本科及以上,电子信息、通信、光电、物理、微电子、电气、自动化、计算机、人工智能、机械、材料、能源动力、热流体等相关专业,,,https://luxshare-tech.zhiye.com/campus/jobs,https://jiuye.uestc.edu.cn/career/recruitment/onsite/fwfjmtjk59mp,verified,https://jiuye.uestc.edu.cn/career/recruitment/onsite,
d4c6f35beb700be93166412b3b5b3e578b3e08ea0eb39478ed4845ecac155f6a,2026-09-03 22:04:41,2026-09-03 22:04:41,现场招聘,东莞立讯技术股份有限公司,"立讯技术2027届秋季校园招聘简章 与技术同行,向未来前行",硬件开发,2026-08-28 16:58:19,2026-09-16,东莞、惠州、南京、昆山、北京、武汉及海外、西安、昆山、南京、北京、上海,2026-09-16,16:30,18:00,【清】学生活动中心220,本科及以上,电子信息、通信、光电、物理、微电子、电气、自动化、计算机、人工智能、机械、材料、能源动力、热流体等相关专业,,,https://luxshare-tech.zhiye.com/campus/jobs,https://jiuye.uestc.edu.cn/career/recruitment/onsite/fwfjmtjk59mp,verified,https://jiuye.uestc.edu.cn/career/recruitment/onsite,
15ae832ef4c0ca8261f23f2326d19616ebbd14046cd049fbeec88ae302930f6c,2026-09-03 22:04:41,2026-09-03 22:04:41,现场招聘,东莞立讯技术股份有限公司,"立讯技术2027届秋季校园招聘简章 与技术同行,向未来前行",软件开发,2026-08-28 16:58:19,2026-09-16,东莞、惠州、南京、昆山、北京、武汉及海外、西安、昆山、南京、北京、上海,2026-09-16,16:30,18:00,【清】学生活动中心220,本科及以上,电子信息、通信、光电、物理、微电子、电气、自动化、计算机、人工智能、机械、材料、能源动力、热流体等相关专业,,,https://luxshare-tech.zhiye.com/campus/jobs,https://jiuye.uestc.edu.cn/career/recruitment/onsite/fwfjmtjk59mp,verified,https://jiuye.uestc.edu.cn/career/recruitment/onsite,
bd1282356e3ba288af6afbb0ec69533e2e0a73a63497eeef0ebb1eb25dea92e2,2026-09-03 22:04:41,2026-09-03 22:04:41,现场招聘,东莞立讯技术股份有限公司,"立讯技术2027届秋季校园招聘简章 与技术同行,向未来前行",结构研发,2026-08-28 16:58:19,2026-09-16,东莞、惠州、南京、昆山、北京、武汉及海外、西安、昆山、南京、北京、上海,2026-09-16,16:30,18:00,【清】学生活动中心220,本科及以上,电子信息、通信、光电、物理、微电子、电气、自动化、计算机、人工智能、机械、材料、能源动力、热流体等相关专业,,,https://luxshare-tech.zhiye.com/campus/jobs,https://jiuye.uestc.edu.cn/career/recruitment/onsite/fwfjmtjk59mp,verified,https://jiuye.uestc.edu.cn/career/recruitment/onsite,
14d540a8b64d23717aec18ff5c675c1b6257a6586a904ad7f8a59bed96826ff1,2026-09-03 22:04:41,2026-09-03 22:04:41,现场招聘,东莞立讯技术股份有限公司,"立讯技术2027届秋季校园招聘简章 与技术同行,向未来前行",产品设计,2026-08-28 16:58:19,2026-09-16,东莞、惠州、南京、昆山、北京、武汉及海外、西安、昆山、南京、北京、上海,2026-09-16,16:30,18:00,【清】学生活动中心220,本科及以上,电子信息、通信、光电、物理、微电子、电气、自动化、计算机、人工智能、机械、材料、能源动力、热流体等相关专业,,,https://luxshare-tech.zhiye.com/campus/jobs,https://jiuye.uestc.edu.cn/career/recruitment/onsite/fwfjmtjk59mp,verified,https://jiuye.uestc.edu.cn/career/recruitment/onsite,
9ad99d3914b042ef2884aed53bd0566a9d7bf20cbd1aeeba9307323ea1ee04ca,2026-09-03 22:04:41,2026-09-03 22:04:41,现场招聘,东莞立讯技术股份有限公司,"立讯技术2027届秋季校园招聘简章 与技术同行,向未来前行",可靠性研发,2026-08-28 16:58:19,2026-09-16,东莞、惠州、南京、昆山、北京、武汉及海外、西安、昆山、南京、北京、上海,2026-09-16,16:30,18:00,【清】学生活动中心220,本科及以上,电子信息、通信、光电、物理、微电子、电气、自动化、计算机、人工智能、机械、材料、能源动力、热流体等相关专业,,,https://luxshare-tech.zhiye.com/campus/jobs,https://jiuye.uestc.edu.cn/career/recruitment/onsite/fwfjmtjk59mp,verified,https://jiuye.uestc.edu.cn/career/recruitment/onsite,
fa6b50a578495564eb89f2884811ab8c00247abe3139704325bf013fd52c461b,2026-09-03 22:04:41,2026-09-03 22:04:41,现场招聘,东莞立讯技术股份有限公司,"立讯技术2027届秋季校园招聘简章 与技术同行,向未来前行",研发测试,2026-08-28 16:58:19,2026-09-16,东莞、惠州、南京、昆山、北京、武汉及海外、西安、昆山、南京、北京、上海,2026-09-16,16:30,18:00,【清】学生活动中心220,本科及以上,电子信息、通信、光电、物理、微电子、电气、自动化、计算机、人工智能、机械、材料、能源动力、热流体等相关专业,,,https://luxshare-tech.zhiye.com/campus/jobs,https://jiuye.uestc.edu.cn/career/recruitment/onsite/fwfjmtjk59mp,verified,https://jiuye.uestc.edu.cn/career/recruitment/onsite,
81005d2b5559d95f30e72c7882c4a74513978d2ee0ec15d1db1231358de37ce0,2026-09-03 22:04:41,2026-09-03 22:04:41,现场招聘,东莞立讯技术股份有限公司,"立讯技术2027届秋季校园招聘简章 与技术同行,向未来前行",热设计,2026-08-28 16:58:19,2026-09-16,东莞、惠州、南京、昆山、北京、武汉及海外、西安、昆山、南京、北京、上海,2026-09-16,16:30,18:00,【清】学生活动中心220,本科及以上,电子信息、通信、光电、物理、微电子、电气、自动化、计算机、人工智能、机械、材料、能源动力、热流体等相关专业,,,https://luxshare-tech.zhiye.com/campus/jobs,https://jiuye.uestc.edu.cn/career/recruitment/onsite/fwfjmtjk59mp,verified,https://jiuye.uestc.edu.cn/career/recruitment/onsite,
8685431b6cf03ced8008bf96a079615d075b8d3066e7b6b91d63c5fdf1dc4260,2026-09-03 22:04:41,2026-09-03 22:04:41,现场招聘,东莞立讯技术股份有限公司,"立讯技术2027届秋季校园招聘简章 与技术同行,向未来前行",流体设计,2026-08-28 16:58:19,2026-09-16,东莞、惠州、南京、昆山、北京、武汉及海外、西安、昆山、南京、北京、上海,2026-09-16,16:30,18:00,【清】学生活动中心220,本科及以上,电子信息、通信、光电、物理、微电子、电气、自动化、计算机、人工智能、机械、材料、能源动力、热流体等相关专业,,,https://luxshare-tech.zhiye.com/campus/jobs,https://jiuye.uestc.edu.cn/career/recruitment/onsite/fwfjmtjk59mp,verified,https://jiuye.uestc.edu.cn/career/recruitment/onsite,
f2af3c22cb4fcdd30a382e868b7e53d2033902a0aae228581057f0a6dab019d0,2026-09-03 22:04:41,2026-09-03 22:04:41,现场招聘,东莞立讯技术股份有限公司,"立讯技术2027届秋季校园招聘简章 与技术同行,向未来前行",电力电子开发,2026-08-28 16:58:19,2026-09-16,东莞、惠州、南京、昆山、北京、武汉及海外、西安、昆山、南京、北京、上海,2026-09-16,16:30,18:00,【清】学生活动中心220,本科及以上,电子信息、通信、光电、物理、微电子、电气、自动化、计算机、人工智能、机械、材料、能源动力、热流体等相关专业,,,https://luxshare-tech.zhiye.com/campus/jobs,https://jiuye.uestc.edu.cn/career/recruitment/onsite/fwfjmtjk59mp,verified,https://jiuye.uestc.edu.cn/career/recruitment/onsite,
239926a337f4d2a55975a5657096eae9653f74f17af480a6aada33c4f45322cb,2026-09-03 22:04:41,2026-09-03 22:04:41,现场招聘,东莞立讯技术股份有限公司,"立讯技术2027届秋季校园招聘简章 与技术同行,向未来前行",嵌入式开发,2026-08-28 16:58:19,2026-09-16,东莞、惠州、南京、昆山、北京、武汉及海外、西安、昆山、南京、北京、上海,2026-09-16,16:30,18:00,【清】学生活动中心220,本科及以上,电子信息、通信、光电、物理、微电子、电气、自动化、计算机、人工智能、机械、材料、能源动力、热流体等相关专业,,,https://luxshare-tech.zhiye.com/campus/jobs,https://jiuye.uestc.edu.cn/career/recruitment/onsite/fwfjmtjk59mp,verified,https://jiuye.uestc.edu.cn/career/recruitment/onsite,
f760f41e7a865df3331042e370396bd73c2bc87b0c402324eea2020199ad07ae,2026-09-03 22:04:41,2026-09-03 22:04:41,现场招聘,东莞立讯技术股份有限公司,"立讯技术2027届秋季校园招聘简章 与技术同行,向未来前行",AI算法及应用开发,2026-08-28 16:58:19,2026-09-16,东莞、惠州、南京、昆山、北京、武汉及海外、西安、昆山、南京、北京、上海,2026-09-16,16:30,18:00,【清】学生活动中心220,本科及以上,电子信息、通信、光电、物理、微电子、电气、自动化、计算机、人工智能、机械、材料、能源动力、热流体等相关专业,,,https://luxshare-tech.zhiye.com/campus/jobs,https://jiuye.uestc.edu.cn/career/recruitment/onsite/fwfjmtjk59mp,verified,https://jiuye.uestc.edu.cn/career/recruitment/onsite,
6e8af8c76bcf5f0b88aabb26a7d21a33c90f843f307cbbdaa4dfaffcbd082e18,2026-09-03 22:04:41,2026-09-03 22:04:41,现场招聘,东莞立讯技术股份有限公司,"立讯技术2027届秋季校园招聘简章 与技术同行,向未来前行",前端开发,2026-08-28 16:58:19,2026-09-16,东莞、越南义安,2026-09-16,16:30,18:00,【清】学生活动中心220,本科及以上,计算机科学与技术、软件工程、人工智能、数据科学、电子信息、自动化等相关专业,,,https://luxshare-tech.zhiye.com/campus/jobs,https://jiuye.uestc.edu.cn/career/recruitment/onsite/fwfjmtjk59mp,verified,https://jiuye.uestc.edu.cn/career/recruitment/onsite,
ed193f3293fb47953a88c184dedaa565379303f824e3dc728c1aa15ba300eb80,2026-09-03 22:04:41,2026-09-03 22:04:41,现场招聘,东莞立讯技术股份有限公司,"立讯技术2027届秋季校园招聘简章 与技术同行,向未来前行",后端开发,2026-08-28 16:58:19,2026-09-16,东莞、越南义安,2026-09-16,16:30,18:00,【清】学生活动中心220,本科及以上,计算机科学与技术、软件工程、人工智能、数据科学、电子信息、自动化等相关专业,,,https://luxshare-tech.zhiye.com/campus/jobs,https://jiuye.uestc.edu.cn/career/recruitment/onsite/fwfjmtjk59mp,verified,https://jiuye.uestc.edu.cn/career/recruitment/onsite,
808825a2865dfa8f4e1baf417ef456ded7415eaa79bcea03e4a03d42ac227abf,2026-09-03 22:04:41,2026-09-03 22:04:41,现场招聘,东莞立讯技术股份有限公司,"立讯技术2027届秋季校园招聘简章 与技术同行,向未来前行",数据开发,2026-08-28 16:58:19,2026-09-16,东莞、越南义安,2026-09-16,16:30,18:00,【清】学生活动中心220,本科及以上,计算机科学与技术、软件工程、人工智能、数据科学、电子信息、自动化等相关专业,,,https://luxshare-tech.zhiye.com/campus/jobs,https://jiuye.uestc.edu.cn/career/recruitment/onsite/fwfjmtjk59mp,verified,https://jiuye.uestc.edu.cn/career/recruitment/onsite,
5cbfb15fed6a7bcb317db46ef5cc6bc2b11b4fdcc5362c5a45a3884b3e9d46f0,2026-09-03 22:04:41,2026-09-03 22:04:41,现场招聘,东莞立讯技术股份有限公司,"立讯技术2027届秋季校园招聘简章 与技术同行,向未来前行",AI应用开发,2026-08-28 16:58:19,2026-09-16,东莞、越南义安,2026-09-16,16:30,18:00,【清】学生活动中心220,本科及以上,计算机科学与技术、软件工程、人工智能、数据科学、电子信息、自动化等相关专业,,,https://luxshare-tech.zhiye.com/campus/jobs,https://jiuye.uestc.edu.cn/career/recruitment/onsite/fwfjmtjk59mp,verified,https://jiuye.uestc.edu.cn/career/recruitment/onsite,
966e70405799beb8f52b6e00707205fe8dad4c09c9c48bb40efe7d96ce240155,2026-09-03 22:04:41,2026-09-03 22:04:41,现场招聘,东莞立讯技术股份有限公司,"立讯技术2027届秋季校园招聘简章 与技术同行,向未来前行",功能测试,2026-08-28 16:58:19,2026-09-16,东莞、越南义安,2026-09-16,16:30,18:00,【清】学生活动中心220,本科及以上,计算机科学与技术、软件工程、人工智能、数据科学、电子信息、自动化等相关专业,,,https://luxshare-tech.zhiye.com/campus/jobs,https://jiuye.uestc.edu.cn/career/recruitment/onsite/fwfjmtjk59mp,verified,https://jiuye.uestc.edu.cn/career/recruitment/onsite,
f4b66e4942a39574f8522d10426772ee926fa4479c3bfaea25eb1ff47aba3bd0,2026-09-03 22:04:41,2026-09-03 22:04:41,现场招聘,东莞立讯技术股份有限公司,"立讯技术2027届秋季校园招聘简章 与技术同行,向未来前行",性能测试,2026-08-28 16:58:19,2026-09-16,东莞、越南义安,2026-09-16,16:30,18:00,【清】学生活动中心220,本科及以上,计算机科学与技术、软件工程、人工智能、数据科学、电子信息、自动化等相关专业,,,https://luxshare-tech.zhiye.com/campus/jobs,https://jiuye.uestc.edu.cn/career/recruitment/onsite/fwfjmtjk59mp,verified,https://jiuye.uestc.edu.cn/career/recruitment/onsite,
eb7c91dbf2c5b5b28b94af07fb8070fd4faeb6374dc1bcfe51e61c0c2e08ebe3,2026-09-03 22:04:41,2026-09-03 22:04:41,现场招聘,东莞立讯技术股份有限公司,"立讯技术2027届秋季校园招聘简章 与技术同行,向未来前行",项目管理工程师,2026-08-28 16:58:19,2026-09-16,东莞、惠州、南京、昆山,2026-09-16,16:30,18:00,【清】学生活动中心220,本科及以上,工业工程、管理科学与工程、机械、电子信息、电气、英语等相关专业,,,https://luxshare-tech.zhiye.com/campus/jobs,https://jiuye.uestc.edu.cn/career/recruitment/onsite/fwfjmtjk59mp,verified,https://jiuye.uestc.edu.cn/career/recruitment/onsite,
f49aa0aaf098e7298b855a012d4c2e13f34610d9411c897eb2ad76a9000b7f84,2026-09-03 22:04:41,2026-09-03 22:04:41,现场招聘,东莞立讯技术股份有限公司,"立讯技术2027届秋季校园招聘简章 与技术同行,向未来前行",交付管理专员,2026-08-28 16:58:19,2026-09-16,东莞、惠州、南京、昆山,2026-09-16,16:30,18:00,【清】学生活动中心220,本科及以上,工业工程、管理科学与工程、机械、电子信息、电气、英语等相关专业,,,https://luxshare-tech.zhiye.com/campus/jobs,https://jiuye.uestc.edu.cn/career/recruitment/onsite/fwfjmtjk59mp,verified,https://jiuye.uestc.edu.cn/career/recruitment/onsite,
0f0d6cfd873ffe5ae653ba5ea9ea0c5d3c46ec61289d5ae1922125ec0c591e8a,2026-09-03 22:04:41,2026-09-03 22:04:41,现场招聘,东莞立讯技术股份有限公司,"立讯技术2027届秋季校园招聘简章 与技术同行,向未来前行",销售工程师,2026-08-28 16:58:19,2026-09-16,东莞、北京及海外,2026-09-16,16:30,18:00,【清】学生活动中心220,本科及以上,电子信息、通信、电气、机械、国际贸易、市场营销、商务英语等相关专业,,,https://luxshare-tech.zhiye.com/campus/jobs,https://jiuye.uestc.edu.cn/career/recruitment/onsite/fwfjmtjk59mp,verified,https://jiuye.uestc.edu.cn/career/recruitment/onsite,
851ed7bece09d6004a4ab259fb2c8c491d52660131e6baf30fe0960cf23848a3,2026-09-03 22:04:41,2026-09-03 22:04:41,现场招聘,东莞立讯技术股份有限公司,"立讯技术2027届秋季校园招聘简章 与技术同行,向未来前行",销售工程师储干,2026-08-28 16:58:19,2026-09-16,东莞、北京及海外,2026-09-16,16:30,18:00,【清】学生活动中心220,本科及以上,电子信息、通信、电气、机械、国际贸易、市场营销、商务英语等相关专业,,,https://luxshare-tech.zhiye.com/campus/jobs,https://jiuye.uestc.edu.cn/career/recruitment/onsite/fwfjmtjk59mp,verified,https://jiuye.uestc.edu.cn/career/recruitment/onsite,
f394ac57af09f7b9eb33b4be7bc8e680b2db06ced4060e3763ab4e623bdf8174,2026-09-03 22:04:41,2026-09-03 22:04:41,现场招聘,东莞立讯技术股份有限公司,"立讯技术2027届秋季校园招聘简章 与技术同行,向未来前行",现场应用工程师,2026-08-28 16:58:19,2026-09-16,东莞、北京及海外,2026-09-16,16:30,18:00,【清】学生活动中心220,本科及以上,电子信息、通信、电气、机械、国际贸易、市场营销、商务英语等相关专业,,,https://luxshare-tech.zhiye.com/campus/jobs,https://jiuye.uestc.edu.cn/career/recruitment/onsite/fwfjmtjk59mp,verified,https://jiuye.uestc.edu.cn/career/recruitment/onsite,
93cd87dcfdf8b6d12227854e5ae5ead3d0e29421688108c29e07491dc2dc194a,2026-09-03 22:04:41,2026-09-03 22:04:41,现场招聘,东莞立讯技术股份有限公司,"立讯技术2027届秋季校园招聘简章 与技术同行,向未来前行",PQE工程师,2026-08-28 16:58:19,2026-09-16,东莞、惠州、兴宁、昆山及海外,2026-09-16,16:30,18:00,【清】学生活动中心220,本科及以上,质量工程、机械、电子信息、电气、自动化、材料、工业工程等相关专业,,,https://luxshare-tech.zhiye.com/campus/jobs,https://jiuye.uestc.edu.cn/career/recruitment/onsite/fwfjmtjk59mp,verified,https://jiuye.uestc.edu.cn/career/recruitment/onsite,
6d53cfeb1f73840f8c8c5c76eaa946f528d36b716517939eaedf6e04e022fcd4,2026-09-03 22:04:41,2026-09-03 22:04:41,现场招聘,东莞立讯技术股份有限公司,"立讯技术2027届秋季校园招聘简章 与技术同行,向未来前行",DQE工程师,2026-08-28 16:58:19,2026-09-16,东莞、惠州、兴宁、昆山及海外,2026-09-16,16:30,18:00,【清】学生活动中心220,本科及以上,质量工程、机械、电子信息、电气、自动化、材料、工业工程等相关专业,,,https://luxshare-tech.zhiye.com/campus/jobs,https://jiuye.uestc.edu.cn/career/recruitment/onsite/fwfjmtjk59mp,verified,https://jiuye.uestc.edu.cn/career/recruitment/onsite,
411cbdebfd17f5384f857e3a0ef752d7ea87f9e666de4b2a531c30bdefd50ffe,2026-09-03 22:04:41,2026-09-03 22:04:41,现场招聘,东莞立讯技术股份有限公司,"立讯技术2027届秋季校园招聘简章 与技术同行,向未来前行",可靠性及质量工程师,2026-08-28 16:58:19,2026-09-16,东莞、惠州、兴宁、昆山及海外,2026-09-16,16:30,18:00,【清】学生活动中心220,本科及以上,质量工程、机械、电子信息、电气、自动化、材料、工业工程等相关专业,,,https://luxshare-tech.zhiye.com/campus/jobs,https://jiuye.uestc.edu.cn/career/recruitment/onsite/fwfjmtjk59mp,verified,https://jiuye.uestc.edu.cn/career/recruitment/onsite,
169b336ccfd38a6f72e2bd451e315a302726a8f44360b57ef793bc83e5fb55ca,2026-09-03 22:04:41,2026-09-03 22:04:41,现场招聘,东莞立讯技术股份有限公司,"立讯技术2027届秋季校园招聘简章 与技术同行,向未来前行",PE,2026-08-28 16:58:19,2026-09-16,东莞、惠州、昆山及海外,2026-09-16,16:30,18:00,【清】学生活动中心220,本科及以上,电子信息、机械、材料、自动化、工业工程、能源动力、电气等相关专业,,,https://luxshare-tech.zhiye.com/campus/jobs,https://jiuye.uestc.edu.cn/career/recruitment/onsite/fwfjmtjk59mp,verified,https://jiuye.uestc.edu.cn/career/recruitment/onsite,
09f261ce7432c9194fa43a8a74b923fe1a76d37b994a809c0bd2f18748f21c13,2026-09-03 22:04:41,2026-09-03 22:04:41,现场招聘,东莞立讯技术股份有限公司,"立讯技术2027届秋季校园招聘简章 与技术同行,向未来前行",TPM,2026-08-28 16:58:19,2026-09-16,东莞、惠州、昆山及海外,2026-09-16,16:30,18:00,【清】学生活动中心220,本科及以上,电子信息、机械、材料、自动化、工业工程、能源动力、电气等相关专业,,,https://luxshare-tech.zhiye.com/campus/jobs,https://jiuye.uestc.edu.cn/career/recruitment/onsite/fwfjmtjk59mp,verified,https://jiuye.uestc.edu.cn/career/recruitment/onsite,
1d6b41f17c1b890c2b9698b28ec0208d0e57a3005acd5ed1bb9d10f331e5f1da,2026-09-03 22:04:41,2026-09-03 22:04:41,现场招聘,东莞立讯技术股份有限公司,"立讯技术2027届秋季校园招聘简章 与技术同行,向未来前行",NPE,2026-08-28 16:58:19,2026-09-16,东莞、惠州、昆山及海外,2026-09-16,16:30,18:00,【清】学生活动中心220,本科及以上,电子信息、机械、材料、自动化、工业工程、能源动力、电气等相关专业,,,https://luxshare-tech.zhiye.com/campus/jobs,https://jiuye.uestc.edu.cn/career/recruitment/onsite/fwfjmtjk59mp,verified,https://jiuye.uestc.edu.cn/career/recruitment/onsite,
167b378eed0f33ffabb44b781a64fa55c80b8c60e2010d25b95bdb1b026e3220,2026-09-03 22:04:41,2026-09-03 22:04:41,现场招聘,东莞立讯技术股份有限公司,"立讯技术2027届秋季校园招聘简章 与技术同行,向未来前行",工艺,2026-08-28 16:58:19,2026-09-16,东莞、惠州、昆山及海外,2026-09-16,16:30,18:00,【清】学生活动中心220,本科及以上,电子信息、机械、材料、自动化、工业工程、能源动力、电气等相关专业,,,https://luxshare-tech.zhiye.com/campus/jobs,https://jiuye.uestc.edu.cn/career/recruitment/onsite/fwfjmtjk59mp,verified,https://jiuye.uestc.edu.cn/career/recruitment/onsite,
41fe1227d39d100389de32213d8594e52ce46c7c5b31e320022960d5c605e568,2026-09-03 22:04:41,2026-09-03 22:04:41,现场招聘,东莞立讯技术股份有限公司,"立讯技术2027届秋季校园招聘简章 与技术同行,向未来前行",自动化,2026-08-28 16:58:19,2026-09-16,东莞、惠州、昆山及海外,2026-09-16,16:30,18:00,【清】学生活动中心220,本科及以上,电子信息、机械、材料、自动化、工业工程、能源动力、电气等相关专业,,,https://luxshare-tech.zhiye.com/campus/jobs,https://jiuye.uestc.edu.cn/career/recruitment/onsite/fwfjmtjk59mp,verified,https://jiuye.uestc.edu.cn/career/recruitment/onsite,
aabba83651cfcca0699ac0efcc431723332bafa7f13718082e45e12701c88552,2026-09-03 22:04:41,2026-09-03 22:04:41,现场招聘,东莞立讯技术股份有限公司,"立讯技术2027届秋季校园招聘简章 与技术同行,向未来前行",工业工程,2026-08-28 16:58:19,2026-09-16,东莞、惠州、昆山及海外,2026-09-16,16:30,18:00,【清】学生活动中心220,本科及以上,电子信息、机械、材料、自动化、工业工程、能源动力、电气等相关专业,,,https://luxshare-tech.zhiye.com/campus/jobs,https://jiuye.uestc.edu.cn/career/recruitment/onsite/fwfjmtjk59mp,verified,https://jiuye.uestc.edu.cn/career/recruitment/onsite,
5e6ba1073c0b3840af7cd2f081809a0ca7064b8c4cdce34469c51f565b63c26e,2026-09-03 22:04:41,2026-09-03 22:04:41,现场招聘,东莞立讯技术股份有限公司,"立讯技术2027届秋季校园招聘简章 与技术同行,向未来前行",精益及量产测试工程师,2026-08-28 16:58:19,2026-09-16,东莞、惠州、昆山及海外,2026-09-16,16:30,18:00,【清】学生活动中心220,本科及以上,电子信息、机械、材料、自动化、工业工程、能源动力、电气等相关专业,,,https://luxshare-tech.zhiye.com/campus/jobs,https://jiuye.uestc.edu.cn/career/recruitment/onsite/fwfjmtjk59mp,verified,https://jiuye.uestc.edu.cn/career/recruitment/onsite,
3dc0e452069404e1f4e2183580cd76a9a8fd644bfe7f0e765d3559401a042b97,2026-09-03 22:04:41,2026-09-03 22:04:41,现场招聘,东莞立讯技术股份有限公司,"立讯技术2027届秋季校园招聘简章 与技术同行,向未来前行",模具设计、设备、生技、生产及制造工程师,2026-08-28 16:58:19,2026-09-16,东莞、昆山,2026-09-16,16:30,18:00,【清】学生活动中心220,大专及以上,机械设计、机械电子、模具、自动化、电气、电子信息等相关专业,,,https://luxshare-tech.zhiye.com/campus/jobs,https://jiuye.uestc.edu.cn/career/recruitment/onsite/fwfjmtjk59mp,verified,https://jiuye.uestc.edu.cn/career/recruitment/onsite,
3be6ddf9f2fef4915bd23b1aa990658adda0a05cdb1022de2a0e22539c8322af,2026-09-03 22:04:41,2026-09-03 22:04:41,现场招聘,东莞立讯技术股份有限公司,"立讯技术2027届秋季校园招聘简章 与技术同行,向未来前行",采购,2026-08-28 16:58:19,2026-09-16,东莞、惠州、昆山,2026-09-16,16:30,18:00,【清】学生活动中心220,本科及以上,供应链、物流、国际贸易、工商管理、统计、英语及理工科相关专业,,,https://luxshare-tech.zhiye.com/campus/jobs,https://jiuye.uestc.edu.cn/career/recruitment/onsite/fwfjmtjk59mp,verified,https://jiuye.uestc.edu.cn/career/recruitment/onsite,
41746aa562b561e4a81403074601821c133547b595de08c7b351f78ab400c539,2026-09-03 22:04:41,2026-09-03 22:04:41,现场招聘,东莞立讯技术股份有限公司,"立讯技术2027届秋季校园招聘简章 与技术同行,向未来前行",物控,2026-08-28 16:58:19,2026-09-16,东莞、惠州、昆山,2026-09-16,16:30,18:00,【清】学生活动中心220,本科及以上,供应链、物流、国际贸易、工商管理、统计、英语及理工科相关专业,,,https://luxshare-tech.zhiye.com/campus/jobs,https://jiuye.uestc.edu.cn/career/recruitment/onsite/fwfjmtjk59mp,verified,https://jiuye.uestc.edu.cn/career/recruitment/onsite,
4960d0ab29cb8862c9db30441b43cd05f689b698b0aa5b05a04e8c293bd59356,2026-09-03 22:04:41,2026-09-03 22:04:41,现场招聘,东莞立讯技术股份有限公司,"立讯技术2027届秋季校园招聘简章 与技术同行,向未来前行",生管,2026-08-28 16:58:19,2026-09-16,东莞、惠州、昆山,2026-09-16,16:30,18:00,【清】学生活动中心220,本科及以上,供应链、物流、国际贸易、工商管理、统计、英语及理工科相关专业,,,https://luxshare-tech.zhiye.com/campus/jobs,https://jiuye.uestc.edu.cn/career/recruitment/onsite/fwfjmtjk59mp,verified,https://jiuye.uestc.edu.cn/career/recruitment/onsite,
240aaa1e30a0b46aa2bcbf97e83e24320489a3a589dc6875536cdda1fb6ff951,2026-09-03 22:04:41,2026-09-03 22:04:41,现场招聘,东莞立讯技术股份有限公司,"立讯技术2027届秋季校园招聘简章 与技术同行,向未来前行",生产计划,2026-08-28 16:58:19,2026-09-16,东莞、惠州、昆山,2026-09-16,16:30,18:00,【清】学生活动中心220,本科及以上,供应链、物流、国际贸易、工商管理、统计、英语及理工科相关专业,,,https://luxshare-tech.zhiye.com/campus/jobs,https://jiuye.uestc.edu.cn/career/recruitment/onsite/fwfjmtjk59mp,verified,https://jiuye.uestc.edu.cn/career/recruitment/onsite,
bd42a0ae2234b28ac4171359643ed17af3a98f1dcc640870a772d6b5f1f230cc,2026-09-03 22:04:41,2026-09-03 22:04:41,现场招聘,东莞立讯技术股份有限公司,"立讯技术2027届秋季校园招聘简章 与技术同行,向未来前行",供应链及运营支持岗位,2026-08-28 16:58:19,2026-09-16,东莞、惠州、昆山,2026-09-16,16:30,18:00,【清】学生活动中心220,本科及以上,供应链、物流、国际贸易、工商管理、统计、英语及理工科相关专业,,,https://luxshare-tech.zhiye.com/campus/jobs,https://jiuye.uestc.edu.cn/career/recruitment/onsite/fwfjmtjk59mp,verified,https://jiuye.uestc.edu.cn/career/recruitment/onsite,
c4fee82dc53b0795f447d67cea6c6c433f1c9b632da6c61286a77133bf6fceab,2026-09-03 22:04:41,2026-09-03 22:04:41,现场招聘,上海微波技术研究所(中国电子科技集团公司第五十研究所),中国电子科技集团公司第五十研究所,未明确列出,2026-08-28 19:38:25,2026-09-16,上海市:普陀区,2026-09-16,19:00,20:00,【清】学生活动中心220,硕士、博士,,,,,https://jiuye.uestc.edu.cn/career/recruitment/onsite/fv50jknm4jy9,verified,https://jiuye.uestc.edu.cn/career/recruitment/onsite,
63a4ce50102ce27c203ffd26a445ef86bae95f76c6074c654b72c3c811bfd19c,2026-09-03 22:04:41,2026-09-03 22:04:41,现场招聘,北京京东世纪贸易有限公司,【企业介绍】,未明确列出,2026-08-31 21:47:47,2026-09-16,北京市:通州区,2026-09-16,19:30,20:30,【清】立人楼B119,本科、硕士,,,,,https://jiuye.uestc.edu.cn/career/recruitment/onsite/fwue2qnilyiq,verified,https://jiuye.uestc.edu.cn/career/recruitment/onsite,
1f9a16de29f5421d8bf510cb067d43874d697d1d7573a43420b5fd3ba9a27979,2026-09-03 22:04:41,2026-09-03 22:04:41,现场招聘,上海豪威集成电路集团有限公司,豪威集团2027秋季校园招聘,数字电路设计工程师,2026-09-01 15:53:43,2026-09-16,其他(具体查看招聘信息),2026-09-16,19:30,21:00,【清】立人楼B117,硕士、博士,,,,https://ovt-omnivision.zhiye.com/Campus,https://jiuye.uestc.edu.cn/career/recruitment/onsite/fwj01vati8e9,verified,https://jiuye.uestc.edu.cn/career/recruitment/onsite,
9e43dfbf6b12cdac272b2d5701b1e22f9e6381415fa1743504f3a57a4ce2399e,2026-09-03 22:04:41,2026-09-03 22:04:41,现场招聘,上海豪威集成电路集团有限公司,豪威集团2027秋季校园招聘,模拟IC设计工程师,2026-09-01 15:53:43,2026-09-16,其他(具体查看招聘信息),2026-09-16,19:30,21:00,【清】立人楼B117,硕士、博士,,,,https://ovt-omnivision.zhiye.com/Campus,https://jiuye.uestc.edu.cn/career/recruitment/onsite/fwj01vati8e9,verified,https://jiuye.uestc.edu.cn/career/recruitment/onsite,
ae723064bf3920d324d35a2a199f66f61ae7c4a38d442bd4b3f1e58785ed6c37,2026-09-03 22:04:41,2026-09-03 22:04:41,现场招聘,上海豪威集成电路集团有限公司,豪威集团2027秋季校园招聘,数字电路后端设计工程师,2026-09-01 15:53:43,2026-09-16,其他(具体查看招聘信息),2026-09-16,19:30,21:00,【清】立人楼B117,硕士、博士,,,,https://ovt-omnivision.zhiye.com/Campus,https://jiuye.uestc.edu.cn/career/recruitment/onsite/fwj01vati8e9,verified,https://jiuye.uestc.edu.cn/career/recruitment/onsite,
e72174177917d11b85482f9e2536fcbdf4c7ddf4ace44ab6d92e978ba79d879c,2026-09-03 22:04:41,2026-09-03 22:04:41,现场招聘,上海豪威集成电路集团有限公司,豪威集团2027秋季校园招聘,数字芯片设计流程开发工程师,2026-09-01 15:53:43,2026-09-16,其他(具体查看招聘信息),2026-09-16,19:30,21:00,【清】立人楼B117,硕士、博士,,,,https://ovt-omnivision.zhiye.com/Campus,https://jiuye.uestc.edu.cn/career/recruitment/onsite/fwj01vati8e9,verified,https://jiuye.uestc.edu.cn/career/recruitment/onsite,
0a416bda159322bdd76ab196e9888e714027f6c4912457e1881cf69483bdb906,2026-09-03 22:04:41,2026-09-03 22:04:41,现场招聘,上海豪威集成电路集团有限公司,豪威集团2027秋季校园招聘,数字电路中端设计实现工程师,2026-09-01 15:53:43,2026-09-16,其他(具体查看招聘信息),2026-09-16,19:30,21:00,【清】立人楼B117,硕士、博士,,,,https://ovt-omnivision.zhiye.com/Campus,https://jiuye.uestc.edu.cn/career/recruitment/onsite/fwj01vati8e9,verified,https://jiuye.uestc.edu.cn/career/recruitment/onsite,
5ee5b0612b9e1d374287b1822ebfc63367573c1390025b43d4ad79c4b8156b94,2026-09-03 22:04:41,2026-09-03 22:04:41,现场招聘,上海豪威集成电路集团有限公司,豪威集团2027秋季校园招聘,数字验证工程师,2026-09-01 15:53:43,2026-09-16,其他(具体查看招聘信息),2026-09-16,19:30,21:00,【清】立人楼B117,硕士、博士,,,,https://ovt-omnivision.zhiye.com/Campus,https://jiuye.uestc.edu.cn/career/recruitment/onsite/fwj01vati8e9,verified,https://jiuye.uestc.edu.cn/career/recruitment/onsite,
db1070aa7801bf683967c29a32123762341e140d7fd3bf4c2edf5dae31390877,2026-09-03 22:04:41,2026-09-03 22:04:41,现场招聘,上海豪威集成电路集团有限公司,豪威集团2027秋季校园招聘,DFT工程师,2026-09-01 15:53:43,2026-09-16,其他(具体查看招聘信息),2026-09-16,19:30,21:00,【清】立人楼B117,硕士、博士,,,,https://ovt-omnivision.zhiye.com/Campus,https://jiuye.uestc.edu.cn/career/recruitment/onsite/fwj01vati8e9,verified,https://jiuye.uestc.edu.cn/career/recruitment/onsite,
e9a77e56b3d25a488282a213741f66e79146e1ac441ef00414c6cbe5f80c1c23,2026-09-03 22:04:41,2026-09-03 22:04:41,现场招聘,上海豪威集成电路集团有限公司,豪威集团2027秋季校园招聘,DFT工程师-IP开发与集成方向,2026-09-01 15:53:43,2026-09-16,其他(具体查看招聘信息),2026-09-16,19:30,21:00,【清】立人楼B117,硕士、博士,,,,https://ovt-omnivision.zhiye.com/Campus,https://jiuye.uestc.edu.cn/career/recruitment/onsite/fwj01vati8e9,verified,https://jiuye.uestc.edu.cn/career/recruitment/onsite,
d0cccd05dee2272c5dd34bad22fcf6386568b088776ad2aeafe359c56a6d14b0,2026-09-03 22:04:41,2026-09-03 22:04:41,现场招聘,上海豪威集成电路集团有限公司,豪威集团2027秋季校园招聘,CAD工程师,2026-09-01 15:53:43,2026-09-16,其他(具体查看招聘信息),2026-09-16,19:30,21:00,【清】立人楼B117,硕士、博士,,,,https://ovt-omnivision.zhiye.com/Campus,https://jiuye.uestc.edu.cn/career/recruitment/onsite/fwj01vati8e9,verified,https://jiuye.uestc.edu.cn/career/recruitment/onsite,
c6bced0b598d87dfec519bc26b8037fb45552fe022132608f6c9279e9b1075a0,2026-09-03 22:04:41,2026-09-03 22:04:41,现场招聘,上海豪威集成电路集团有限公司,豪威集团2027秋季校园招聘,像素设计工程师,2026-09-01 15:53:43,2026-09-16,其他(具体查看招聘信息),2026-09-16,19:30,21:00,【清】立人楼B117,硕士、博士,,,,https://ovt-omnivision.zhiye.com/Campus,https://jiuye.uestc.edu.cn/career/recruitment/onsite/fwj01vati8e9,verified,https://jiuye.uestc.edu.cn/career/recruitment/onsite,
7e09c91e5ca5426b3892ab6d941cbc4053775229b1667a1c921e3bcf7977e2f2,2026-09-03 22:04:41,2026-09-03 22:04:41,现场招聘,上海豪威集成电路集团有限公司,豪威集团2027秋季校园招聘,TCAD 工程师,2026-09-01 15:53:43,2026-09-16,其他(具体查看招聘信息),2026-09-16,19:30,21:00,【清】立人楼B117,硕士、博士,,,,https://ovt-omnivision.zhiye.com/Campus,https://jiuye.uestc.edu.cn/career/recruitment/onsite/fwj01vati8e9,verified,https://jiuye.uestc.edu.cn/career/recruitment/onsite,
682d07289502babe3abff14d4c11e3deac9f6ae9eaae135cb9e0a0efff6431ff,2026-09-03 22:04:41,2026-09-03 22:04:41,现场招聘,上海豪威集成电路集团有限公司,豪威集团2027秋季校园招聘,光学设计工程师,2026-09-01 15:53:43,2026-09-16,其他(具体查看招聘信息),2026-09-16,19:30,21:00,【清】立人楼B117,硕士、博士,,,,https://ovt-omnivision.zhiye.com/Campus,https://jiuye.uestc.edu.cn/career/recruitment/onsite/fwj01vati8e9,verified,https://jiuye.uestc.edu.cn/career/recruitment/onsite,
6ed110dfb873edebdee07f9a7ed6c945ade116689dd1d37d06f52d50c893a1ff,2026-09-03 22:04:41,2026-09-03 22:04:41,现场招聘,上海豪威集成电路集团有限公司,豪威集团2027秋季校园招聘,工艺整合工程师,2026-09-01 15:53:43,2026-09-16,其他(具体查看招聘信息),2026-09-16,19:30,21:00,【清】立人楼B117,硕士、博士,,,,https://ovt-omnivision.zhiye.com/Campus,https://jiuye.uestc.edu.cn/career/recruitment/onsite/fwj01vati8e9,verified,https://jiuye.uestc.edu.cn/career/recruitment/onsite,
e81cf2e66b2f4fc828762aa720b64470dbec5732d255972e207646494fa42c4b,2026-09-03 22:04:41,2026-09-03 22:04:41,现场招聘,上海豪威集成电路集团有限公司,豪威集团2027秋季校园招聘,图像算法工程师,2026-09-01 15:53:43,2026-09-16,其他(具体查看招聘信息),2026-09-16,19:30,21:00,【清】立人楼B117,硕士、博士,,,,https://ovt-omnivision.zhiye.com/Campus,https://jiuye.uestc.edu.cn/career/recruitment/onsite/fwj01vati8e9,verified,https://jiuye.uestc.edu.cn/career/recruitment/onsite,
99eb22bfdbcd62b09d8d4e3796cdec6b65160cebe8a7ab9b3ac6fb2522d39b6e,2026-09-03 22:04:41,2026-09-03 22:04:41,现场招聘,上海豪威集成电路集团有限公司,豪威集团2027秋季校园招聘,芯片硬件工程师,2026-09-01 15:53:43,2026-09-16,其他(具体查看招聘信息),2026-09-16,19:30,21:00,【清】立人楼B117,硕士、博士,,,,https://ovt-omnivision.zhiye.com/Campus,https://jiuye.uestc.edu.cn/career/recruitment/onsite/fwj01vati8e9,verified,https://jiuye.uestc.edu.cn/career/recruitment/onsite,
50f58e8029d3c0455d743e1c122bcbd616a57ab6900a3939ccd69cc54fbff002,2026-09-03 22:04:41,2026-09-03 22:04:41,现场招聘,上海豪威集成电路集团有限公司,豪威集团2027秋季校园招聘,系统工程师,2026-09-01 15:53:43,2026-09-16,其他(具体查看招聘信息),2026-09-16,19:30,21:00,【清】立人楼B117,硕士、博士,,,,https://ovt-omnivision.zhiye.com/Campus,https://jiuye.uestc.edu.cn/career/recruitment/onsite/fwj01vati8e9,verified,https://jiuye.uestc.edu.cn/career/recruitment/onsite,
944f3f3ba72c20a02c4f385327aa80da0f264a8abcd39361350b29c9a30d285d,2026-09-03 22:04:41,2026-09-03 22:04:41,现场招聘,上海豪威集成电路集团有限公司,豪威集团2027秋季校园招聘,医疗成像系统工程师,2026-09-01 15:53:43,2026-09-16,其他(具体查看招聘信息),2026-09-16,19:30,21:00,【清】立人楼B117,硕士、博士,,,,https://ovt-omnivision.zhiye.com/Campus,https://jiuye.uestc.edu.cn/career/recruitment/onsite/fwj01vati8e9,verified,https://jiuye.uestc.edu.cn/career/recruitment/onsite,
af1653e5d1985c58a07eedc98c6fdb6a5f35fde7cd64db5c9b28ebb3857b485b,2026-09-03 22:04:41,2026-09-03 22:04:41,现场招聘,上海豪威集成电路集团有限公司,豪威集团2027秋季校园招聘,硬件工程师,2026-09-01 15:53:43,2026-09-16,其他(具体查看招聘信息),2026-09-16,19:30,21:00,【清】立人楼B117,硕士、博士,,,,https://ovt-omnivision.zhiye.com/Campus,https://jiuye.uestc.edu.cn/career/recruitment/onsite/fwj01vati8e9,verified,https://jiuye.uestc.edu.cn/career/recruitment/onsite,
6c1aa3af8a84de558ea126d3875d72970df3515505186a4a4458b66cc42db5d0,2026-09-03 22:04:41,2026-09-03 22:04:41,现场招聘,上海豪威集成电路集团有限公司,豪威集团2027秋季校园招聘,应用工程师,2026-09-01 15:53:43,2026-09-16,其他(具体查看招聘信息),2026-09-16,19:30,21:00,【清】立人楼B117,硕士、博士,,,,https://ovt-omnivision.zhiye.com/Campus,https://jiuye.uestc.edu.cn/career/recruitment/onsite/fwj01vati8e9,verified,https://jiuye.uestc.edu.cn/career/recruitment/onsite,
aec24f56cc4287676624cd40dbd49e00ccddcf4f28f673e40d258b95f8d362d9,2026-09-03 22:04:41,2026-09-03 22:04:41,现场招聘,上海豪威集成电路集团有限公司,豪威集团2027秋季校园招聘,产品验证工程师,2026-09-01 15:53:43,2026-09-16,其他(具体查看招聘信息),2026-09-16,19:30,21:00,【清】立人楼B117,硕士、博士,,,,https://ovt-omnivision.zhiye.com/Campus,https://jiuye.uestc.edu.cn/career/recruitment/onsite/fwj01vati8e9,verified,https://jiuye.uestc.edu.cn/career/recruitment/onsite,
1011ee5658815bf2b37b8c02f8f5bb61b8d0490bb739c1a352435eb4c6184e3a,2026-09-03 22:04:41,2026-09-03 22:04:41,现场招聘,上海豪威集成电路集团有限公司,豪威集团2027秋季校园招聘,产品工程师,2026-09-01 15:53:43,2026-09-16,其他(具体查看招聘信息),2026-09-16,19:30,21:00,【清】立人楼B117,硕士、博士,,,,https://ovt-omnivision.zhiye.com/Campus,https://jiuye.uestc.edu.cn/career/recruitment/onsite/fwj01vati8e9,verified,https://jiuye.uestc.edu.cn/career/recruitment/onsite,
dc3a69eb1097ec482606e1b3c75cf522637e5fed9a49e71826d9bc261dccc591,2026-09-03 22:04:41,2026-09-03 22:04:41,现场招聘,上海豪威集成电路集团有限公司,豪威集团2027秋季校园招聘,FAE(DSP现场应用工程师),2026-09-01 15:53:43,2026-09-16,其他(具体查看招聘信息),2026-09-16,19:30,21:00,【清】立人楼B117,硕士、博士,,,,https://ovt-omnivision.zhiye.com/Campus,https://jiuye.uestc.edu.cn/career/recruitment/onsite/fwj01vati8e9,verified,https://jiuye.uestc.edu.cn/career/recruitment/onsite,
e104b2f10942ace1dc77b56ca483a31320fb24e925e2aba1b1d47f6a231c4c8c,2026-09-03 22:04:41,2026-09-03 22:04:41,现场招聘,上海豪威集成电路集团有限公司,豪威集团2027秋季校园招聘,技术文档工程师,2026-09-01 15:53:43,2026-09-16,其他(具体查看招聘信息),2026-09-16,19:30,21:00,【清】立人楼B117,硕士、博士,,,,https://ovt-omnivision.zhiye.com/Campus,https://jiuye.uestc.edu.cn/career/recruitment/onsite/fwj01vati8e9,verified,https://jiuye.uestc.edu.cn/career/recruitment/onsite,
dd20169acadca92567f34bcb784db3405a0c5fccf6a5add7d1cb482c1a04c930,2026-09-03 22:04:41,2026-09-03 22:04:41,现场招聘,上海豪威集成电路集团有限公司,豪威集团2027秋季校园招聘,功能安全工程师,2026-09-01 15:53:43,2026-09-16,其他(具体查看招聘信息),2026-09-16,19:30,21:00,【清】立人楼B117,硕士、博士,,,,https://ovt-omnivision.zhiye.com/Campus,https://jiuye.uestc.edu.cn/career/recruitment/onsite/fwj01vati8e9,verified,https://jiuye.uestc.edu.cn/career/recruitment/onsite,
ab6d90d9e122fe94592db180f895332b0b0de06e721c1167bc055a32b29808b0,2026-09-03 22:04:41,2026-09-03 22:04:41,现场招聘,上海豪威集成电路集团有限公司,豪威集团2027秋季校园招聘,项目管理工程师,2026-09-01 15:53:43,2026-09-16,其他(具体查看招聘信息),2026-09-16,19:30,21:00,【清】立人楼B117,硕士、博士,,,,https://ovt-omnivision.zhiye.com/Campus,https://jiuye.uestc.edu.cn/career/recruitment/onsite/fwj01vati8e9,verified,https://jiuye.uestc.edu.cn/career/recruitment/onsite,
90b16f7ef8b6a63d675679fbf69623c54ad0a3921d4e76a657fdbcf3cbe470b7,2026-09-03 22:04:41,2026-09-03 22:04:41,现场招聘,上海豪威集成电路集团有限公司,豪威集团2027秋季校园招聘,架构工程师,2026-09-01 15:53:43,2026-09-16,其他(具体查看招聘信息),2026-09-16,19:30,21:00,【清】立人楼B117,硕士、博士,,,,https://ovt-omnivision.zhiye.com/Campus,https://jiuye.uestc.edu.cn/career/recruitment/onsite/fwj01vati8e9,verified,https://jiuye.uestc.edu.cn/career/recruitment/onsite,
e0fde495e85e1fb8a6a1cd276c4802774f4f277edf4e275a21a59a0d892ec94f,2026-09-03 22:04:41,2026-09-03 22:04:41,现场招聘,上海豪威集成电路集团有限公司,豪威集团2027秋季校园招聘,传感器性能表征工程师,2026-09-01 15:53:43,2026-09-16,其他(具体查看招聘信息),2026-09-16,19:30,21:00,【清】立人楼B117,硕士、博士,,,,https://ovt-omnivision.zhiye.com/Campus,https://jiuye.uestc.edu.cn/career/recruitment/onsite/fwj01vati8e9,verified,https://jiuye.uestc.edu.cn/career/recruitment/onsite,
f1de8d98ef8d9ec11474dc79855569e06a6cd83b22aa479b23b76f7d464a7a59,2026-09-03 22:04:41,2026-09-03 22:04:41,现场招聘,上海豪威集成电路集团有限公司,豪威集团2027秋季校园招聘,诊断驱动良率分析工程师,2026-09-01 15:53:43,2026-09-16,其他(具体查看招聘信息),2026-09-16,19:30,21:00,【清】立人楼B117,硕士、博士,,,,https://ovt-omnivision.zhiye.com/Campus,https://jiuye.uestc.edu.cn/career/recruitment/onsite/fwj01vati8e9,verified,https://jiuye.uestc.edu.cn/career/recruitment/onsite,
7c18802d8bc58ed8b56fa8bbb011eaf2861511638e5637c689d7edcf0b7fd377,2026-09-03 22:04:41,2026-09-03 22:04:41,现场招聘,上海豪威集成电路集团有限公司,豪威集团2027秋季校园招聘,像素性能表征工程师,2026-09-01 15:53:43,2026-09-16,其他(具体查看招聘信息),2026-09-16,19:30,21:00,【清】立人楼B117,硕士、博士,,,,https://ovt-omnivision.zhiye.com/Campus,https://jiuye.uestc.edu.cn/career/recruitment/onsite/fwj01vati8e9,verified,https://jiuye.uestc.edu.cn/career/recruitment/onsite,
87c8b83bd86f0a9a33d4d10d4dcded4297ed5d0d28deaddf317b65742f1c2169,2026-09-03 22:04:41,2026-09-03 22:04:41,现场招聘,上海豪威集成电路集团有限公司,豪威集团2027秋季校园招聘,工艺工程师,2026-09-01 15:53:43,2026-09-16,其他(具体查看招聘信息),2026-09-16,19:30,21:00,【清】立人楼B117,硕士、博士,,,,https://ovt-omnivision.zhiye.com/Campus,https://jiuye.uestc.edu.cn/career/recruitment/onsite/fwj01vati8e9,verified,https://jiuye.uestc.edu.cn/career/recruitment/onsite,
5fe3d84a83fedf5b5bb04816cdcebf5361c270d3edf8d070b97c200679ffa34b,2026-09-03 22:04:41,2026-09-03 22:04:41,现场招聘,上海豪威集成电路集团有限公司,豪威集团2027秋季校园招聘,良率提升工程师,2026-09-01 15:53:43,2026-09-16,其他(具体查看招聘信息),2026-09-16,19:30,21:00,【清】立人楼B117,硕士、博士,,,,https://ovt-omnivision.zhiye.com/Campus,https://jiuye.uestc.edu.cn/career/recruitment/onsite/fwj01vati8e9,verified,https://jiuye.uestc.edu.cn/career/recruitment/onsite,
906f73ec8b5c2291976aa31babfa1ce2146b556c0633cbc62666f8a65690bb9b,2026-09-03 22:04:41,2026-09-03 22:04:41,现场招聘,上海豪威集成电路集团有限公司,豪威集团2027秋季校园招聘,制造工程师,2026-09-01 15:53:43,2026-09-16,其他(具体查看招聘信息),2026-09-16,19:30,21:00,【清】立人楼B117,硕士、博士,,,,https://ovt-omnivision.zhiye.com/Campus,https://jiuye.uestc.edu.cn/career/recruitment/onsite/fwj01vati8e9,verified,https://jiuye.uestc.edu.cn/career/recruitment/onsite,
238f19a87d1115cb1c4007721b521ea8fbb6963394a2cbb6ac7b086d80fbece2,2026-09-03 22:04:41,2026-09-03 22:04:41,现场招聘,上海豪威集成电路集团有限公司,豪威集团2027秋季校园招聘,设备工程师,2026-09-01 15:53:43,2026-09-16,其他(具体查看招聘信息),2026-09-16,19:30,21:00,【清】立人楼B117,硕士、博士,,,,https://ovt-omnivision.zhiye.com/Campus,https://jiuye.uestc.edu.cn/career/recruitment/onsite/fwj01vati8e9,verified,https://jiuye.uestc.edu.cn/career/recruitment/onsite,
92ee3eadf755224b7dc7d808f2b4b2dbd63a66859c171043b43d272ce63d6872,2026-09-03 22:04:41,2026-09-03 22:04:41,现场招聘,上海豪威集成电路集团有限公司,豪威集团2027秋季校园招聘,产品工程师-CIS,2026-09-01 15:53:43,2026-09-16,其他(具体查看招聘信息),2026-09-16,19:30,21:00,【清】立人楼B117,硕士、博士,,,,https://ovt-omnivision.zhiye.com/Campus,https://jiuye.uestc.edu.cn/career/recruitment/onsite/fwj01vati8e9,verified,https://jiuye.uestc.edu.cn/career/recruitment/onsite,
53781303071c794c04102995373684618792e02035dac31d95f22326de90cb91,2026-09-03 22:04:41,2026-09-03 22:04:41,现场招聘,上海豪威集成电路集团有限公司,豪威集团2027秋季校园招聘,测试工程师,2026-09-01 15:53:43,2026-09-16,其他(具体查看招聘信息),2026-09-16,19:30,21:00,【清】立人楼B117,硕士、博士,,,,https://ovt-omnivision.zhiye.com/Campus,https://jiuye.uestc.edu.cn/career/recruitment/onsite/fwj01vati8e9,verified,https://jiuye.uestc.edu.cn/career/recruitment/onsite,
84b7fe9c341954195b4ba1993a4745d0d5f615f039676e279ff358c444a5379d,2026-09-03 22:04:41,2026-09-03 22:04:41,现场招聘,上海豪威集成电路集团有限公司,豪威集团2027秋季校园招聘,自动化工程师,2026-09-01 15:53:43,2026-09-16,其他(具体查看招聘信息),2026-09-16,19:30,21:00,【清】立人楼B117,硕士、博士,,,,https://ovt-omnivision.zhiye.com/Campus,https://jiuye.uestc.edu.cn/career/recruitment/onsite/fwj01vati8e9,verified,https://jiuye.uestc.edu.cn/career/recruitment/onsite,
70ab92617f7e8b344b4003245eaaf44f892bdd2a11fdbf2b39e71c192e9f734f,2026-09-03 22:04:41,2026-09-03 22:04:41,现场招聘,上海豪威集成电路集团有限公司,豪威集团2027秋季校园招聘,系统应用工程师,2026-09-01 15:53:43,2026-09-16,其他(具体查看招聘信息),2026-09-16,19:30,21:00,【清】立人楼B117,硕士、博士,,,,https://ovt-omnivision.zhiye.com/Campus,https://jiuye.uestc.edu.cn/career/recruitment/onsite/fwj01vati8e9,verified,https://jiuye.uestc.edu.cn/career/recruitment/onsite,
390717b8d967c76b47416e9441e6921fe1bcd8b4ca00341419ed4939ff08bc58,2026-09-03 22:04:41,2026-09-03 22:04:41,现场招聘,上海豪威集成电路集团有限公司,豪威集团2027秋季校园招聘,算法工程师,2026-09-01 15:53:43,2026-09-16,其他(具体查看招聘信息),2026-09-16,19:30,21:00,【清】立人楼B117,硕士、博士,,,,https://ovt-omnivision.zhiye.com/Campus,https://jiuye.uestc.edu.cn/career/recruitment/onsite/fwj01vati8e9,verified,https://jiuye.uestc.edu.cn/career/recruitment/onsite,
01eeaf13fabdab89242822fcfa54e5f04c7d32c577bb7fbb83f7dc80509fadb2,2026-09-03 22:04:41,2026-09-03 22:04:41,现场招聘,上海豪威集成电路集团有限公司,豪威集团2027秋季校园招聘,Firmware工程师,2026-09-01 15:53:43,2026-09-16,其他(具体查看招聘信息),2026-09-16,19:30,21:00,【清】立人楼B117,硕士、博士,,,,https://ovt-omnivision.zhiye.com/Campus,https://jiuye.uestc.edu.cn/career/recruitment/onsite/fwj01vati8e9,verified,https://jiuye.uestc.edu.cn/career/recruitment/onsite,
f6cf8bd59a4d8835e8082df6cbcc5843549f0f4eab3df4c8349cc52122b5a5e6,2026-09-03 22:04:41,2026-09-03 22:04:41,现场招聘,上海豪威集成电路集团有限公司,豪威集团2027秋季校园招聘,嵌入式软件工程师,2026-09-01 15:53:43,2026-09-16,其他(具体查看招聘信息),2026-09-16,19:30,21:00,【清】立人楼B117,硕士、博士,,,,https://ovt-omnivision.zhiye.com/Campus,https://jiuye.uestc.edu.cn/career/recruitment/onsite/fwj01vati8e9,verified,https://jiuye.uestc.edu.cn/career/recruitment/onsite,
725f9928da3fb5e9fe44feb11ec402cd308aa26f9177b2bc763c6eedba9da8cc,2026-09-03 22:04:41,2026-09-03 22:04:41,现场招聘,上海豪威集成电路集团有限公司,豪威集团2027秋季校园招聘,电源硬件工程师,2026-09-01 15:53:43,2026-09-16,其他(具体查看招聘信息),2026-09-16,19:30,21:00,【清】立人楼B117,硕士、博士,,,,https://ovt-omnivision.zhiye.com/Campus,https://jiuye.uestc.edu.cn/career/recruitment/onsite/fwj01vati8e9,verified,https://jiuye.uestc.edu.cn/career/recruitment/onsite,
71a5b7fad3ff3b38f0234bbd80728fb45b17d761075f79cdce9f2df3eea4be2b,2026-09-03 22:04:41,2026-09-03 22:04:41,现场招聘,上海豪威集成电路集团有限公司,豪威集团2027秋季校园招聘,机电控制工程师,2026-09-01 15:53:43,2026-09-16,其他(具体查看招聘信息),2026-09-16,19:30,21:00,【清】立人楼B117,硕士、博士,,,,https://ovt-omnivision.zhiye.com/Campus,https://jiuye.uestc.edu.cn/career/recruitment/onsite/fwj01vati8e9,verified,https://jiuye.uestc.edu.cn/career/recruitment/onsite,
43faaa2cdd47cfd63293b0c1154881f976456ed24c42a1f4d9edaa91834cf1d2,2026-09-03 22:04:41,2026-09-03 22:04:41,现场招聘,上海豪威集成电路集团有限公司,豪威集团2027秋季校园招聘,模拟验证工程师,2026-09-01 15:53:43,2026-09-16,其他(具体查看招聘信息),2026-09-16,19:30,21:00,【清】立人楼B117,硕士、博士,,,,https://ovt-omnivision.zhiye.com/Campus,https://jiuye.uestc.edu.cn/career/recruitment/onsite/fwj01vati8e9,verified,https://jiuye.uestc.edu.cn/career/recruitment/onsite,
9923d817d9742185e4eb8065f4c569f7775a1747c5c9b1f0e6e293962e9e1f07,2026-09-03 22:04:41,2026-09-03 22:04:41,现场招聘,新华三技术有限公司,NEXT 新华三!,未明确列出,2026-09-02 18:50:40,2026-09-16,",,,,",2026-09-16,19:30,21:00,【清】品学楼B205,本科、硕士、博士,,,,https://career.h3c.com/,https://jiuye.uestc.edu.cn/career/recruitment/onsite/fx15q47j277m,verified,https://jiuye.uestc.edu.cn/career/recruitment/onsite,
eccf8534917d0aa5f92b2068655bbcdfd8c3493fa293def12b879b45ddad918c,2026-09-03 22:04:41,2026-09-03 22:04:41,现场招聘,江苏海四达电源有限公司,海四达2027届校园招聘,研发工程师,2026-08-31 08:34:28,2026-09-16,江苏省:南通市,2026-09-16,19:30,21:00,【清】品学楼B109,本科、硕士,电化学/材料化学/化学工程/化学/物理化学/有机化学类等相关专业,,(投递链接:https://highstar.zhiye.com),https://highstar.zhiye.com/,https://jiuye.uestc.edu.cn/career/recruitment/onsite/fwlrjaxw5uyp,verified,https://jiuye.uestc.edu.cn/career/recruitment/onsite,
f416f756a4523cf332a71af2d3be3bdd7368292b7e3b6e528c19d88f6008f004,2026-09-03 22:04:41,2026-09-03 22:04:41,现场招聘,江苏海四达电源有限公司,海四达2027届校园招聘,工艺工程师,2026-08-31 08:34:28,2026-09-16,江苏省:南通市,2026-09-16,19:30,21:00,【清】品学楼B109,本科、硕士,电化学/材料化学/机械/自动化类相关专业,,(投递链接:https://highstar.zhiye.com),https://highstar.zhiye.com/,https://jiuye.uestc.edu.cn/career/recruitment/onsite/fwlrjaxw5uyp,verified,https://jiuye.uestc.edu.cn/career/recruitment/onsite,
b68b7482c8fd7382678447ab1358cd2fc617f8e05959e9abd77bc753c2dd8394,2026-09-03 22:04:41,2026-09-03 22:04:41,现场招聘,江苏海四达电源有限公司,海四达2027届校园招聘,质量工程师,2026-08-31 08:34:28,2026-09-16,江苏省:南通市,2026-09-16,19:30,21:00,【清】品学楼B109,本科、硕士,电化学/材料化学/化学工程等理工科类相关专业,,(投递链接:https://highstar.zhiye.com),https://highstar.zhiye.com/,https://jiuye.uestc.edu.cn/career/recruitment/onsite/fwlrjaxw5uyp,verified,https://jiuye.uestc.edu.cn/career/recruitment/onsite,
01722e025b98415e65ba6b43a05abedbdd6ba4d59c73e84401217451152624af,2026-09-03 22:04:41,2026-09-03 22:04:41,现场招聘,江苏海四达电源有限公司,海四达2027届校园招聘,分析工程师,2026-08-31 08:34:28,2026-09-16,江苏省:南通市,2026-09-16,19:30,21:00,【清】品学楼B109,本科、硕士,化学分析/材料类相关专业,,(投递链接:https://highstar.zhiye.com),https://highstar.zhiye.com/,https://jiuye.uestc.edu.cn/career/recruitment/onsite/fwlrjaxw5uyp,verified,https://jiuye.uestc.edu.cn/career/recruitment/onsite,
bde43967e1d52ffcdaa8cd55a2102e67c563e1a361e74b574d17ee9e26f1ad76,2026-09-03 22:04:41,2026-09-03 22:04:41,现场招聘,江苏海四达电源有限公司,海四达2027届校园招聘,测试工程师,2026-08-31 08:34:28,2026-09-16,江苏省:南通市,2026-09-16,19:30,21:00,【清】品学楼B109,本科、硕士,电子电气等理工类相关专业,,(投递链接:https://highstar.zhiye.com),https://highstar.zhiye.com/,https://jiuye.uestc.edu.cn/career/recruitment/onsite/fwlrjaxw5uyp,verified,https://jiuye.uestc.edu.cn/career/recruitment/onsite,
bd8e8a654763116b694db448017cd116bd3273ac53c787e9c0155f0ae2432661,2026-09-03 22:04:41,2026-09-03 22:04:41,现场招聘,江苏海四达电源有限公司,海四达2027届校园招聘,国内客户经理,2026-08-31 08:34:28,2026-09-16,江苏省:南通市,2026-09-16,19:30,21:00,【清】品学楼B109,本科、硕士,专业不限,,(投递链接:https://highstar.zhiye.com),https://highstar.zhiye.com/,https://jiuye.uestc.edu.cn/career/recruitment/onsite/fwlrjaxw5uyp,verified,https://jiuye.uestc.edu.cn/career/recruitment/onsite,
24aaa355142714137e34bfd1ff67f27bbcd52592c78f65b1b7b437c1ec7ed66b,2026-09-03 22:04:41,2026-09-03 22:04:41,现场招聘,江苏海四达电源有限公司,海四达2027届校园招聘,海外客户经理,2026-08-31 08:34:28,2026-09-16,江苏省:南通市,2026-09-16,19:30,21:00,【清】品学楼B109,本科、硕士,专业不限,,(投递链接:https://highstar.zhiye.com),https://highstar.zhiye.com/,https://jiuye.uestc.edu.cn/career/recruitment/onsite/fwlrjaxw5uyp,verified,https://jiuye.uestc.edu.cn/career/recruitment/onsite,
5af73f79e894af65832fda1f0e9f8d72353c9c2fdf252e178cca08aca6c0dd98,2026-09-03 22:04:41,2026-09-03 22:04:41,现场招聘,江苏海四达电源有限公司,海四达2027届校园招聘,品牌经理,2026-08-31 08:34:28,2026-09-16,江苏省:南通市,2026-09-16,19:30,21:00,【清】品学楼B109,本科、硕士,视觉传达/数字媒体/广告学/市场营销类相关专业,,(投递链接:https://highstar.zhiye.com),https://highstar.zhiye.com/,https://jiuye.uestc.edu.cn/career/recruitment/onsite/fwlrjaxw5uyp,verified,https://jiuye.uestc.edu.cn/career/recruitment/onsite,
94452c2f3ae11ae962f7160e0b38f09322fb6e29097eefa6b1253757cbafaf94,2026-09-03 22:04:41,2026-09-03 22:04:41,现场招聘,江苏海四达电源有限公司,海四达2027届校园招聘,计划专员,2026-08-31 08:34:28,2026-09-16,江苏省:南通市,2026-09-16,19:30,21:00,【清】品学楼B109,本科、硕士,管理学/统计学/供应链管理类相关专业,,(投递链接:https://highstar.zhiye.com),https://highstar.zhiye.com/,https://jiuye.uestc.edu.cn/career/recruitment/onsite/fwlrjaxw5uyp,verified,https://jiuye.uestc.edu.cn/career/recruitment/onsite,
52de24a9a5466548a1fb1ae98baa2676e9d56ec1411ecce8cce12f1510266375,2026-09-03 22:04:41,2026-09-03 22:04:41,现场招聘,江苏海四达电源有限公司,海四达2027届校园招聘,物流专员,2026-08-31 08:34:28,2026-09-16,江苏省:南通市,2026-09-16,19:30,21:00,【清】品学楼B109,本科、硕士,供应链/工商管理/理工科类相关专业,,(投递链接:https://highstar.zhiye.com),https://highstar.zhiye.com/,https://jiuye.uestc.edu.cn/career/recruitment/onsite/fwlrjaxw5uyp,verified,https://jiuye.uestc.edu.cn/career/recruitment/onsite,
306011af2176208ababc92d528e95370b89640ea7b8507a9cc685a8a7f1b107d,2026-09-03 22:04:41,2026-09-03 22:04:41,现场招聘,江苏海四达电源有限公司,海四达2027届校园招聘,设备工程师,2026-08-31 08:34:28,2026-09-16,江苏省:南通市,2026-09-16,19:30,21:00,【清】品学楼B109,本科、硕士,机电一体化/机械设计制造及自动化/电气类相关专业,,(投递链接:https://highstar.zhiye.com),https://highstar.zhiye.com/,https://jiuye.uestc.edu.cn/career/recruitment/onsite/fwlrjaxw5uyp,verified,https://jiuye.uestc.edu.cn/career/recruitment/onsite,
54b9e3b85a8d0dcc8ab266d41bbe756ab8eb02db46e4daeea83918e71e773617,2026-09-03 22:04:41,2026-09-03 22:04:41,现场招聘,江苏海四达电源有限公司,海四达2027届校园招聘,生管专员,2026-08-31 08:34:28,2026-09-16,江苏省:南通市,2026-09-16,19:30,21:00,【清】品学楼B109,本科、硕士,理工类相关专业,,(投递链接:https://highstar.zhiye.com),https://highstar.zhiye.com/,https://jiuye.uestc.edu.cn/career/recruitment/onsite/fwlrjaxw5uyp,verified,https://jiuye.uestc.edu.cn/career/recruitment/onsite,
ff789ed5bb2ff9e71a53c5402042fd08d381f0c5d90a4b033cb7eb2303f2cc78,2026-09-03 22:04:41,2026-09-03 22:04:41,现场招聘,江苏海四达电源有限公司,海四达2027届校园招聘,安环工程师,2026-08-31 08:34:28,2026-09-16,江苏省:南通市,2026-09-16,19:30,21:00,【清】品学楼B109,本科、硕士,安全工程/环保类相关专业,,(投递链接:https://highstar.zhiye.com),https://highstar.zhiye.com/,https://jiuye.uestc.edu.cn/career/recruitment/onsite/fwlrjaxw5uyp,verified,https://jiuye.uestc.edu.cn/career/recruitment/onsite,
5e9aaee4e329d3a036b87a634a513a7f5b0c3421c1e94fd0584055b35fffae63,2026-09-03 22:04:41,2026-09-03 22:04:41,现场招聘,江苏海四达电源有限公司,海四达2027届校园招聘,采购专员,2026-08-31 08:34:28,2026-09-16,江苏省:南通市,2026-09-16,19:30,21:00,【清】品学楼B109,本科、硕士,高分子/化学/机械类相关专业,,(投递链接:https://highstar.zhiye.com),https://highstar.zhiye.com/,https://jiuye.uestc.edu.cn/career/recruitment/onsite/fwlrjaxw5uyp,verified,https://jiuye.uestc.edu.cn/career/recruitment/onsite,
b8aa69fb1dbb350c29daf15b7f458b5050a99fdf4b8b298874f6cdd7729e372e,2026-09-03 22:04:41,2026-09-03 22:04:41,现场招聘,江苏海四达电源有限公司,海四达2027届校园招聘,IT工程师,2026-08-31 08:34:28,2026-09-16,江苏省:南通市,2026-09-16,19:30,21:00,【清】品学楼B109,本科、硕士,计算机科学与技术、软件工程、信息管理与信息系统等相关专业,,(投递链接:https://highstar.zhiye.com),https://highstar.zhiye.com/,https://jiuye.uestc.edu.cn/career/recruitment/onsite/fwlrjaxw5uyp,verified,https://jiuye.uestc.edu.cn/career/recruitment/onsite,
12ffff4c06eefc4b9066167bfa6912e04da0f5772a898229ff37b58efd1390d7,2026-09-03 22:04:41,2026-09-03 22:04:41,现场招聘,江苏海四达电源有限公司,海四达2027届校园招聘,财务专员,2026-08-31 08:34:28,2026-09-16,江苏省:南通市,2026-09-16,19:30,21:00,【清】品学楼B109,本科、硕士,财务管理/会计/金融类相关专业,,(投递链接:https://highstar.zhiye.com),https://highstar.zhiye.com/,https://jiuye.uestc.edu.cn/career/recruitment/onsite/fwlrjaxw5uyp,verified,https://jiuye.uestc.edu.cn/career/recruitment/onsite,
1f45bdbfd7c12ae3842f3f48ffdc00698a000547a295d00613d0de705f519861,2026-09-03 22:04:41,2026-09-03 22:04:41,现场招聘,江苏海四达电源有限公司,海四达2027届校园招聘,人事专员,2026-08-31 08:34:28,2026-09-16,江苏省:南通市,2026-09-16,19:30,21:00,【清】品学楼B109,本科、硕士,人力资源/理工科类相关专业,,(投递链接:https://highstar.zhiye.com),https://highstar.zhiye.com/,https://jiuye.uestc.edu.cn/career/recruitment/onsite/fwlrjaxw5uyp,verified,https://jiuye.uestc.edu.cn/career/recruitment/onsite,
b2497ecef8526e988a832fc6212e0213ee7edf8598b482a18186556cbbb4b6be,2026-09-03 22:04:41,2026-09-03 22:04:41,现场招聘,江苏海四达电源有限公司,海四达2027届校园招聘,项目专员,2026-08-31 08:34:28,2026-09-16,江苏省:南通市,2026-09-16,19:30,21:00,【清】品学楼B109,本科、硕士,材料/化学类相关专业,,(投递链接:https://highstar.zhiye.com),https://highstar.zhiye.com/,https://jiuye.uestc.edu.cn/career/recruitment/onsite/fwlrjaxw5uyp,verified,https://jiuye.uestc.edu.cn/career/recruitment/onsite,
035480d7d7ba4cbcf5e43d5588579a2ebc92c1e2adf65165da93881b67a8fbbe,2026-09-03 22:04:41,2026-09-03 22:04:41,现场招聘,深圳传音控股股份有限公司,传音控股2027届全球校园招聘,未明确列出,2026-09-01 09:48:32,2026-09-16,"重庆市:渝北区,上海市:浦东新区,广东省:深圳市,其他(具体查看招聘信息)",2026-09-16,19:30,21:00,【清】立人楼B120,硕士、本科、博士,,,,https://transsion.zhiye.com/campus,https://jiuye.uestc.edu.cn/career/recruitment/onsite/fwwab8mi78ch,verified,https://jiuye.uestc.edu.cn/career/recruitment/onsite,
828bdf0f859cbdac3ccf2e83649234cad5cb55dea3a4306ae7a18eaca3faf932,2026-09-03 22:04:41,2026-09-03 22:04:41,现场招聘,深圳库犸科技有限公司,,未明确列出,2026-08-31 16:14:23,2026-09-16,"四川省:成都市,广东省:深圳市",2026-09-16,19:30,21:00,【清】品学楼B108,本科、硕士,,,,https://jobs.mammotion.cn/campus_recruitment,https://jiuye.uestc.edu.cn/career/recruitment/onsite/fvm2b2ka2ku9,verified,https://jiuye.uestc.edu.cn/career/recruitment/onsite,
2012ead9bbf1dba775a9130b679a427897bea0aca5ec8070ced699f4526d2735,2026-09-03 22:04:41,2026-09-03 22:04:41,现场招聘,重庆千里智驾科技有限公司,,未明确列出,2026-08-28 12:13:10,2026-09-16,"上海市:嘉定区,北京市:海淀区,重庆市:江北区",2026-09-16,19:30,21:00,【清】立人楼B118,本科、硕士、博士,,,,,https://jiuye.uestc.edu.cn/career/recruitment/onsite/fwibf45d6876,verified,https://jiuye.uestc.edu.cn/career/recruitment/onsite,
ca97a0b82e0e31aecdda1bc91697bb6d2d23bd1333db6ced4b0fef1eb0160b3a,2026-09-03 22:04:41,2026-09-03 22:04:41,现场招聘,北京京东世纪贸易有限公司,【企业介绍】,未明确列出,2026-08-29 08:45:22,2026-09-16,北京市:通州区,2026-09-16,20:30,21:00,【清】立人楼B119,本科、硕士、博士,,,,,https://jiuye.uestc.edu.cn/career/recruitment/onsite/fwk2cy89qjup,verified,https://jiuye.uestc.edu.cn/career/recruitment/onsite,
9055006edf424fa90dc7a4cc0dedd3d7b80ede43dc342184c61a86493a29b42c,2026-09-03 22:04:41,2026-09-03 22:04:41,现场招聘,中国电子科技集团公司第五十三研究所,,未明确列出,2026-08-28 19:55:36,2026-09-17,天津市:滨海新区,2026-09-17,09:30,11:30,【清】立人楼B117,硕士、博士,,,,,https://jiuye.uestc.edu.cn/career/recruitment/onsite/fwc0wtenhngi,verified,https://jiuye.uestc.edu.cn/career/recruitment/onsite,
a0b8552c0855036638ed76203378431984680b3c36ec1cba577853f2d9d1d552,2026-09-03 22:04:41,2026-09-03 22:04:41,现场招聘,四川中微芯成科技有限公司,,未明确列出,2026-09-03 15:57:35,2026-09-17,四川省:成都市,2026-09-17,09:30,11:30,【清】立人楼B120,本科、硕士,,,,,https://jiuye.uestc.edu.cn/career/recruitment/onsite/fx4bkkqk21hd,verified,https://jiuye.uestc.edu.cn/career/recruitment/onsite,
e3b4dee8064b5e3c42e40be04aba91c8eec716731f731c87b71e9d93e603fd5c,2026-09-03 22:04:41,2026-09-03 22:04:41,现场招聘,天隼实验室,"“砺剑苍穹,智引未来”天隼实验室2027届校园招聘",未明确列出,2026-09-01 10:32:57,2026-09-17,湖南省:长沙市,2026-09-17,09:30,11:30,【清】学生活动中心220,博士、硕士、博士后,,,,https://tslab.iguopin.com/,https://jiuye.uestc.edu.cn/career/recruitment/onsite/fwwdcdixqade,verified,https://jiuye.uestc.edu.cn/career/recruitment/onsite,
c6523f897ea98c2e1da2d9daa2a09f8903e51427fd5dba6363a80a12ce80128c,2026-09-03 22:04:41,2026-09-03 22:04:41,现场招聘,成都微光集电科技有限公司,,未明确列出,2026-08-31 17:41:26,2026-09-17,四川省:成都市,2026-09-17,09:30,11:30,【清】立人楼B118,硕士,,,,,https://jiuye.uestc.edu.cn/career/recruitment/onsite/fwtus4i0l43m,verified,https://jiuye.uestc.edu.cn/career/recruitment/onsite,
10067f08c7bf30fda0377241d277dc0b2fde58e00883f430e82c2c42d8eb69b2,2026-09-03 22:04:41,2026-09-03 22:04:41,现场招聘,深圳市优优绿能股份有限公司,"优世界,能者聚—深圳市优优绿能股份有限公司 202 7届秋季校园招聘",未明确列出,2026-09-03 10:58:02,2026-09-17,广东省:深圳市,2026-09-17,10:00,11:30,【清】立人楼B119,本科、硕士、博士,,,,,https://jiuye.uestc.edu.cn/career/recruitment/onsite/fx3frvc30y6a,verified,https://jiuye.uestc.edu.cn/career/recruitment/onsite,
9d9e6f3cd5a1100efbf5593067d58d75ff162296182a4263b6e942f15d6afa16,2026-09-03 22:04:41,2026-09-03 22:04:41,现场招聘,深圳市辰卓科技股份有限公司,深圳市辰卓科技股份有限公司2027届校园招聘简章,未明确列出,2026-08-31 18:23:43,2026-09-17,其他(具体查看招聘信息),2026-09-17,14:00,16:00,【清】学生活动中心220,本科、硕士、博士,,,,,https://jiuye.uestc.edu.cn/career/recruitment/onsite/fwtz815ywjcx,verified,https://jiuye.uestc.edu.cn/career/recruitment/onsite,
d0bb6c3e2c3b27dd157b115cb43674f235e49446d0b60b6aacf84ac46ee9ddda,2026-09-03 22:04:41,2026-09-03 22:04:41,现场招聘,上海芯源创新中心,,未明确列出,2026-08-28 16:10:55,2026-09-17,上海市:浦东新区,2026-09-17,15:00,17:00,【清】立人楼B117,硕士、博士,,,,,https://jiuye.uestc.edu.cn/career/recruitment/onsite/fwhwo7o0z476,verified,https://jiuye.uestc.edu.cn/career/recruitment/onsite,
3c37f3cc6ef3f20506c2e26396b4141791670505943d86dc3b2efd01a43ad88f,2026-09-03 22:04:41,2026-09-03 22:04:41,现场招聘,北京风华创智科技有限公司,给梦想一颗澎湃的芯-芯动科技2027届校园招聘正式批火热开启,模拟IC设计工程师,2026-09-01 16:42:32,2026-09-17,其他(具体查看招聘信息),2026-09-17,15:00,17:00,【清】立人楼B120,本科、硕士、博士,,,,https://innosilicon.zhiye.com/Campus,https://jiuye.uestc.edu.cn/career/recruitment/onsite/fwx5deomrcw1,verified,https://jiuye.uestc.edu.cn/career/recruitment/onsite,
2489533096d4e63d2e4ef7c9bc2294f1139b48477798bf4b47a7dde453c80ff1,2026-09-03 22:04:41,2026-09-03 22:04:41,现场招聘,北京风华创智科技有限公司,给梦想一颗澎湃的芯-芯动科技2027届校园招聘正式批火热开启,数字IC设计工程师,2026-09-01 16:42:32,2026-09-17,其他(具体查看招聘信息),2026-09-17,15:00,17:00,【清】立人楼B120,本科、硕士、博士,,,,https://innosilicon.zhiye.com/Campus,https://jiuye.uestc.edu.cn/career/recruitment/onsite/fwx5deomrcw1,verified,https://jiuye.uestc.edu.cn/career/recruitment/onsite,
c8c45f4ea60e19a170673e393d9c9bcfb7f74ac982160e533115b780e9fa1827,2026-09-03 22:04:41,2026-09-03 22:04:41,现场招聘,北京风华创智科技有限公司,给梦想一颗澎湃的芯-芯动科技2027届校园招聘正式批火热开启,数字IC验证工程师,2026-09-01 16:42:32,2026-09-17,其他(具体查看招聘信息),2026-09-17,15:00,17:00,【清】立人楼B120,本科、硕士、博士,,,,https://innosilicon.zhiye.com/Campus,https://jiuye.uestc.edu.cn/career/recruitment/onsite/fwx5deomrcw1,verified,https://jiuye.uestc.edu.cn/career/recruitment/onsite,
b67d274c9bbc65cd30e0af62248fff087ba94d1e3b448a6674f2a5cf779a2ba5,2026-09-03 22:04:41,2026-09-03 22:04:41,现场招聘,北京风华创智科技有限公司,给梦想一颗澎湃的芯-芯动科技2027届校园招聘正式批火热开启,GPU软件工程师(vulkan方向),2026-09-01 16:42:32,2026-09-17,其他(具体查看招聘信息),2026-09-17,15:00,17:00,【清】立人楼B120,本科、硕士、博士,,,,https://innosilicon.zhiye.com/Campus,https://jiuye.uestc.edu.cn/career/recruitment/onsite/fwx5deomrcw1,verified,https://jiuye.uestc.edu.cn/career/recruitment/onsite,
1ac059768e2da7cfa6aed964cd3dcdab3ffec34beba568bab296d086eb508bc3,2026-09-03 22:04:41,2026-09-03 22:04:41,现场招聘,北京风华创智科技有限公司,给梦想一颗澎湃的芯-芯动科技2027届校园招聘正式批火热开启,GPU编译器工程师,2026-09-01 16:42:32,2026-09-17,其他(具体查看招聘信息),2026-09-17,15:00,17:00,【清】立人楼B120,本科、硕士、博士,,,,https://innosilicon.zhiye.com/Campus,https://jiuye.uestc.edu.cn/career/recruitment/onsite/fwx5deomrcw1,verified,https://jiuye.uestc.edu.cn/career/recruitment/onsite,
230bbad67f9520d3f53e123fb08127aac7224dd6eddeddbf8cfeb38b54f5475f,2026-09-03 22:04:41,2026-09-03 22:04:41,现场招聘,北京风华创智科技有限公司,给梦想一颗澎湃的芯-芯动科技2027届校园招聘正式批火热开启,DDR-IP用例开发工程师,2026-09-01 16:42:32,2026-09-17,其他(具体查看招聘信息),2026-09-17,15:00,17:00,【清】立人楼B120,本科、硕士、博士,,,,https://innosilicon.zhiye.com/Campus,https://jiuye.uestc.edu.cn/career/recruitment/onsite/fwx5deomrcw1,verified,https://jiuye.uestc.edu.cn/career/recruitment/onsite,
f5f3b116e8743b87619175dfbb6bb74b54507e0db704f40a9da75b61eafd2aab,2026-09-03 22:04:41,2026-09-03 22:04:41,现场招聘,北京风华创智科技有限公司,给梦想一颗澎湃的芯-芯动科技2027届校园招聘正式批火热开启,DSP算法及建模工程师,2026-09-01 16:42:32,2026-09-17,其他(具体查看招聘信息),2026-09-17,15:00,17:00,【清】立人楼B120,本科、硕士、博士,,,,https://innosilicon.zhiye.com/Campus,https://jiuye.uestc.edu.cn/career/recruitment/onsite/fwx5deomrcw1,verified,https://jiuye.uestc.edu.cn/career/recruitment/onsite,
199ff54f95a3f97b7cf49d4264ee800993d5aa1592722b315ccd270780b980ef,2026-09-03 22:04:41,2026-09-03 22:04:41,现场招聘,北京风华创智科技有限公司,给梦想一颗澎湃的芯-芯动科技2027届校园招聘正式批火热开启,图形算法工程师,2026-09-01 16:42:32,2026-09-17,其他(具体查看招聘信息),2026-09-17,15:00,17:00,【清】立人楼B120,本科、硕士、博士,,,,https://innosilicon.zhiye.com/Campus,https://jiuye.uestc.edu.cn/career/recruitment/onsite/fwx5deomrcw1,verified,https://jiuye.uestc.edu.cn/career/recruitment/onsite,
b0801f8b96b72502ebc1da60d38b1eb776ae25b6343ed603365198f407f13b73,2026-09-03 22:04:41,2026-09-03 22:04:41,现场招聘,北京风华创智科技有限公司,给梦想一颗澎湃的芯-芯动科技2027届校园招聘正式批火热开启,高性能计算工程师,2026-09-01 16:42:32,2026-09-17,其他(具体查看招聘信息),2026-09-17,15:00,17:00,【清】立人楼B120,本科、硕士、博士,,,,https://innosilicon.zhiye.com/Campus,https://jiuye.uestc.edu.cn/career/recruitment/onsite/fwx5deomrcw1,verified,https://jiuye.uestc.edu.cn/career/recruitment/onsite,
a7682f8d8e2a842aad12e966ecb175d496248f4752d9213aa5e80b45a91ebdc0,2026-09-03 22:04:41,2026-09-03 22:04:41,现场招聘,北京风华创智科技有限公司,给梦想一颗澎湃的芯-芯动科技2027届校园招聘正式批火热开启,架构建模工程师,2026-09-01 16:42:32,2026-09-17,其他(具体查看招聘信息),2026-09-17,15:00,17:00,【清】立人楼B120,本科、硕士、博士,,,,https://innosilicon.zhiye.com/Campus,https://jiuye.uestc.edu.cn/career/recruitment/onsite/fwx5deomrcw1,verified,https://jiuye.uestc.edu.cn/career/recruitment/onsite,
a52c77013e3218389609b63d98218034f24cb19dfe152046610ceb3aac92a00d,2026-09-03 22:04:41,2026-09-03 22:04:41,现场招聘,北京风华创智科技有限公司,给梦想一颗澎湃的芯-芯动科技2027届校园招聘正式批火热开启,AI软件栈工程师,2026-09-01 16:42:32,2026-09-17,其他(具体查看招聘信息),2026-09-17,15:00,17:00,【清】立人楼B120,本科、硕士、博士,,,,https://innosilicon.zhiye.com/Campus,https://jiuye.uestc.edu.cn/career/recruitment/onsite/fwx5deomrcw1,verified,https://jiuye.uestc.edu.cn/career/recruitment/onsite,
64e87d64c7bbb4a680fa63508ed66d6bf33857aa58717a9ece7ab7deddbdf932,2026-09-03 22:04:41,2026-09-03 22:04:41,现场招聘,北京风华创智科技有限公司,给梦想一颗澎湃的芯-芯动科技2027届校园招聘正式批火热开启,嵌入式软件工程师,2026-09-01 16:42:32,2026-09-17,其他(具体查看招聘信息),2026-09-17,15:00,17:00,【清】立人楼B120,本科、硕士、博士,,,,https://innosilicon.zhiye.com/Campus,https://jiuye.uestc.edu.cn/career/recruitment/onsite/fwx5deomrcw1,verified,https://jiuye.uestc.edu.cn/career/recruitment/onsite,
22e9ceb5f87e3155d514c4fb51632111125fdae271e6104e1be219f8bd280a46,2026-09-03 22:04:41,2026-09-03 22:04:41,现场招聘,北京风华创智科技有限公司,给梦想一颗澎湃的芯-芯动科技2027届校园招聘正式批火热开启,硬件工程师,2026-09-01 16:42:32,2026-09-17,其他(具体查看招聘信息),2026-09-17,15:00,17:00,【清】立人楼B120,本科、硕士、博士,,,,https://innosilicon.zhiye.com/Campus,https://jiuye.uestc.edu.cn/career/recruitment/onsite/fwx5deomrcw1,verified,https://jiuye.uestc.edu.cn/career/recruitment/onsite,
de4302ebd593fa7a72e0dd74381b8164a1365d1917021252bfdde3566cfffb28,2026-09-03 22:04:41,2026-09-03 22:04:41,现场招聘,北京风华创智科技有限公司,给梦想一颗澎湃的芯-芯动科技2027届校园招聘正式批火热开启,系统测试开发工程师,2026-09-01 16:42:32,2026-09-17,其他(具体查看招聘信息),2026-09-17,15:00,17:00,【清】立人楼B120,本科、硕士、博士,,,,https://innosilicon.zhiye.com/Campus,https://jiuye.uestc.edu.cn/career/recruitment/onsite/fwx5deomrcw1,verified,https://jiuye.uestc.edu.cn/career/recruitment/onsite,
ac260d88b2266a4f6d552632223d66c5bfe3af6d7d5d4e7f210844f757407d8d,2026-09-03 22:04:41,2026-09-03 22:04:41,现场招聘,北京风华创智科技有限公司,给梦想一颗澎湃的芯-芯动科技2027届校园招聘正式批火热开启,数字IC后端工程师,2026-09-01 16:42:32,2026-09-17,其他(具体查看招聘信息),2026-09-17,15:00,17:00,【清】立人楼B120,本科、硕士、博士,,,,https://innosilicon.zhiye.com/Campus,https://jiuye.uestc.edu.cn/career/recruitment/onsite/fwx5deomrcw1,verified,https://jiuye.uestc.edu.cn/career/recruitment/onsite,
d886a7e05a4a2002763db37a8b3515bb0752a8dbb064b7ed1b80d1c369fed72f,2026-09-03 22:04:41,2026-09-03 22:04:41,现场招聘,北京风华创智科技有限公司,给梦想一颗澎湃的芯-芯动科技2027届校园招聘正式批火热开启,版图设计工程师,2026-09-01 16:42:32,2026-09-17,其他(具体查看招聘信息),2026-09-17,15:00,17:00,【清】立人楼B120,本科、硕士、博士,,,,https://innosilicon.zhiye.com/Campus,https://jiuye.uestc.edu.cn/career/recruitment/onsite/fwx5deomrcw1,verified,https://jiuye.uestc.edu.cn/career/recruitment/onsite,
0513acd182429e6701a811ed087e0b842d1b4273ccba95857db969507ed3db32,2026-09-03 22:04:41,2026-09-03 22:04:41,现场招聘,北京风华创智科技有限公司,给梦想一颗澎湃的芯-芯动科技2027届校园招聘正式批火热开启,总裁办管培生,2026-09-01 16:42:32,2026-09-17,其他(具体查看招聘信息),2026-09-17,15:00,17:00,【清】立人楼B120,本科、硕士、博士,,,,https://innosilicon.zhiye.com/Campus,https://jiuye.uestc.edu.cn/career/recruitment/onsite/fwx5deomrcw1,verified,https://jiuye.uestc.edu.cn/career/recruitment/onsite,
9f86abc43a29a033fd73c081074060f53705c7f3cbf255a067511adff3719802,2026-09-03 22:04:41,2026-09-03 22:04:41,现场招聘,北京风华创智科技有限公司,给梦想一颗澎湃的芯-芯动科技2027届校园招聘正式批火热开启,文案策划管培生,2026-09-01 16:42:32,2026-09-17,其他(具体查看招聘信息),2026-09-17,15:00,17:00,【清】立人楼B120,本科、硕士、博士,,,,https://innosilicon.zhiye.com/Campus,https://jiuye.uestc.edu.cn/career/recruitment/onsite/fwx5deomrcw1,verified,https://jiuye.uestc.edu.cn/career/recruitment/onsite,
2b0d0f1bae41b30e442f474d7167de541021cdf0e3332cd3589f23304b3021ab,2026-09-03 22:04:41,2026-09-03 22:04:41,现场招聘,北京风华创智科技有限公司,给梦想一颗澎湃的芯-芯动科技2027届校园招聘正式批火热开启,市场管培生,2026-09-01 16:42:32,2026-09-17,其他(具体查看招聘信息),2026-09-17,15:00,17:00,【清】立人楼B120,本科、硕士、博士,,,,https://innosilicon.zhiye.com/Campus,https://jiuye.uestc.edu.cn/career/recruitment/onsite/fwx5deomrcw1,verified,https://jiuye.uestc.edu.cn/career/recruitment/onsite,
9c0c3674c1da54da35225de3268388a3b3bdc8ff73bb6b574a05a4e11930d199,2026-09-03 22:04:41,2026-09-03 22:04:41,现场招聘,杭州海康威视数字技术股份有限公司,海康威视微影传感2027校园招聘,未明确列出,2026-09-02 18:05:20,2026-09-17,浙江省:杭州市,2026-09-17,15:00,17:00,【清】品学楼B205,硕士、本科,,,,,https://jiuye.uestc.edu.cn/career/recruitment/onsite/fx10mmo4gu0y,verified,https://jiuye.uestc.edu.cn/career/recruitment/onsite,
92984801d370cf223e81c29c95706c14b1f8ce7dee20c050c0019bdf62f9231a,2026-09-03 22:04:41,2026-09-03 22:04:41,现场招聘,深圳市江波龙电子股份有限公司,江波龙2027届全球校园招聘简章,模拟IC设计工程师,2026-08-31 13:56:49,2026-09-17,成都、上海、中山,2026-09-17,15:00,17:00,【清】立人楼B118,硕士,集成电路、微电子、电子信息、计算机等,,,https://longsys.zhiye.com/campus/jobs,https://jiuye.uestc.edu.cn/career/recruitment/onsite/fwtbec596lmq,verified,https://jiuye.uestc.edu.cn/career/recruitment/onsite,
a6b5fc68ac9aff6318904292835e460e5ae2c078e027ee4f78ae8c0ca9c01ad2,2026-09-03 22:04:41,2026-09-03 22:04:41,现场招聘,深圳市江波龙电子股份有限公司,江波龙2027届全球校园招聘简章,数字IC验证工程师,2026-08-31 13:56:49,2026-09-17,成都、上海、中山,2026-09-17,15:00,17:00,【清】立人楼B118,硕士,集成电路、微电子、电子信息、计算机等,,,https://longsys.zhiye.com/campus/jobs,https://jiuye.uestc.edu.cn/career/recruitment/onsite/fwtbec596lmq,verified,https://jiuye.uestc.edu.cn/career/recruitment/onsite,
a8b30fe8b44709cbd0786c72ec06a27a61abaf53b2b9532924a9c0e4dd87585e,2026-09-03 22:04:41,2026-09-03 22:04:41,现场招聘,深圳市江波龙电子股份有限公司,江波龙2027届全球校园招聘简章,数字IC设计工程师,2026-08-31 13:56:49,2026-09-17,成都、上海、中山,2026-09-17,15:00,17:00,【清】立人楼B118,硕士,集成电路、微电子、电子信息、计算机等,,,https://longsys.zhiye.com/campus/jobs,https://jiuye.uestc.edu.cn/career/recruitment/onsite/fwtbec596lmq,verified,https://jiuye.uestc.edu.cn/career/recruitment/onsite,
2ba2da8f5ebcd695090c6af1d6024ab2ac9d7fa99c4011a4e6d332ed20addb75,2026-09-03 22:04:41,2026-09-03 22:04:41,现场招聘,深圳市江波龙电子股份有限公司,江波龙2027届全球校园招聘简章,IC驱动开发工程师,2026-08-31 13:56:49,2026-09-17,成都、上海、中山,2026-09-17,15:00,17:00,【清】立人楼B118,硕士,集成电路、微电子、电子信息、计算机等,,,https://longsys.zhiye.com/campus/jobs,https://jiuye.uestc.edu.cn/career/recruitment/onsite/fwtbec596lmq,verified,https://jiuye.uestc.edu.cn/career/recruitment/onsite,
85bd9dd730631ca33a37264b7484d56da12366370ebb0f1b8f1554940727446c,2026-09-03 22:04:41,2026-09-03 22:04:41,现场招聘,深圳市江波龙电子股份有限公司,江波龙2027届全球校园招聘简章,IC硬件测试工程师,2026-08-31 13:56:49,2026-09-17,成都、上海、中山,2026-09-17,15:00,17:00,【清】立人楼B118,硕士,集成电路、微电子、电子信息、计算机等,,,https://longsys.zhiye.com/campus/jobs,https://jiuye.uestc.edu.cn/career/recruitment/onsite/fwtbec596lmq,verified,https://jiuye.uestc.edu.cn/career/recruitment/onsite,
ec6d744927e0009138eea639a33e9c17b551eac9f06c9188f9e15776d83f7c22,2026-09-03 22:04:41,2026-09-03 22:04:41,现场招聘,深圳市江波龙电子股份有限公司,江波龙2027届全球校园招聘简章,IC实现工程师,2026-08-31 13:56:49,2026-09-17,成都、上海、中山,2026-09-17,15:00,17:00,【清】立人楼B118,硕士,集成电路、微电子、电子信息、计算机等,,,https://longsys.zhiye.com/campus/jobs,https://jiuye.uestc.edu.cn/career/recruitment/onsite/fwtbec596lmq,verified,https://jiuye.uestc.edu.cn/career/recruitment/onsite,
e47ed22f285a369a5e8dd188a2a1e58269809788ae04ae907fbce5dfb214edc1,2026-09-03 22:04:41,2026-09-03 22:04:41,现场招聘,深圳市江波龙电子股份有限公司,江波龙2027届全球校园招聘简章,算法工程师(IC),2026-08-31 13:56:49,2026-09-17,成都、上海、中山,2026-09-17,15:00,17:00,【清】立人楼B118,硕士,集成电路、微电子、电子信息、计算机等,,,https://longsys.zhiye.com/campus/jobs,https://jiuye.uestc.edu.cn/career/recruitment/onsite/fwtbec596lmq,verified,https://jiuye.uestc.edu.cn/career/recruitment/onsite,
584926d199f836a52ddb237005405b8a1d77867172e8eced4c23ad62be398e7b,2026-09-03 22:04:41,2026-09-03 22:04:41,现场招聘,深圳市江波龙电子股份有限公司,江波龙2027届全球校园招聘简章,闪存算法工程师,2026-08-31 13:56:49,2026-09-17,上海,2026-09-17,15:00,17:00,【清】立人楼B118,硕士,集成电路、微电子、电子信息、计算机、通信工程等,,,https://longsys.zhiye.com/campus/jobs,https://jiuye.uestc.edu.cn/career/recruitment/onsite/fwtbec596lmq,verified,https://jiuye.uestc.edu.cn/career/recruitment/onsite,
3c05fe482444ce5b62da0e34b5aa804145a6c733cadc32573d68d62a3a2c6b8d,2026-09-03 22:04:41,2026-09-03 22:04:41,现场招聘,深圳市江波龙电子股份有限公司,江波龙2027届全球校园招聘简章,嵌入式软件开发工程师,2026-08-31 13:56:49,2026-09-17,中山、上海、成都、深圳、珠海,2026-09-17,15:00,17:00,【清】立人楼B118,硕士,电子信息、计算机、通信工程、仪器仪表等,,,https://longsys.zhiye.com/campus/jobs,https://jiuye.uestc.edu.cn/career/recruitment/onsite/fwtbec596lmq,verified,https://jiuye.uestc.edu.cn/career/recruitment/onsite,
3a3a6551da304cccbeb8a2e8bc731dd953f6c0000e479f437f953b6ad31d2348,2026-09-03 22:04:41,2026-09-03 22:04:41,现场招聘,深圳市江波龙电子股份有限公司,江波龙2027届全球校园招聘简章,应用软件开发工程师,2026-08-31 13:56:49,2026-09-17,中山、上海、成都、深圳、珠海,2026-09-17,15:00,17:00,【清】立人楼B118,硕士,电子信息、计算机、通信工程、仪器仪表等,,,https://longsys.zhiye.com/campus/jobs,https://jiuye.uestc.edu.cn/career/recruitment/onsite/fwtbec596lmq,verified,https://jiuye.uestc.edu.cn/career/recruitment/onsite,
4d864d5b187a2af4c6a1cdf954a7b0aea8995af0814e36f498410fef5002a904,2026-09-03 22:04:41,2026-09-03 22:04:41,现场招聘,深圳市江波龙电子股份有限公司,江波龙2027届全球校园招聘简章,测试开发工程师,2026-08-31 13:56:49,2026-09-17,中山、上海、成都、深圳、珠海,2026-09-17,15:00,17:00,【清】立人楼B118,硕士,电子信息、计算机、通信工程、仪器仪表等,,,https://longsys.zhiye.com/campus/jobs,https://jiuye.uestc.edu.cn/career/recruitment/onsite/fwtbec596lmq,verified,https://jiuye.uestc.edu.cn/career/recruitment/onsite,
003531a72b287985a24b28d9b5e072e9952a043468e25307caa74b0061f507b1,2026-09-03 22:04:41,2026-09-03 22:04:41,现场招聘,深圳市江波龙电子股份有限公司,江波龙2027届全球校园招聘简章,系统工程师,2026-08-31 13:56:49,2026-09-17,中山、上海、成都、深圳、珠海,2026-09-17,15:00,17:00,【清】立人楼B118,硕士,电子信息、计算机、通信工程、仪器仪表等,,,https://longsys.zhiye.com/campus/jobs,https://jiuye.uestc.edu.cn/career/recruitment/onsite/fwtbec596lmq,verified,https://jiuye.uestc.edu.cn/career/recruitment/onsite,
3785a4f3f2b36e0bf2849770dadba4c2688d089ea97989cf024d2ddddb8d7dd6,2026-09-03 22:04:41,2026-09-03 22:04:41,现场招聘,深圳市江波龙电子股份有限公司,江波龙2027届全球校园招聘简章,介质分析工程师,2026-08-31 13:56:49,2026-09-17,中山、上海,2026-09-17,15:00,17:00,【清】立人楼B118,硕士,通信工程、机械、自动化、电子信息等,,,https://longsys.zhiye.com/campus/jobs,https://jiuye.uestc.edu.cn/career/recruitment/onsite/fwtbec596lmq,verified,https://jiuye.uestc.edu.cn/career/recruitment/onsite,
54b41914718197aa2de2f3304c238ca6f7ad06c49f20fe3b07f681f54027c172,2026-09-03 22:04:41,2026-09-03 22:04:41,现场招聘,深圳市江波龙电子股份有限公司,江波龙2027届全球校园招聘简章,硬件开发工程师,2026-08-31 13:56:49,2026-09-17,中山、上海,2026-09-17,15:00,17:00,【清】立人楼B118,硕士,通信工程、机械、自动化、电子信息等,,,https://longsys.zhiye.com/campus/jobs,https://jiuye.uestc.edu.cn/career/recruitment/onsite/fwtbec596lmq,verified,https://jiuye.uestc.edu.cn/career/recruitment/onsite,
ba7960d03f3025dbff5834e2b7168881a9bf4cd5ad671755139d993228ce4b25,2026-09-03 22:04:41,2026-09-03 22:04:41,现场招聘,深圳市江波龙电子股份有限公司,江波龙2027届全球校园招聘简章,结构工程师,2026-08-31 13:56:49,2026-09-17,中山、上海,2026-09-17,15:00,17:00,【清】立人楼B118,硕士,通信工程、机械、自动化、电子信息等,,,https://longsys.zhiye.com/campus/jobs,https://jiuye.uestc.edu.cn/career/recruitment/onsite/fwtbec596lmq,verified,https://jiuye.uestc.edu.cn/career/recruitment/onsite,
f926dc66f018cdd5bc89fb7642265b7a863948f9687185a9b8685b651199722b,2026-09-03 22:04:41,2026-09-03 22:04:41,现场招聘,深圳市江波龙电子股份有限公司,江波龙2027届全球校园招聘简章,硬件应用工程师,2026-08-31 13:56:49,2026-09-17,中山、上海,2026-09-17,15:00,17:00,【清】立人楼B118,硕士,通信工程、机械、自动化、电子信息等,,,https://longsys.zhiye.com/campus/jobs,https://jiuye.uestc.edu.cn/career/recruitment/onsite/fwtbec596lmq,verified,https://jiuye.uestc.edu.cn/career/recruitment/onsite,
4e88070420deca533989d802e293d267ada592f58e1448885098636dcfcf0fe5,2026-09-03 22:04:41,2026-09-03 22:04:41,现场招聘,深圳市江波龙电子股份有限公司,江波龙2027届全球校园招聘简章,料件认证工程师,2026-08-31 13:56:49,2026-09-17,中山、上海,2026-09-17,15:00,17:00,【清】立人楼B118,硕士,通信工程、机械、自动化、电子信息等,,,https://longsys.zhiye.com/campus/jobs,https://jiuye.uestc.edu.cn/career/recruitment/onsite/fwtbec596lmq,verified,https://jiuye.uestc.edu.cn/career/recruitment/onsite,
9668d9e5bcb41f20e6afb745f12e23f590c8ca9f16b731bc4bbfe9ddba8fd719,2026-09-03 22:04:41,2026-09-03 22:04:41,现场招聘,深圳市江波龙电子股份有限公司,江波龙2027届全球校园招聘简章,软件测试工程师,2026-08-31 13:56:49,2026-09-17,中山、上海、成都、深圳、珠海,2026-09-17,15:00,17:00,【清】立人楼B118,硕士,计算机、软件、电子、通信、机械、自动化、测控等,,,https://longsys.zhiye.com/campus/jobs,https://jiuye.uestc.edu.cn/career/recruitment/onsite/fwtbec596lmq,verified,https://jiuye.uestc.edu.cn/career/recruitment/onsite,
ae0377ed305f9a72b5d1c4b6d1242b1fdee0c855ca13ceb1b795f530760082b1,2026-09-03 22:04:41,2026-09-03 22:04:41,现场招聘,深圳市江波龙电子股份有限公司,江波龙2027届全球校园招聘简章,硬件测试工程师,2026-08-31 13:56:49,2026-09-17,中山、上海、成都、深圳、珠海,2026-09-17,15:00,17:00,【清】立人楼B118,硕士,计算机、软件、电子、通信、机械、自动化、测控等,,,https://longsys.zhiye.com/campus/jobs,https://jiuye.uestc.edu.cn/career/recruitment/onsite/fwtbec596lmq,verified,https://jiuye.uestc.edu.cn/career/recruitment/onsite,
807320d5de534118d7da56aad89e8851c389a9b176c147ce6f3693fbeb9b4091,2026-09-03 22:04:41,2026-09-03 22:04:41,现场招聘,深圳市江波龙电子股份有限公司,江波龙2027届全球校园招聘简章,可靠性工程师,2026-08-31 13:56:49,2026-09-17,中山、上海、成都、深圳、珠海,2026-09-17,15:00,17:00,【清】立人楼B118,硕士,计算机、软件、电子、通信、机械、自动化、测控等,,,https://longsys.zhiye.com/campus/jobs,https://jiuye.uestc.edu.cn/career/recruitment/onsite/fwtbec596lmq,verified,https://jiuye.uestc.edu.cn/career/recruitment/onsite,
f09f02533d7ccfc1e672d95694498c16ea76567466de0f239b8f40b732fc5e52,2026-09-03 22:04:41,2026-09-03 22:04:41,现场招聘,深圳市江波龙电子股份有限公司,江波龙2027届全球校园招聘简章,DRAMCP测试工程师,2026-08-31 13:56:49,2026-09-17,中山、上海、成都、深圳、珠海,2026-09-17,15:00,17:00,【清】立人楼B118,硕士,计算机、软件、电子、通信、机械、自动化、测控等,,,https://longsys.zhiye.com/campus/jobs,https://jiuye.uestc.edu.cn/career/recruitment/onsite/fwtbec596lmq,verified,https://jiuye.uestc.edu.cn/career/recruitment/onsite,
5ef748a7b712b19ea5e03fdb59e1e51eda6065e4b3b1b8623da0eb8fcb6bd0aa,2026-09-03 22:04:41,2026-09-03 22:04:41,现场招聘,深圳市江波龙电子股份有限公司,江波龙2027届全球校园招聘简章,产品专员、项目专员、商务专员、FAE,2026-08-31 13:56:49,2026-09-17,中山、深圳、上海,2026-09-17,15:00,17:00,【清】立人楼B118,硕士,计算机、软件、电子、通信、机械、自动化、测控等,,,https://longsys.zhiye.com/campus/jobs,https://jiuye.uestc.edu.cn/career/recruitment/onsite/fwtbec596lmq,verified,https://jiuye.uestc.edu.cn/career/recruitment/onsite,
e499cebdc5aecbf0bdf6f2e536c19a5e2a223d832e66710f9eab1e5d4e3c30b8,2026-09-03 22:04:41,2026-09-03 22:04:41,现场招聘,深圳市江波龙电子股份有限公司,江波龙2027届全球校园招聘简章,封装工艺工程师,2026-08-31 13:56:49,2026-09-17,中山、珠海,2026-09-17,15:00,17:00,【清】立人楼B118,硕士,微电子、集成电路、半导体物理、材料、光电、应物、机电、自动化、电气、电子信机械、工业工程等,,,https://longsys.zhiye.com/campus/jobs,https://jiuye.uestc.edu.cn/career/recruitment/onsite/fwtbec596lmq,verified,https://jiuye.uestc.edu.cn/career/recruitment/onsite,
e6cc1f5806f96810b312bd2c18f4bff21382c030971df9b45abd9e1d8001bf8e,2026-09-03 22:04:41,2026-09-03 22:04:41,现场招聘,深圳市江波龙电子股份有限公司,江波龙2027届全球校园招聘简章,量产测试工艺工程师,2026-08-31 13:56:49,2026-09-17,中山、珠海,2026-09-17,15:00,17:00,【清】立人楼B118,硕士,微电子、集成电路、半导体物理、材料、光电、应物、机电、自动化、电气、电子信机械、工业工程等,,,https://longsys.zhiye.com/campus/jobs,https://jiuye.uestc.edu.cn/career/recruitment/onsite/fwtbec596lmq,verified,https://jiuye.uestc.edu.cn/career/recruitment/onsite,
8adc4029a8e9192082877930fb71eb43754d7a52875080db2a9b873797f3024a,2026-09-03 22:04:41,2026-09-03 22:04:41,现场招聘,深圳市江波龙电子股份有限公司,江波龙2027届全球校园招聘简章,IE工程师,2026-08-31 13:56:49,2026-09-17,中山、珠海,2026-09-17,15:00,17:00,【清】立人楼B118,硕士,微电子、集成电路、半导体物理、材料、光电、应物、机电、自动化、电气、电子信机械、工业工程等,,,https://longsys.zhiye.com/campus/jobs,https://jiuye.uestc.edu.cn/career/recruitment/onsite/fwtbec596lmq,verified,https://jiuye.uestc.edu.cn/career/recruitment/onsite,
ae37627274ca57d8b2ea5f2ab4d024a669923a55482346a883d762de427becd9,2026-09-03 22:04:41,2026-09-03 22:04:41,现场招聘,深圳市江波龙电子股份有限公司,江波龙2027届全球校园招聘简章,生产计划专员,2026-08-31 13:56:49,2026-09-17,中山、珠海,2026-09-17,15:00,17:00,【清】立人楼B118,硕士,微电子、集成电路、半导体物理、材料、光电、应物、机电、自动化、电气、电子信机械、工业工程等,,,https://longsys.zhiye.com/campus/jobs,https://jiuye.uestc.edu.cn/career/recruitment/onsite/fwtbec596lmq,verified,https://jiuye.uestc.edu.cn/career/recruitment/onsite,
1407da860f7e32c5d400f04b0b57ce304802175add8cb061d71e050ff1f9c7bf,2026-09-03 22:04:41,2026-09-03 22:04:41,现场招聘,深圳市江波龙电子股份有限公司,江波龙2027届全球校园招聘简章,IQC工程师,2026-08-31 13:56:49,2026-09-17,中山、珠海,2026-09-17,15:00,17:00,【清】立人楼B118,硕士,微电子、集成电路、半导体物理、材料、光电、应物、机电、自动化、电气、电子信机械、工业工程等,,,https://longsys.zhiye.com/campus/jobs,https://jiuye.uestc.edu.cn/career/recruitment/onsite/fwtbec596lmq,verified,https://jiuye.uestc.edu.cn/career/recruitment/onsite,
185bf84dd588482141c3190e939e546dc47c2e65e55a1b463da8e9456b3f6ce2,2026-09-03 22:04:41,2026-09-03 22:04:41,现场招聘,深圳市江波龙电子股份有限公司,江波龙2027届全球校园招聘简章,BOM工程师,2026-08-31 13:56:49,2026-09-17,中山、珠海,2026-09-17,15:00,17:00,【清】立人楼B118,硕士,微电子、集成电路、半导体物理、材料、光电、应物、机电、自动化、电气、电子信机械、工业工程等,,,https://longsys.zhiye.com/campus/jobs,https://jiuye.uestc.edu.cn/career/recruitment/onsite/fwtbec596lmq,verified,https://jiuye.uestc.edu.cn/career/recruitment/onsite,
097c74f9b7902bffe8b825b5136e88180d9760ace422323097b91e22df72103d,2026-09-03 22:04:41,2026-09-03 22:04:41,现场招聘,深圳市江波龙电子股份有限公司,江波龙2027届全球校园招聘简章,设备工程师,2026-08-31 13:56:49,2026-09-17,中山、珠海,2026-09-17,15:00,17:00,【清】立人楼B118,硕士,微电子、集成电路、半导体物理、材料、光电、应物、机电、自动化、电气、电子信机械、工业工程等,,,https://longsys.zhiye.com/campus/jobs,https://jiuye.uestc.edu.cn/career/recruitment/onsite/fwtbec596lmq,verified,https://jiuye.uestc.edu.cn/career/recruitment/onsite,
a7e224bf50ae21d21b27dc93d121adb50e21e1fd2b008f7530fa9f11810fa03c,2026-09-03 22:04:41,2026-09-03 22:04:41,现场招聘,深圳市江波龙电子股份有限公司,江波龙2027届全球校园招聘简章,质量工程师,2026-08-31 13:56:49,2026-09-17,中山、珠海,2026-09-17,15:00,17:00,【清】立人楼B118,硕士,微电子、集成电路、半导体物理、材料、光电、应物、机电、自动化、电气、电子信机械、工业工程等,,,https://longsys.zhiye.com/campus/jobs,https://jiuye.uestc.edu.cn/career/recruitment/onsite/fwtbec596lmq,verified,https://jiuye.uestc.edu.cn/career/recruitment/onsite,
3aeedf11ac0b1e5aa0f8ffdd1a12f8f39964d7e9c0ffe93ab4d9d3350f77a7cd,2026-09-03 22:04:41,2026-09-03 22:04:41,现场招聘,深圳市江波龙电子股份有限公司,江波龙2027届全球校园招聘简章,市场专员,2026-08-31 13:56:49,2026-09-17,中山、深圳、上海,2026-09-17,15:00,17:00,【清】立人楼B118,硕士,计算机、软件、电子、通信、机械、自动化、测控、市场营销等,,,https://longsys.zhiye.com/campus/jobs,https://jiuye.uestc.edu.cn/career/recruitment/onsite/fwtbec596lmq,verified,https://jiuye.uestc.edu.cn/career/recruitment/onsite,
837964c77d5c54ca50ec6a09038e7fc2f26e0c28144a4fd5e9defcc0c10e8815,2026-09-03 22:04:41,2026-09-03 22:04:41,现场招聘,深圳市江波龙电子股份有限公司,江波龙2027届全球校园招聘简章,销售专员,2026-08-31 13:56:49,2026-09-17,中山、深圳、上海,2026-09-17,15:00,17:00,【清】立人楼B118,硕士,计算机、软件、电子、通信、机械、自动化、测控、市场营销等,,,https://longsys.zhiye.com/campus/jobs,https://jiuye.uestc.edu.cn/career/recruitment/onsite/fwtbec596lmq,verified,https://jiuye.uestc.edu.cn/career/recruitment/onsite,
10fd03fc33892ba92946af3f71dc8e0953f8ce11b3e5604ea777012955a1d78e,2026-09-03 22:04:41,2026-09-03 22:04:41,现场招聘,深圳市江波龙电子股份有限公司,江波龙2027届全球校园招聘简章,采购专员,2026-08-31 13:56:49,2026-09-17,中山、深圳、珠海,2026-09-17,15:00,17:00,【清】立人楼B118,硕士,工业工程、供应链、物流管理等,,,https://longsys.zhiye.com/campus/jobs,https://jiuye.uestc.edu.cn/career/recruitment/onsite/fwtbec596lmq,verified,https://jiuye.uestc.edu.cn/career/recruitment/onsite,
d7d8701d685bb04e7f3b3979a723c6856b941b85f276f5f26840bc9d582db3ad,2026-09-03 22:04:41,2026-09-03 22:04:41,现场招聘,深圳市江波龙电子股份有限公司,江波龙2027届全球校园招聘简章,关务专员,2026-08-31 13:56:49,2026-09-17,中山、深圳、珠海,2026-09-17,15:00,17:00,【清】立人楼B118,硕士,工业工程、供应链、物流管理等,,,https://longsys.zhiye.com/campus/jobs,https://jiuye.uestc.edu.cn/career/recruitment/onsite/fwtbec596lmq,verified,https://jiuye.uestc.edu.cn/career/recruitment/onsite,
094c5b8e72007a63569b5beca1be8bb7d9510910db031871e5bb2caacb8889b6,2026-09-03 22:04:41,2026-09-03 22:04:41,现场招聘,深圳市江波龙电子股份有限公司,江波龙2027届全球校园招聘简章,海外HR专员,2026-08-31 13:56:49,2026-09-17,中山、深圳、上海,2026-09-17,15:00,17:00,【清】立人楼B118,硕士,工管、经管、葡萄牙语、社工、软件、信息管理等,,,https://longsys.zhiye.com/campus/jobs,https://jiuye.uestc.edu.cn/career/recruitment/onsite/fwtbec596lmq,verified,https://jiuye.uestc.edu.cn/career/recruitment/onsite,
308997716fbe4282185355a33312a36594c1b39c3db2873adf9814f123fa17c7,2026-09-03 22:04:41,2026-09-03 22:04:41,现场招聘,深圳市江波龙电子股份有限公司,江波龙2027届全球校园招聘简章,培训专员,2026-08-31 13:56:49,2026-09-17,中山、深圳、上海,2026-09-17,15:00,17:00,【清】立人楼B118,硕士,工管、经管、葡萄牙语、社工、软件、信息管理等,,,https://longsys.zhiye.com/campus/jobs,https://jiuye.uestc.edu.cn/career/recruitment/onsite/fwtbec596lmq,verified,https://jiuye.uestc.edu.cn/career/recruitment/onsite,
ffb51a6e1e4cd7145f28597e4dcca31502054f31b5ab2189bc9210e4ece24862,2026-09-03 22:04:41,2026-09-03 22:04:41,现场招聘,深圳市江波龙电子股份有限公司,江波龙2027届全球校园招聘简章,财务专员,2026-08-31 13:56:49,2026-09-17,中山、深圳、上海,2026-09-17,15:00,17:00,【清】立人楼B118,硕士,工管、经管、葡萄牙语、社工、软件、信息管理等,,,https://longsys.zhiye.com/campus/jobs,https://jiuye.uestc.edu.cn/career/recruitment/onsite/fwtbec596lmq,verified,https://jiuye.uestc.edu.cn/career/recruitment/onsite,
6a9b68bd6472cc0dd45571c77acfff3b3c189790b42db761e0f1b0eddcc8d432,2026-09-03 22:04:41,2026-09-03 22:04:41,现场招聘,深圳市江波龙电子股份有限公司,江波龙2027届全球校园招聘简章,IT软件工程师,2026-08-31 13:56:49,2026-09-17,中山、深圳、上海,2026-09-17,15:00,17:00,【清】立人楼B118,硕士,工管、经管、葡萄牙语、社工、软件、信息管理等,,,https://longsys.zhiye.com/campus/jobs,https://jiuye.uestc.edu.cn/career/recruitment/onsite/fwtbec596lmq,verified,https://jiuye.uestc.edu.cn/career/recruitment/onsite,
58783d41c2c31b8f708d543435187ed1910a9bfd1a53a83566d7201c2ae583e8,2026-09-03 22:04:41,2026-09-03 22:04:41,现场招聘,深圳市江波龙电子股份有限公司,江波龙2027届全球校园招聘简章,IT数据工程师,2026-08-31 13:56:49,2026-09-17,中山、深圳、上海,2026-09-17,15:00,17:00,【清】立人楼B118,硕士,工管、经管、葡萄牙语、社工、软件、信息管理等,,,https://longsys.zhiye.com/campus/jobs,https://jiuye.uestc.edu.cn/career/recruitment/onsite/fwtbec596lmq,verified,https://jiuye.uestc.edu.cn/career/recruitment/onsite,
077e2565f634981a0bb52abe3528a5370285353d6ed4e1bba793a49acd7456bd,2026-09-03 22:04:41,2026-09-03 22:04:41,现场招聘,深圳市江波龙电子股份有限公司,江波龙2027届全球校园招聘简章,行政专员,2026-08-31 13:56:49,2026-09-17,中山、深圳、上海,2026-09-17,15:00,17:00,【清】立人楼B118,硕士,工管、经管、葡萄牙语、社工、软件、信息管理等,,,https://longsys.zhiye.com/campus/jobs,https://jiuye.uestc.edu.cn/career/recruitment/onsite/fwtbec596lmq,verified,https://jiuye.uestc.edu.cn/career/recruitment/onsite,
97902fe0a5020dfe8c6a664a7b7ee8a9e03604161086f6e9e873f13381a78edf,2026-09-03 22:04:41,2026-09-03 22:04:41,现场招聘,深圳市鹏芯微集成电路制造有限公司,鹏芯微2027届校园招聘正式启动,未明确列出,2026-09-02 17:53:47,2026-09-17,广东省:深圳市,2026-09-17,15:00,17:00,【清】品学楼B109,硕士、博士,,,,,https://jiuye.uestc.edu.cn/career/recruitment/onsite/fx0mx4881mgy,verified,https://jiuye.uestc.edu.cn/career/recruitment/onsite,
1fbe6662467badaadb6173ab7e9f7f2cfb1d3de1f9d95ed64df7e296bb18a4d1,2026-09-03 22:04:41,2026-09-03 22:04:41,现场招聘,湖南国科微电子股份有限公司,国科微电子股份有限公司2027届校园招聘,ISP/AI ISP算法工程师,2026-08-31 18:57:27,2026-09-17,深圳/成都/长沙/杭州,2026-09-17,15:00,17:00,【清】品学楼B108,硕士,计算机/电子/自动化/光学类,,,,https://jiuye.uestc.edu.cn/career/recruitment/onsite/fwthx42qt1qa,verified,https://jiuye.uestc.edu.cn/career/recruitment/onsite,
c7d05403780c6d3a2bd2df93e38fe290c011d9ba65abb093aeb9c526a22aa2d1,2026-09-03 22:04:41,2026-09-03 22:04:41,现场招聘,湖南国科微电子股份有限公司,国科微电子股份有限公司2027届校园招聘,AI 算法工程师,2026-08-31 18:57:27,2026-09-17,深圳/长沙/成都,2026-09-17,15:00,17:00,【清】品学楼B108,硕士,计算机/软件/电子类,,,,https://jiuye.uestc.edu.cn/career/recruitment/onsite/fwthx42qt1qa,verified,https://jiuye.uestc.edu.cn/career/recruitment/onsite,
8bcfe59a33996f8e5bfffbddb481553c133d3e89a132d3412850a7f9dd48f236,2026-09-03 22:04:41,2026-09-03 22:04:41,现场招聘,湖南国科微电子股份有限公司,国科微电子股份有限公司2027届校园招聘,芯片设计/验证工程师,2026-08-31 18:57:27,2026-09-17,成都/长沙/杭州/上海/青岛,2026-09-17,15:00,17:00,【清】品学楼B108,硕士,微电子/集成电路/电子工程/通信工程/计算机类,,,,https://jiuye.uestc.edu.cn/career/recruitment/onsite/fwthx42qt1qa,verified,https://jiuye.uestc.edu.cn/career/recruitment/onsite,
3ae17046475cbfee269f2b17e29641efca3c6dbab7bf8d77b501277d57d78154,2026-09-03 22:04:41,2026-09-03 22:04:41,现场招聘,湖南国科微电子股份有限公司,国科微电子股份有限公司2027届校园招聘,FPGA验证工程师,2026-08-31 18:57:27,2026-09-17,深圳/长沙,2026-09-17,15:00,17:00,【清】品学楼B108,本科及以上,计算机/通信/电子/电气自动化类,,,,https://jiuye.uestc.edu.cn/career/recruitment/onsite/fwthx42qt1qa,verified,https://jiuye.uestc.edu.cn/career/recruitment/onsite,
6defe4dbb46aeb98947b42b045fba0daf8dff4ea98c7048e4284d6dac0e2ff6d,2026-09-03 22:04:41,2026-09-03 22:04:41,现场招聘,湖南国科微电子股份有限公司,国科微电子股份有限公司2027届校园招聘,FPGA版本设计工程师,2026-08-31 18:57:27,2026-09-17,深圳/长沙,2026-09-17,15:00,17:00,【清】品学楼B108,本科及以上,计算机/通信/电子/电气自动化类,,,,https://jiuye.uestc.edu.cn/career/recruitment/onsite/fwthx42qt1qa,verified,https://jiuye.uestc.edu.cn/career/recruitment/onsite,
f9094b5b9d4d03031618c1a03678ee4c39f3699a23185ca138e4e3054979ba92,2026-09-03 22:04:41,2026-09-03 22:04:41,现场招聘,湖南国科微电子股份有限公司,国科微电子股份有限公司2027届校园招聘,物理设计工程师,2026-08-31 18:57:27,2026-09-17,长沙/成都/青岛,2026-09-17,15:00,17:00,【清】品学楼B108,硕士,集成电路/微电子/通信类,,,,https://jiuye.uestc.edu.cn/career/recruitment/onsite/fwthx42qt1qa,verified,https://jiuye.uestc.edu.cn/career/recruitment/onsite,
f9163fe6b3ec939822000a96173737dee204f230ea983e9026edc4ff31825001,2026-09-03 22:04:41,2026-09-03 22:04:41,现场招聘,湖南国科微电子股份有限公司,国科微电子股份有限公司2027届校园招聘,可测性设计工程师,2026-08-31 18:57:27,2026-09-17,长沙/青岛,2026-09-17,15:00,17:00,【清】品学楼B108,硕士,电子/微电子/通信类,,,,https://jiuye.uestc.edu.cn/career/recruitment/onsite/fwthx42qt1qa,verified,https://jiuye.uestc.edu.cn/career/recruitment/onsite,
673b77458efa6bb10fff1931dd910bebd717de0d565bfdb0e98ae3936b695937,2026-09-03 22:04:41,2026-09-03 22:04:41,现场招聘,湖南国科微电子股份有限公司,国科微电子股份有限公司2027届校园招聘,芯片中端设计工程师,2026-08-31 18:57:27,2026-09-17,长沙/成都/青岛,2026-09-17,15:00,17:00,【清】品学楼B108,硕士,电子/通信/微电子学/固体电子学类,,,,https://jiuye.uestc.edu.cn/career/recruitment/onsite/fwthx42qt1qa,verified,https://jiuye.uestc.edu.cn/career/recruitment/onsite,
afb062501b107d34a8c1567ca0840199a687c1207feced42565f1d564bf3c2bc,2026-09-03 22:04:41,2026-09-03 22:04:41,现场招聘,湖南国科微电子股份有限公司,国科微电子股份有限公司2027届校园招聘,SIPI工程师,2026-08-31 18:57:27,2026-09-17,深圳,2026-09-17,15:00,17:00,【清】品学楼B108,硕士,电磁场/微波/射频/模拟电路/通信类,,,,https://jiuye.uestc.edu.cn/career/recruitment/onsite/fwthx42qt1qa,verified,https://jiuye.uestc.edu.cn/career/recruitment/onsite,
04ced1745e7baaed73eaac8fd2088d1a490d3c955139f60eaf875b0948289fba,2026-09-03 22:04:41,2026-09-03 22:04:41,现场招聘,湖南国科微电子股份有限公司,国科微电子股份有限公司2027届校园招聘,模拟版图工程师,2026-08-31 18:57:27,2026-09-17,长沙,2026-09-17,15:00,17:00,【清】品学楼B108,本科及以上,微电子/半导体/电子工程/通信类,,,,https://jiuye.uestc.edu.cn/career/recruitment/onsite/fwthx42qt1qa,verified,https://jiuye.uestc.edu.cn/career/recruitment/onsite,
6639e5fa1114b41ae47b191a910b09f41a115f90fa3b7f703674b4c7d4046fcb,2026-09-03 22:04:41,2026-09-03 22:04:41,现场招聘,湖南国科微电子股份有限公司,国科微电子股份有限公司2027届校园招聘,模拟设计工程师,2026-08-31 18:57:27,2026-09-17,成都/长沙/上海/青岛,2026-09-17,15:00,17:00,【清】品学楼B108,硕士,集成电路/微电子类,,,,https://jiuye.uestc.edu.cn/career/recruitment/onsite/fwthx42qt1qa,verified,https://jiuye.uestc.edu.cn/career/recruitment/onsite,
36d2964c9f5a1476b8cce1ff7b30065bdd10ddd775d2c204a07cb3f284c57b78,2026-09-03 22:04:41,2026-09-03 22:04:41,现场招聘,湖南国科微电子股份有限公司,国科微电子股份有限公司2027届校园招聘,AI工具链/编译器工程师,2026-08-31 18:57:27,2026-09-17,青岛/济南/深圳/杭州,2026-09-17,15:00,17:00,【清】品学楼B108,硕士,集成电路/计算机/通信/电子信息/通信工程/软件工程类,,,,https://jiuye.uestc.edu.cn/career/recruitment/onsite/fwthx42qt1qa,verified,https://jiuye.uestc.edu.cn/career/recruitment/onsite,
bbec8e319595562bffeedd8e3fbb00c3f5229999a75d8486078fa49f2c53b07b,2026-09-03 22:04:41,2026-09-03 22:04:41,现场招聘,湖南国科微电子股份有限公司,国科微电子股份有限公司2027届校园招聘,图形/图像软件开发工程师,2026-08-31 18:57:27,2026-09-17,青岛,2026-09-17,15:00,17:00,【清】品学楼B108,本科及以上,集成电路/微电子/计算机/通信/电子信息/自动化/电气工程类,,,,https://jiuye.uestc.edu.cn/career/recruitment/onsite/fwthx42qt1qa,verified,https://jiuye.uestc.edu.cn/career/recruitment/onsite,
c9078c20167cc68056b27ce45e727f504e0d9646d2583afd7e446830cb6868fa,2026-09-03 22:04:41,2026-09-03 22:04:41,现场招聘,湖南国科微电子股份有限公司,国科微电子股份有限公司2027届校园招聘,驱动软件开发工程师,2026-08-31 18:57:27,2026-09-17,青岛,2026-09-17,15:00,17:00,【清】品学楼B108,本科及以上,集成电路/微电子/计算机/通信/电子信息类,,,,https://jiuye.uestc.edu.cn/career/recruitment/onsite/fwthx42qt1qa,verified,https://jiuye.uestc.edu.cn/career/recruitment/onsite,
7487dba7a03872ff17386b1cdf160e4d8c026942dab24a9296c9dbcccaabc6a7,2026-09-03 22:04:41,2026-09-03 22:04:41,现场招聘,湖南国科微电子股份有限公司,国科微电子股份有限公司2027届校园招聘,音频软件工程师,2026-08-31 18:57:27,2026-09-17,青岛,2026-09-17,15:00,17:00,【清】品学楼B108,本科及以上,计算机/通信/电子/自动化类,,,,https://jiuye.uestc.edu.cn/career/recruitment/onsite/fwthx42qt1qa,verified,https://jiuye.uestc.edu.cn/career/recruitment/onsite,
a5e48e7a20354e52a5c382ac48a530bcf7177ff204615e6b791df9a9fe70b6e1,2026-09-03 22:04:41,2026-09-03 22:04:41,现场招聘,湖南国科微电子股份有限公司,国科微电子股份有限公司2027届校园招聘,编解码软件工程师,2026-08-31 18:57:27,2026-09-17,深圳/杭州,2026-09-17,15:00,17:00,【清】品学楼B108,本科及以上,计算机/通信/电子/自动化类,,,,https://jiuye.uestc.edu.cn/career/recruitment/onsite/fwthx42qt1qa,verified,https://jiuye.uestc.edu.cn/career/recruitment/onsite,
b5682132e392c2e2a843550110ef049002baf2b7366f2a76e3fa1600c85e5fb7,2026-09-03 22:04:41,2026-09-03 22:04:41,现场招聘,湖南国科微电子股份有限公司,国科微电子股份有限公司2027届校园招聘,系统软件开发工程师,2026-08-31 18:57:27,2026-09-17,青岛,2026-09-17,15:00,17:00,【清】品学楼B108,本科及以上,计算机/通信/电子/电气自动化类,,,,https://jiuye.uestc.edu.cn/career/recruitment/onsite/fwthx42qt1qa,verified,https://jiuye.uestc.edu.cn/career/recruitment/onsite,
763978ede7855265179e8cea0c2c34d5502b5c828af86d32421c2461ba6a0c45,2026-09-03 22:04:41,2026-09-03 22:04:41,现场招聘,湖南国科微电子股份有限公司,国科微电子股份有限公司2027届校园招聘,媒体软件开发工程师,2026-08-31 18:57:27,2026-09-17,青岛,2026-09-17,15:00,17:00,【清】品学楼B108,本科及以上,计算机/通信/电子信息/软件工程类,,,,https://jiuye.uestc.edu.cn/career/recruitment/onsite/fwthx42qt1qa,verified,https://jiuye.uestc.edu.cn/career/recruitment/onsite,
6908bc235049680f43827491d24d9ac597aa7195acc8ea02060ad81f4d3a9a4a,2026-09-03 22:04:41,2026-09-03 22:04:41,现场招聘,湖南国科微电子股份有限公司,国科微电子股份有限公司2027届校园招聘,软件工程师,2026-08-31 18:57:27,2026-09-17,深圳,2026-09-17,15:00,17:00,【清】品学楼B108,本科,计算机/电子信息/通信工程类,,,,https://jiuye.uestc.edu.cn/career/recruitment/onsite/fwthx42qt1qa,verified,https://jiuye.uestc.edu.cn/career/recruitment/onsite,
3e6777582cfb98da6c411f72e72e5a88ccf2f4a9ab4cdedfaff1d8293a9d914e,2026-09-03 22:04:41,2026-09-03 22:04:41,现场招聘,湖南国科微电子股份有限公司,国科微电子股份有限公司2027届校园招聘,ATE工程师,2026-08-31 18:57:27,2026-09-17,上海,2026-09-17,15:00,17:00,【清】品学楼B108,硕士,计算机/电子信息/通信工程/软件工程类,,,,https://jiuye.uestc.edu.cn/career/recruitment/onsite/fwthx42qt1qa,verified,https://jiuye.uestc.edu.cn/career/recruitment/onsite,
c00852b1a68ea7a13e4bfaeed4f1dd673bcbb92e8c1c10afa02bea8bd60aa289,2026-09-03 22:04:41,2026-09-03 22:04:41,现场招聘,湖南国科微电子股份有限公司,国科微电子股份有限公司2027届校园招聘,QRE工程师,2026-08-31 18:57:27,2026-09-17,上海,2026-09-17,15:00,17:00,【清】品学楼B108,本科及以上,计算机/电子信息/通信工程/软件工程类,,,,https://jiuye.uestc.edu.cn/career/recruitment/onsite/fwthx42qt1qa,verified,https://jiuye.uestc.edu.cn/career/recruitment/onsite,
c6d9393eb2195390d8bc9baa57c560f426a30b82aa16037b0c39f89b47b3650a,2026-09-03 22:04:41,2026-09-03 22:04:41,现场招聘,湖南国科微电子股份有限公司,国科微电子股份有限公司2027届校园招聘,采购专员,2026-08-31 18:57:27,2026-09-17,长沙,2026-09-17,15:00,17:00,【清】品学楼B108,本科,供应链管理/工商管理/经济学/行政管理/工程管理/工程造价类,,,,https://jiuye.uestc.edu.cn/career/recruitment/onsite/fwthx42qt1qa,verified,https://jiuye.uestc.edu.cn/career/recruitment/onsite,
65af8eacb167ca0ea5741e7da78a82fb953366621a2f25a8c6a6a960a731c872,2026-09-03 22:04:41,2026-09-03 22:04:41,现场招聘,湖南国科微电子股份有限公司,国科微电子股份有限公司2027届校园招聘,检验工程师,2026-08-31 18:57:27,2026-09-17,深圳,2026-09-17,15:00,17:00,【清】品学楼B108,本科,计算机/通信/电气自动化/电子技术类,,,,https://jiuye.uestc.edu.cn/career/recruitment/onsite/fwthx42qt1qa,verified,https://jiuye.uestc.edu.cn/career/recruitment/onsite,
454fd52359747fa5705d5136658ea883c18dc2887e7413d173e9470ad0bb816f,2026-09-03 22:04:41,2026-09-03 22:04:41,现场招聘,湖南国科微电子股份有限公司,国科微电子股份有限公司2027届校园招聘,销售工程师,2026-08-31 18:57:27,2026-09-17,深圳/广州,2026-09-17,15:00,17:00,【清】品学楼B108,本科,计算机/电子信息/通信工程类,,,,https://jiuye.uestc.edu.cn/career/recruitment/onsite/fwthx42qt1qa,verified,https://jiuye.uestc.edu.cn/career/recruitment/onsite,
b336a0befc7bf3015b382ad99a51998a397499bd730dfdfdb745776af0326547,2026-09-03 22:04:41,2026-09-03 22:04:41,现场招聘,国仪量子技术(合肥)股份有限公司,,未明确列出,2026-08-31 19:08:01,2026-09-17,"安徽省:合肥市,广东省:广州市",2026-09-17,15:30,17:00,【清】立人楼B119,本科、硕士、博士、博士后,,,,https://ciqtek.zhiye.com/,https://jiuye.uestc.edu.cn/career/recruitment/onsite/fwtj9xbgsn41,verified,https://jiuye.uestc.edu.cn/career/recruitment/onsite,
290bbc6fc3fd99f5c7923f02613dbc78be07c17302cfd055c68c6eda99315373,2026-09-03 22:04:41,2026-09-03 22:04:41,现场招聘,北京紫光青藤微系统股份有限公司,【紫光青藤2027届校园招聘-新紫光集团核心企业】让世界看见你的“芯”力量,模拟设计工程师(电源、信号链、存储),2026-08-31 13:58:24,2026-09-17,",,,",2026-09-17,16:30,17:30,【清】学生活动中心220,研究生及以上,微电子/集成电路/电子信息等相关专业,,,https://tsingtengms.jobs.feishu.cn/303508,https://jiuye.uestc.edu.cn/career/recruitment/onsite/fwt9d8ldn30h,verified,https://jiuye.uestc.edu.cn/career/recruitment/onsite,
2abf8dbf2af4d2f93dc93ba6a85641e2fb5b48aaab4bb7333c5a04033b1c34a9,2026-09-03 22:04:41,2026-09-03 22:04:41,现场招聘,北京紫光青藤微系统股份有限公司,【紫光青藤2027届校园招聘-新紫光集团核心企业】让世界看见你的“芯”力量,数字验证工程师,2026-08-31 13:58:24,2026-09-17,",,,",2026-09-17,16:30,17:30,【清】学生活动中心220,研究生及以上,微电子/集成电路/电子信息等相关专业,,,https://tsingtengms.jobs.feishu.cn/303508,https://jiuye.uestc.edu.cn/career/recruitment/onsite/fwt9d8ldn30h,verified,https://jiuye.uestc.edu.cn/career/recruitment/onsite,
100458197ff5a0fb4d4fbd0b4f77d9840997125bc7c9885802964f366539f599,2026-09-03 22:04:41,2026-09-03 22:04:41,现场招聘,北京紫光青藤微系统股份有限公司,【紫光青藤2027届校园招聘-新紫光集团核心企业】让世界看见你的“芯”力量,数字设计工程师,2026-08-31 13:58:24,2026-09-17,",,,",2026-09-17,16:30,17:30,【清】学生活动中心220,研究生及以上,微电子/集成电路/电子信息等相关专业,,,https://tsingtengms.jobs.feishu.cn/303508,https://jiuye.uestc.edu.cn/career/recruitment/onsite/fwt9d8ldn30h,verified,https://jiuye.uestc.edu.cn/career/recruitment/onsite,
888ab8d0fed1b7935e2354869cf890bc948be048cb807614a84f142880b643eb,2026-09-03 22:04:41,2026-09-03 22:04:41,现场招聘,北京紫光青藤微系统股份有限公司,【紫光青藤2027届校园招聘-新紫光集团核心企业】让世界看见你的“芯”力量,密码IP设计工程师,2026-08-31 13:58:24,2026-09-17,",,,",2026-09-17,16:30,17:30,【清】学生活动中心220,研究生及以上,微电子/集成电路/电子信息等相关专业,,,https://tsingtengms.jobs.feishu.cn/303508,https://jiuye.uestc.edu.cn/career/recruitment/onsite/fwt9d8ldn30h,verified,https://jiuye.uestc.edu.cn/career/recruitment/onsite,
31af4228441592b423a8416cbb67b6c3ce7f6db95b498767b014ae2235d7d5ce,2026-09-03 22:04:41,2026-09-03 22:04:41,现场招聘,北京紫光青藤微系统股份有限公司,【紫光青藤2027届校园招聘-新紫光集团核心企业】让世界看见你的“芯”力量,数字后端工程师,2026-08-31 13:58:24,2026-09-17,",,,",2026-09-17,16:30,17:30,【清】学生活动中心220,研究生及以上,微电子/集成电路/电子信息等相关专业,,,https://tsingtengms.jobs.feishu.cn/303508,https://jiuye.uestc.edu.cn/career/recruitment/onsite/fwt9d8ldn30h,verified,https://jiuye.uestc.edu.cn/career/recruitment/onsite,
377803b38bdeafae08d085c73da03cd7a6231e084559bd046a50f77283d77303,2026-09-03 22:04:41,2026-09-03 22:04:41,现场招聘,北京紫光青藤微系统股份有限公司,【紫光青藤2027届校园招聘-新紫光集团核心企业】让世界看见你的“芯”力量,ATE测试工程师,2026-08-31 13:58:24,2026-09-17,",,,",2026-09-17,16:30,17:30,【清】学生活动中心220,研究生及以上,微电子/集成电路/电子信息等相关专业,,,https://tsingtengms.jobs.feishu.cn/303508,https://jiuye.uestc.edu.cn/career/recruitment/onsite/fwt9d8ldn30h,verified,https://jiuye.uestc.edu.cn/career/recruitment/onsite,
d6e850a97f2177437d8b97c7d141d68b9ad2d8046167f031d8c9e3e956a633b2,2026-09-03 22:04:41,2026-09-03 22:04:41,现场招聘,北京紫光青藤微系统股份有限公司,【紫光青藤2027届校园招聘-新紫光集团核心企业】让世界看见你的“芯”力量,嵌入式开发工程师,2026-08-31 13:58:24,2026-09-17,",,,",2026-09-17,16:30,17:30,【清】学生活动中心220,研究生及以上,电子信息/自动化/通信工程等相关专业,,,https://tsingtengms.jobs.feishu.cn/303508,https://jiuye.uestc.edu.cn/career/recruitment/onsite/fwt9d8ldn30h,verified,https://jiuye.uestc.edu.cn/career/recruitment/onsite,
8ee44a7caee67e0177dc1a7d0216f3a6b49915ba2f525e45da4dd7dba667ab00,2026-09-03 22:04:41,2026-09-03 22:04:41,现场招聘,北京紫光青藤微系统股份有限公司,【紫光青藤2027届校园招聘-新紫光集团核心企业】让世界看见你的“芯”力量,嵌入式测试工程师,2026-08-31 13:58:24,2026-09-17,",,,",2026-09-17,16:30,17:30,【清】学生活动中心220,本科及以上,电子信息/自动化/通信工程等相关专业,,,https://tsingtengms.jobs.feishu.cn/303508,https://jiuye.uestc.edu.cn/career/recruitment/onsite/fwt9d8ldn30h,verified,https://jiuye.uestc.edu.cn/career/recruitment/onsite,
f14bc967e0c57dd7c075d77e5bb069d06a2ccdb2c9418dc4386cd5e85dcf1a03,2026-09-03 22:04:41,2026-09-03 22:04:41,现场招聘,北京紫光青藤微系统股份有限公司,【紫光青藤2027届校园招聘-新紫光集团核心企业】让世界看见你的“芯”力量,技术支持工程师,2026-08-31 13:58:24,2026-09-17,",,,",2026-09-17,16:30,17:30,【清】学生活动中心220,本科及以上,电子信息/自动化/通信工程等相关专业,,,https://tsingtengms.jobs.feishu.cn/303508,https://jiuye.uestc.edu.cn/career/recruitment/onsite/fwt9d8ldn30h,verified,https://jiuye.uestc.edu.cn/career/recruitment/onsite,
00fe2451607ad574f8fbb52b52aeea412b4e7ea1217d229007d188f13ebfac3f,2026-09-03 22:04:41,2026-09-03 22:04:41,现场招聘,完美世界(北京)软件科技发展有限公司,完美世界 2027 届秋季校园招聘简章,未明确列出,2026-08-28 17:06:54,2026-09-17,其他(具体查看招聘信息),2026-09-17,18:30,20:30,【清】学生活动中心220,本科、硕士、博士,,,,https://app.mokahr.com/campus-recruitment/pwrd/172467?locale=zh-CN,https://jiuye.uestc.edu.cn/career/recruitment/onsite/fwfib3rlekg1,verified,https://jiuye.uestc.edu.cn/career/recruitment/onsite,
a1c34f56e8a754f7b4f6e0aaad2a55c7d906c34b73cb13202115d580a0b3a8d9,2026-09-03 22:04:41,2026-09-03 22:04:41,现场招聘,重庆长安汽车股份有限公司,长安汽车2027全球校园招聘简章,未明确列出,2026-09-01 23:06:33,2026-09-17,重庆市:江北区,2026-09-17,18:30,20:30,【清】学生活动中心201,本科、硕士、博士,,,,http://changan.zhiye.com/Campus,https://jiuye.uestc.edu.cn/career/recruitment/onsite/fwxyjax7jima,verified,https://jiuye.uestc.edu.cn/career/recruitment/onsite,
31a9482b109b4d3829a15cdceb7754d8fd4d4d02ad56b9522f7a0271ed2b0c61,2026-09-03 22:04:41,2026-09-03 22:04:41,现场招聘,展讯通信(上海)有限公司,紫光展锐2027校园招聘-招聘简章,未明确列出,2026-09-02 14:22:43,2026-09-17,其他(具体查看招聘信息),2026-09-17,19:30,20:30,【清】立人楼B118,硕士,,,,,https://jiuye.uestc.edu.cn/career/recruitment/onsite/fx0hj1vzpgqq,verified,https://jiuye.uestc.edu.cn/career/recruitment/onsite,
d7991c7d0ccf41125264bdcd111326bff51e4ef5180769cdba56dea2ad7b2862,2026-09-03 22:04:41,2026-09-03 22:04:41,现场招聘,上海燧原科技股份有限公司,,数字前端设计工程师,2026-09-01 16:50:49,2026-09-17,上海市:浦东新区,2026-09-17,19:30,21:00,【清】立人楼B117,硕士、博士,,,,,https://jiuye.uestc.edu.cn/career/recruitment/onsite/fwtx7hqmercy,verified,https://jiuye.uestc.edu.cn/career/recruitment/onsite,
86256f03345ecb6bdd4dbc9fc8ad2f2b69be54950433e16cf75b0fb4ee45b11b,2026-09-03 22:04:41,2026-09-03 22:04:41,现场招聘,上海燧原科技股份有限公司,,AI系统解决方案工程师,2026-09-01 16:50:49,2026-09-17,上海市:浦东新区,2026-09-17,19:30,21:00,【清】立人楼B117,硕士、博士,,,,,https://jiuye.uestc.edu.cn/career/recruitment/onsite/fwtx7hqmercy,verified,https://jiuye.uestc.edu.cn/career/recruitment/onsite,
b6263c68c18bb14a1e24bd4bf7620d4cb7683f02c54a6d3c757a270343f010a0,2026-09-03 22:04:41,2026-09-03 22:04:41,现场招聘,上海燧原科技股份有限公司,,AI框架/算子开发工程师,2026-09-01 16:50:49,2026-09-17,上海市:浦东新区,2026-09-17,19:30,21:00,【清】立人楼B117,硕士、博士,,,,,https://jiuye.uestc.edu.cn/career/recruitment/onsite/fwtx7hqmercy,verified,https://jiuye.uestc.edu.cn/career/recruitment/onsite,
30fad7faa42aec887821024f9adf1753988c92e5d98983d95f82219b0d49e973,2026-09-03 22:04:41,2026-09-03 22:04:41,现场招聘,上海燧原科技股份有限公司,,AI软件开发工程师,2026-09-01 16:50:49,2026-09-17,上海市:浦东新区,2026-09-17,19:30,21:00,【清】立人楼B117,硕士、博士,,,,,https://jiuye.uestc.edu.cn/career/recruitment/onsite/fwtx7hqmercy,verified,https://jiuye.uestc.edu.cn/career/recruitment/onsite,
2cf88f714510e9999c84f2d6461735ba85536f5287a5ea7054a2db58686362cf,2026-09-03 22:04:41,2026-09-03 22:04:41,现场招聘,上海燧原科技股份有限公司,,软件测试开发工程师,2026-09-01 16:50:49,2026-09-17,上海市:浦东新区,2026-09-17,19:30,21:00,【清】立人楼B117,硕士、博士,,,,,https://jiuye.uestc.edu.cn/career/recruitment/onsite/fwtx7hqmercy,verified,https://jiuye.uestc.edu.cn/career/recruitment/onsite,
6e7f6713d86b6d7f4f685e6019a44706e3440e0d23c89d38182d339d7c6f4b26,2026-09-03 22:04:41,2026-09-03 22:04:41,现场招聘,上海燧原科技股份有限公司,,芯片数字实现前端工程师,2026-09-01 16:50:49,2026-09-17,上海市:浦东新区,2026-09-17,19:30,21:00,【清】立人楼B117,硕士、博士,,,,,https://jiuye.uestc.edu.cn/career/recruitment/onsite/fwtx7hqmercy,verified,https://jiuye.uestc.edu.cn/career/recruitment/onsite,
b666f3a82c69f8a45d3cb3583b2bc4d03101d930c69b02d55f25ce61a53092e8,2026-09-03 22:04:41,2026-09-03 22:04:41,现场招聘,上海燧原科技股份有限公司,,DFX方向芯片验证工程师,2026-09-01 16:50:49,2026-09-17,上海市:浦东新区,2026-09-17,19:30,21:00,【清】立人楼B117,硕士、博士,,,,,https://jiuye.uestc.edu.cn/career/recruitment/onsite/fwtx7hqmercy,verified,https://jiuye.uestc.edu.cn/career/recruitment/onsite,
50c88084e73639ca1645603dc02ab93f70ebd3561225ddf4ad47380b8826abf3,2026-09-03 22:04:41,2026-09-03 22:04:41,现场招聘,上海燧原科技股份有限公司,,芯片IP验证工程师(AI芯片调度系统方向),2026-09-01 16:50:49,2026-09-17,上海市:浦东新区,2026-09-17,19:30,21:00,【清】立人楼B117,硕士、博士,,,,,https://jiuye.uestc.edu.cn/career/recruitment/onsite/fwtx7hqmercy,verified,https://jiuye.uestc.edu.cn/career/recruitment/onsite,
365b99ae923987130e78db98ace7a9431eda7e0fd807eb1cc1c91ced5aa70a59,2026-09-03 22:04:41,2026-09-03 22:04:41,现场招聘,上海燧原科技股份有限公司,,计算处理器开发-ASIC设计工程师等40+岗位,2026-09-01 16:50:49,2026-09-17,上海市:浦东新区,2026-09-17,19:30,21:00,【清】立人楼B117,硕士、博士,,,,,https://jiuye.uestc.edu.cn/career/recruitment/onsite/fwtx7hqmercy,verified,https://jiuye.uestc.edu.cn/career/recruitment/onsite,
0c8d6c8694d2d7a20688c3ac5fc4f14f5eeced5e31dbe08ae6c8bb35efb8704b,2026-09-03 22:04:41,2026-09-03 22:04:41,现场招聘,得力集团有限公司,得力集团2027届校园招聘,产品管培生,2026-08-31 18:08:10,2026-09-17,宁波,2026-09-17,19:30,21:00,【清】立人楼B120,本科、硕士,,,,,https://jiuye.uestc.edu.cn/career/recruitment/onsite/fwtg1suswa9u,verified,https://jiuye.uestc.edu.cn/career/recruitment/onsite,
89a00c84fce957548b90e892abf50dc17f0c6abf3efbb3cd4213700bb1f972ce,2026-09-03 22:04:41,2026-09-03 22:04:41,现场招聘,得力集团有限公司,得力集团2027届校园招聘,研发技术管培生,2026-08-31 18:08:10,2026-09-17,宁波,2026-09-17,19:30,21:00,【清】立人楼B120,本科、硕士,,,,,https://jiuye.uestc.edu.cn/career/recruitment/onsite/fwtg1suswa9u,verified,https://jiuye.uestc.edu.cn/career/recruitment/onsite,
c60cd105e6a925d5463a3c6e310af7af6c7867e1ca02aaacee11901e36476102,2026-09-03 22:04:41,2026-09-03 22:04:41,现场招聘,得力集团有限公司,得力集团2027届校园招聘,设计管培生,2026-08-31 18:08:10,2026-09-17,宁波,2026-09-17,19:30,21:00,【清】立人楼B120,本科、硕士,,,,,https://jiuye.uestc.edu.cn/career/recruitment/onsite/fwtg1suswa9u,verified,https://jiuye.uestc.edu.cn/career/recruitment/onsite,
b26d62a28988f56d27e9f8b306175dbf2411518c6ca76447396cf8f360eb611a,2026-09-03 22:04:41,2026-09-03 22:04:41,现场招聘,得力集团有限公司,得力集团2027届校园招聘,采购管培生,2026-08-31 18:08:10,2026-09-17,宁波,2026-09-17,19:30,21:00,【清】立人楼B120,本科、硕士,,,,,https://jiuye.uestc.edu.cn/career/recruitment/onsite/fwtg1suswa9u,verified,https://jiuye.uestc.edu.cn/career/recruitment/onsite,
f0c546043fc0bed700b09f5d19a06793b1344d9f65616e93bbbd8b7aa6429ea9,2026-09-03 22:04:41,2026-09-03 22:04:41,现场招聘,得力集团有限公司,得力集团2027届校园招聘,人资管培生,2026-08-31 18:08:10,2026-09-17,宁波,2026-09-17,19:30,21:00,【清】立人楼B120,本科、硕士,,,,,https://jiuye.uestc.edu.cn/career/recruitment/onsite/fwtg1suswa9u,verified,https://jiuye.uestc.edu.cn/career/recruitment/onsite,
37fe1ab6ddcc54f25d99a779b8ce945187ee0959b6d43a5769e87765d93408db,2026-09-03 22:04:41,2026-09-03 22:04:41,现场招聘,得力集团有限公司,得力集团2027届校园招聘,财务管理管培生,2026-08-31 18:08:10,2026-09-17,宁波,2026-09-17,19:30,21:00,【清】立人楼B120,本科、硕士,,,,,https://jiuye.uestc.edu.cn/career/recruitment/onsite/fwtg1suswa9u,verified,https://jiuye.uestc.edu.cn/career/recruitment/onsite,
255a6e1e19d2b659d384099ecd5c2511867bde652d991aa87ecf8a34d2713591,2026-09-03 22:04:41,2026-09-03 22:04:41,现场招聘,得力集团有限公司,得力集团2027届校园招聘,结构设计,2026-08-31 18:08:10,2026-09-17,"宁波,杭州,苏州",2026-09-17,19:30,21:00,【清】立人楼B120,本科、硕士,,,,,https://jiuye.uestc.edu.cn/career/recruitment/onsite/fwtg1suswa9u,verified,https://jiuye.uestc.edu.cn/career/recruitment/onsite,
1237e97bf9f3de42dfa3755055b3faa720d694b99dd6366f83e8d0db1813f0d9,2026-09-03 22:04:41,2026-09-03 22:04:41,现场招聘,得力集团有限公司,得力集团2027届校园招聘,项目管理,2026-08-31 18:08:10,2026-09-17,"宁波,杭州,上海",2026-09-17,19:30,21:00,【清】立人楼B120,本科、硕士,,,,,https://jiuye.uestc.edu.cn/career/recruitment/onsite/fwtg1suswa9u,verified,https://jiuye.uestc.edu.cn/career/recruitment/onsite,
98b446fea616d3ac9bdd872f463d14a9313e5a43723e0f2b7fd2e991433ee0d0,2026-09-03 22:04:41,2026-09-03 22:04:41,现场招聘,得力集团有限公司,得力集团2027届校园招聘,化学工程,2026-08-31 18:08:10,2026-09-17,宁波,2026-09-17,19:30,21:00,【清】立人楼B120,本科、硕士,,,,,https://jiuye.uestc.edu.cn/career/recruitment/onsite/fwtg1suswa9u,verified,https://jiuye.uestc.edu.cn/career/recruitment/onsite,
f64dec0af4307b10879545b64d799c9c307cd028ae895add67b3457ed540f91b,2026-09-03 22:04:41,2026-09-03 22:04:41,现场招聘,得力集团有限公司,得力集团2027届校园招聘,软件工程,2026-08-31 18:08:10,2026-09-17,宁波,2026-09-17,19:30,21:00,【清】立人楼B120,本科、硕士,,,,,https://jiuye.uestc.edu.cn/career/recruitment/onsite/fwtg1suswa9u,verified,https://jiuye.uestc.edu.cn/career/recruitment/onsite,
0251773893e842690c359a334304909479ded2eac4015dfe6e813f5f731a9fa9,2026-09-03 22:04:41,2026-09-03 22:04:41,现场招聘,得力集团有限公司,得力集团2027届校园招聘,硬件工程,2026-08-31 18:08:10,2026-09-17,"宁波,杭州,苏州",2026-09-17,19:30,21:00,【清】立人楼B120,本科、硕士,,,,,https://jiuye.uestc.edu.cn/career/recruitment/onsite/fwtg1suswa9u,verified,https://jiuye.uestc.edu.cn/career/recruitment/onsite,
5a2758d6d090077dc9a5e410551ce15e0bffb59fd5caa385f0d02b62dc6efa89,2026-09-03 22:04:41,2026-09-03 22:04:41,现场招聘,得力集团有限公司,得力集团2027届校园招聘,产品企划(国内),2026-08-31 18:08:10,2026-09-17,"宁波,杭州,上海",2026-09-17,19:30,21:00,【清】立人楼B120,本科、硕士,,,,,https://jiuye.uestc.edu.cn/career/recruitment/onsite/fwtg1suswa9u,verified,https://jiuye.uestc.edu.cn/career/recruitment/onsite,
6da455e3cc8d1d242f6c0c9f6bb6d4f6ea002312e919ef8af06363cb55717b19,2026-09-03 22:04:41,2026-09-03 22:04:41,现场招聘,得力集团有限公司,得力集团2027届校园招聘,产品企划(海外),2026-08-31 18:08:10,2026-09-17,"宁波,杭州,上海",2026-09-17,19:30,21:00,【清】立人楼B120,本科、硕士,,,,,https://jiuye.uestc.edu.cn/career/recruitment/onsite/fwtg1suswa9u,verified,https://jiuye.uestc.edu.cn/career/recruitment/onsite,
1df3dc8f896ed3c7eb52a0b50e0dd30abacbbd12924b80f4f902551c7fc3ec8a,2026-09-03 22:04:41,2026-09-03 22:04:41,现场招聘,得力集团有限公司,得力集团2027届校园招聘,市场策划,2026-08-31 18:08:10,2026-09-17,宁波,2026-09-17,19:30,21:00,【清】立人楼B120,本科、硕士,,,,,https://jiuye.uestc.edu.cn/career/recruitment/onsite/fwtg1suswa9u,verified,https://jiuye.uestc.edu.cn/career/recruitment/onsite,
1dd512d540906fd63ad009b4f1ad0f2e376060a190fb21b99af7e01da2f6353e,2026-09-03 22:04:41,2026-09-03 22:04:41,现场招聘,得力集团有限公司,得力集团2027届校园招聘,电商平面设计,2026-08-31 18:08:10,2026-09-17,"宁波、杭州,苏州,上海",2026-09-17,19:30,21:00,【清】立人楼B120,本科、硕士,,,,,https://jiuye.uestc.edu.cn/career/recruitment/onsite/fwtg1suswa9u,verified,https://jiuye.uestc.edu.cn/career/recruitment/onsite,
91c321f39766eb08157205b6b2cea1ed1a4bafcb19d9b6a3d367b27b7839aaaa,2026-09-03 22:04:41,2026-09-03 22:04:41,现场招聘,得力集团有限公司,得力集团2027届校园招聘,产品平面设计,2026-08-31 18:08:10,2026-09-17,宁波、杭州,2026-09-17,19:30,21:00,【清】立人楼B120,本科、硕士,,,,,https://jiuye.uestc.edu.cn/career/recruitment/onsite/fwtg1suswa9u,verified,https://jiuye.uestc.edu.cn/career/recruitment/onsite,
2627372d799a46d36d8a7146e960b85941ea91ee101bcc292189ed66259026b3,2026-09-03 22:04:41,2026-09-03 22:04:41,现场招聘,得力集团有限公司,得力集团2027届校园招聘,工业设计,2026-08-31 18:08:10,2026-09-17,杭州,2026-09-17,19:30,21:00,【清】立人楼B120,本科、硕士,,,,,https://jiuye.uestc.edu.cn/career/recruitment/onsite/fwtg1suswa9u,verified,https://jiuye.uestc.edu.cn/career/recruitment/onsite,
f8e31baebf67b95fa6556a800f2777046d14471b803248cc8c9f1b78ec7f6a06,2026-09-03 22:04:41,2026-09-03 22:04:41,现场招聘,得力集团有限公司,得力集团2027届校园招聘,陈列设计,2026-08-31 18:08:10,2026-09-17,宁波,2026-09-17,19:30,21:00,【清】立人楼B120,本科、硕士,,,,,https://jiuye.uestc.edu.cn/career/recruitment/onsite/fwtg1suswa9u,verified,https://jiuye.uestc.edu.cn/career/recruitment/onsite,
75b2cfbec77834aa326046a55174a606800bf33613a6735f7079e086fbac878e,2026-09-03 22:04:41,2026-09-03 22:04:41,现场招聘,得力集团有限公司,得力集团2027届校园招聘,财务管理,2026-08-31 18:08:10,2026-09-17,"宁波,杭州",2026-09-17,19:30,21:00,【清】立人楼B120,本科、硕士,,,,,https://jiuye.uestc.edu.cn/career/recruitment/onsite/fwtg1suswa9u,verified,https://jiuye.uestc.edu.cn/career/recruitment/onsite,
2e77e53ad3ca79f611e203c4eb156e67a397eea1a3b1c91804c27feece61a9ae,2026-09-03 22:04:41,2026-09-03 22:04:41,现场招聘,得力集团有限公司,得力集团2027届校园招聘,人力资源,2026-08-31 18:08:10,2026-09-17,宁波,2026-09-17,19:30,21:00,【清】立人楼B120,本科、硕士,,,,,https://jiuye.uestc.edu.cn/career/recruitment/onsite/fwtg1suswa9u,verified,https://jiuye.uestc.edu.cn/career/recruitment/onsite,
5add8520cae8e67637886e2902da775f3ca3363457b17156eed28b3734cfdca9,2026-09-03 22:04:41,2026-09-03 22:04:41,现场招聘,得力集团有限公司,得力集团2027届校园招聘,IT,2026-08-31 18:08:10,2026-09-17,宁波,2026-09-17,19:30,21:00,【清】立人楼B120,本科、硕士,
... 859717 bytes omitted ...
026-09-08 09:28:01,2026-09-08 09:28:01,现场招聘,【组团招聘】湖南湘江新区,招聘活动电子科技大学站专场,工艺工程师,2026-09-07 14:52:35,2026-09-16,湖南省:长沙市,2026-09-16,14:00,17:00,【清水河校区】学生活动中心一楼圆厅,本科、硕士、博士,,,,https://mp.weixin.qq.com/s/ozgcX55q8atxIHzNhFDr-w,https://jiuye.uestc.edu.cn/career/recruitment/group/fxigr1ngtyip,verified,https://jiuye.uestc.edu.cn/career/recruitment/group,
60f66def50e53a5f799e59d7e6b7a4fcc9bc9cc9b78c177add7188f50df9c8ab,2026-09-08 09:28:01,2026-09-08 09:28:01,现场招聘,【组团招聘】湖南湘江新区,招聘活动电子科技大学站专场,质量工程师,2026-09-07 14:52:35,2026-09-16,湖南省:长沙市,2026-09-16,14:00,17:00,【清水河校区】学生活动中心一楼圆厅,本科、硕士、博士,,,,https://mp.weixin.qq.com/s/ozgcX55q8atxIHzNhFDr-w,https://jiuye.uestc.edu.cn/career/recruitment/group/fxigr1ngtyip,verified,https://jiuye.uestc.edu.cn/career/recruitment/group,
30e1ca1c4ea978465dae55a20d2c5758a8cea063ba0922460a2229dd4a661ea3,2026-09-08 09:28:01,2026-09-08 09:28:01,现场招聘,【组团招聘】湖南湘江新区,招聘活动电子科技大学站专场,售后服务工程师,2026-09-07 14:52:35,2026-09-16,湖南省:长沙市,2026-09-16,14:00,17:00,【清水河校区】学生活动中心一楼圆厅,本科、硕士、博士,,,,https://mp.weixin.qq.com/s/ozgcX55q8atxIHzNhFDr-w,https://jiuye.uestc.edu.cn/career/recruitment/group/fxigr1ngtyip,verified,https://jiuye.uestc.edu.cn/career/recruitment/group,
a0b62260279f34825a47118e01ff84f34602483f0ce71def2943a8856a0914c1,2026-09-08 09:28:01,2026-09-08 09:28:01,现场招聘,【组团招聘】湖南湘江新区,招聘活动电子科技大学站专场,生产储备干部,2026-09-07 14:52:35,2026-09-16,湖南省:长沙市,2026-09-16,14:00,17:00,【清水河校区】学生活动中心一楼圆厅,本科、硕士、博士,,,,https://mp.weixin.qq.com/s/ozgcX55q8atxIHzNhFDr-w,https://jiuye.uestc.edu.cn/career/recruitment/group/fxigr1ngtyip,verified,https://jiuye.uestc.edu.cn/career/recruitment/group,
7254fc72b1ec64802caf93a8c3caecbad3e9dde0d9c412d4f69977bc3cfd2274,2026-09-08 09:28:01,2026-09-08 09:28:01,现场招聘,【组团招聘】湖南湘江新区,招聘活动电子科技大学站专场,财务(多方向),2026-09-07 14:52:35,2026-09-16,湖南省:长沙市,2026-09-16,14:00,17:00,【清水河校区】学生活动中心一楼圆厅,本科、硕士、博士,,,,https://mp.weixin.qq.com/s/ozgcX55q8atxIHzNhFDr-w,https://jiuye.uestc.edu.cn/career/recruitment/group/fxigr1ngtyip,verified,https://jiuye.uestc.edu.cn/career/recruitment/group,
4dfb6959eced36debb22f5f1a4e5c1fe13d068bcab0585f825b9ddb007963a8d,2026-09-08 09:28:01,2026-09-08 09:28:01,现场招聘,【组团招聘】湖南湘江新区,招聘活动电子科技大学站专场,HR,2026-09-07 14:52:35,2026-09-16,湖南省:长沙市,2026-09-16,14:00,17:00,【清水河校区】学生活动中心一楼圆厅,本科、硕士、博士,,,,https://mp.weixin.qq.com/s/ozgcX55q8atxIHzNhFDr-w,https://jiuye.uestc.edu.cn/career/recruitment/group/fxigr1ngtyip,verified,https://jiuye.uestc.edu.cn/career/recruitment/group,
64c978eb02f618d50b133297723e055f71ac8c78894e8a07d324db870fdd6f7e,2026-09-08 09:28:01,2026-09-08 09:28:01,现场招聘,【组团招聘】湖南湘江新区,招聘活动电子科技大学站专场,企管专员,2026-09-07 14:52:35,2026-09-16,湖南省:长沙市,2026-09-16,14:00,17:00,【清水河校区】学生活动中心一楼圆厅,本科、硕士、博士,,,,https://mp.weixin.qq.com/s/ozgcX55q8atxIHzNhFDr-w,https://jiuye.uestc.edu.cn/career/recruitment/group/fxigr1ngtyip,verified,https://jiuye.uestc.edu.cn/career/recruitment/group,
cdf4d2433d1666e199ad85df34f86e4a1d5950b8d791e961ac30ca216c85321e,2026-09-08 09:28:01,2026-09-08 09:28:01,现场招聘,【组团招聘】湖南湘江新区,招聘活动电子科技大学站专场,海外工厂储备人才,2026-09-07 14:52:35,2026-09-16,湖南省:长沙市,2026-09-16,14:00,17:00,【清水河校区】学生活动中心一楼圆厅,本科、硕士、博士,,,,https://mp.weixin.qq.com/s/ozgcX55q8atxIHzNhFDr-w,https://jiuye.uestc.edu.cn/career/recruitment/group/fxigr1ngtyip,verified,https://jiuye.uestc.edu.cn/career/recruitment/group,
c26458f2c4fac80d326b6246da2c555709cee26db90ec2680fca2308832c825b,2026-09-08 09:28:01,2026-09-08 09:28:01,现场招聘,【组团招聘】湖南湘江新区,招聘活动电子科技大学站专场,CAE求解器开发工程师 (显式动力学、通用结构、疲劳、多物理场、流体等方向),2026-09-07 14:52:35,2026-09-16,湖南省:长沙市,2026-09-16,14:00,17:00,【清水河校区】学生活动中心一楼圆厅,本科、硕士、博士,,,,https://mp.weixin.qq.com/s/ozgcX55q8atxIHzNhFDr-w,https://jiuye.uestc.edu.cn/career/recruitment/group/fxigr1ngtyip,verified,https://jiuye.uestc.edu.cn/career/recruitment/group,
e53841fabb7ae8ebbe70e93acb5ec2d639af2cdca553ab831996d7fd07150d51,2026-09-08 09:28:01,2026-09-08 09:28:01,现场招聘,【组团招聘】湖南湘江新区,招聘活动电子科技大学站专场,前后处理开发工程师,2026-09-07 14:52:35,2026-09-16,湖南省:长沙市,2026-09-16,14:00,17:00,【清水河校区】学生活动中心一楼圆厅,本科、硕士、博士,,,,https://mp.weixin.qq.com/s/ozgcX55q8atxIHzNhFDr-w,https://jiuye.uestc.edu.cn/career/recruitment/group/fxigr1ngtyip,verified,https://jiuye.uestc.edu.cn/career/recruitment/group,
f8dfa05e1c9fe58d984e92398049226366a5d1eeeb5f33d3d1a9652c8c63be46,2026-09-08 09:28:01,2026-09-08 09:28:01,现场招聘,【组团招聘】湖南湘江新区,招聘活动电子科技大学站专场,高性能计算开发工程师,2026-09-07 14:52:35,2026-09-16,湖南省:长沙市,2026-09-16,14:00,17:00,【清水河校区】学生活动中心一楼圆厅,本科、硕士、博士,,,,https://mp.weixin.qq.com/s/ozgcX55q8atxIHzNhFDr-w,https://jiuye.uestc.edu.cn/career/recruitment/group/fxigr1ngtyip,verified,https://jiuye.uestc.edu.cn/career/recruitment/group,
2f9aed35aa8b91aa12958c0c32939be065d5a007ca5573325fd09c5a37f85ca7,2026-09-08 09:28:01,2026-09-08 09:28:01,现场招聘,【组团招聘】湖南湘江新区,招聘活动电子科技大学站专场,CAE应用工程师 (显式动力学、通用结构、疲劳、多物理场、多学科优化等),2026-09-07 14:52:35,2026-09-16,湖南省:长沙市,2026-09-16,14:00,17:00,【清水河校区】学生活动中心一楼圆厅,本科、硕士、博士,,,,https://mp.weixin.qq.com/s/ozgcX55q8atxIHzNhFDr-w,https://jiuye.uestc.edu.cn/career/recruitment/group/fxigr1ngtyip,verified,https://jiuye.uestc.edu.cn/career/recruitment/group,
5f14f2d3a2b36f01e08c02537f03497a5ffcc33b43b5e980b418658514619436,2026-09-08 09:28:01,2026-09-08 09:28:01,现场招聘,【组团招聘】湖南湘江新区,招聘活动电子科技大学站专场,电力电子 研发工程师,2026-09-07 14:52:35,2026-09-16,湖南省:长沙市,2026-09-16,14:00,17:00,【清水河校区】学生活动中心一楼圆厅,本科、硕士、博士,,,,https://mp.weixin.qq.com/s/ozgcX55q8atxIHzNhFDr-w,https://jiuye.uestc.edu.cn/career/recruitment/group/fxigr1ngtyip,verified,https://jiuye.uestc.edu.cn/career/recruitment/group,
3ef3637c638a589d37b5b84bc6c749fdf1e8b94d5cfd42917ad5550216dbce1c,2026-09-08 09:28:01,2026-09-08 09:28:01,现场招聘,【组团招聘】湖南湘江新区,招聘活动电子科技大学站专场,硬件产品 研发工程师,2026-09-07 14:52:35,2026-09-16,湖南省:长沙市,2026-09-16,14:00,17:00,【清水河校区】学生活动中心一楼圆厅,本科、硕士、博士,,,,https://mp.weixin.qq.com/s/ozgcX55q8atxIHzNhFDr-w,https://jiuye.uestc.edu.cn/career/recruitment/group/fxigr1ngtyip,verified,https://jiuye.uestc.edu.cn/career/recruitment/group,
3e04c2708ffbb1fe85890167f1aaf03a23f4d7d29ed7d02e15a4fd603cab4345,2026-09-08 09:28:01,2026-09-08 09:28:01,现场招聘,【组团招聘】湖南湘江新区,招聘活动电子科技大学站专场,储能研发 工程师,2026-09-07 14:52:35,2026-09-16,湖南省:长沙市,2026-09-16,14:00,17:00,【清水河校区】学生活动中心一楼圆厅,本科、硕士、博士,,,,https://mp.weixin.qq.com/s/ozgcX55q8atxIHzNhFDr-w,https://jiuye.uestc.edu.cn/career/recruitment/group/fxigr1ngtyip,verified,https://jiuye.uestc.edu.cn/career/recruitment/group,
d308588299a7de32da892d1ead9ea2713d94480f496e81d4d3513027b7bedfe6,2026-09-08 09:28:01,2026-09-08 09:28:01,现场招聘,【组团招聘】湖南湘江新区,招聘活动电子科技大学站专场,软件研发 工程师,2026-09-07 14:52:35,2026-09-16,湖南省:长沙市,2026-09-16,14:00,17:00,【清水河校区】学生活动中心一楼圆厅,本科、硕士、博士,,,,https://mp.weixin.qq.com/s/ozgcX55q8atxIHzNhFDr-w,https://jiuye.uestc.edu.cn/career/recruitment/group/fxigr1ngtyip,verified,https://jiuye.uestc.edu.cn/career/recruitment/group,
1c3a1651a606dbd35f4d7a8a816130ed7ab6dc5eaf536e360dd0812c97f9803d,2026-09-08 09:28:01,2026-09-08 09:28:01,现场招聘,【组团招聘】湖南湘江新区,招聘活动电子科技大学站专场,算法工程师,2026-09-07 14:52:35,2026-09-16,湖南省:长沙市,2026-09-16,14:00,17:00,【清水河校区】学生活动中心一楼圆厅,本科、硕士、博士,,,,https://mp.weixin.qq.com/s/ozgcX55q8atxIHzNhFDr-w,https://jiuye.uestc.edu.cn/career/recruitment/group/fxigr1ngtyip,verified,https://jiuye.uestc.edu.cn/career/recruitment/group,
2187a0565f5e03393144754fb4f95fbca0db15e5903963d264173accba0381ff,2026-09-08 09:28:01,2026-09-08 09:28:01,现场招聘,【组团招聘】湖南湘江新区,招聘活动电子科技大学站专场,机械自动化设计工程师,2026-09-07 14:52:35,2026-09-16,湖南省:长沙市,2026-09-16,14:00,17:00,【清水河校区】学生活动中心一楼圆厅,本科、硕士、博士,,,,https://mp.weixin.qq.com/s/ozgcX55q8atxIHzNhFDr-w,https://jiuye.uestc.edu.cn/career/recruitment/group/fxigr1ngtyip,verified,https://jiuye.uestc.edu.cn/career/recruitment/group,
d0471ea85124d61e51a5ef869f6e2bbd20b291f12545722bd4a6ba296b4ccc3a,2026-09-08 09:28:01,2026-09-08 09:28:01,现场招聘,【组团招聘】湖南湘江新区,招聘活动电子科技大学站专场,自动化研发工程师,2026-09-07 14:52:35,2026-09-16,湖南省:长沙市,2026-09-16,14:00,17:00,【清水河校区】学生活动中心一楼圆厅,本科、硕士、博士,,,,https://mp.weixin.qq.com/s/ozgcX55q8atxIHzNhFDr-w,https://jiuye.uestc.edu.cn/career/recruitment/group/fxigr1ngtyip,verified,https://jiuye.uestc.edu.cn/career/recruitment/group,
f378f6abbaba73a5c717782d4f2c08aae32ee77991dd1154e16b1805421a79c0,2026-09-08 09:28:01,2026-09-08 09:28:01,现场招聘,【组团招聘】湖南湘江新区,招聘活动电子科技大学站专场,电气设计工程师,2026-09-07 14:52:35,2026-09-16,湖南省:长沙市,2026-09-16,14:00,17:00,【清水河校区】学生活动中心一楼圆厅,本科、硕士、博士,,,,https://mp.weixin.qq.com/s/ozgcX55q8atxIHzNhFDr-w,https://jiuye.uestc.edu.cn/career/recruitment/group/fxigr1ngtyip,verified,https://jiuye.uestc.edu.cn/career/recruitment/group,
ab32439d66080033f3ce347d268af320df4e288ca3dccd3fde7d17dcd4fc1248,2026-09-08 09:28:01,2026-09-08 09:28:01,现场招聘,【组团招聘】湖南湘江新区,招聘活动电子科技大学站专场,技术支持工程师,2026-09-07 14:52:35,2026-09-16,湖南省:长沙市,2026-09-16,14:00,17:00,【清水河校区】学生活动中心一楼圆厅,本科、硕士、博士,,,,https://mp.weixin.qq.com/s/ozgcX55q8atxIHzNhFDr-w,https://jiuye.uestc.edu.cn/career/recruitment/group/fxigr1ngtyip,verified,https://jiuye.uestc.edu.cn/career/recruitment/group,
9556606b1055fd108962a12cfae477ab97e30599282385be6e985fb08d58232d,2026-09-08 09:28:01,2026-09-08 09:28:01,现场招聘,【组团招聘】湖南湘江新区,招聘活动电子科技大学站专场,海外销售工程师,2026-09-07 14:52:35,2026-09-16,湖南省:长沙市,2026-09-16,14:00,17:00,【清水河校区】学生活动中心一楼圆厅,本科、硕士、博士,,,,https://mp.weixin.qq.com/s/ozgcX55q8atxIHzNhFDr-w,https://jiuye.uestc.edu.cn/career/recruitment/group/fxigr1ngtyip,verified,https://jiuye.uestc.edu.cn/career/recruitment/group,
53761057a65494a5367a85dfe5caad872607562701841f9e08339451feebd1b0,2026-09-08 09:28:01,2026-09-08 09:28:01,现场招聘,【组团招聘】湖南湘江新区,招聘活动电子科技大学站专场,技术类管培生,2026-09-07 14:52:35,2026-09-16,湖南省:长沙市,2026-09-16,14:00,17:00,【清水河校区】学生活动中心一楼圆厅,本科、硕士、博士,,,,https://mp.weixin.qq.com/s/ozgcX55q8atxIHzNhFDr-w,https://jiuye.uestc.edu.cn/career/recruitment/group/fxigr1ngtyip,verified,https://jiuye.uestc.edu.cn/career/recruitment/group,
0a466b370c64b4ea04ad60f0b61638e8d18e213efc98361f783c1968c2eeef32,2026-09-08 09:28:01,2026-09-08 09:28:01,现场招聘,【组团招聘】湖南湘江新区,招聘活动电子科技大学站专场,产品专家,2026-09-07 14:52:35,2026-09-16,湖南省:长沙市,2026-09-16,14:00,17:00,【清水河校区】学生活动中心一楼圆厅,本科、硕士、博士,,,,https://mp.weixin.qq.com/s/ozgcX55q8atxIHzNhFDr-w,https://jiuye.uestc.edu.cn/career/recruitment/group/fxigr1ngtyip,verified,https://jiuye.uestc.edu.cn/career/recruitment/group,
f1efa56647c1e710c13c476dfc37df853ec603212b18a561e1bfbe5c11ed1216,2026-09-08 09:28:01,2026-09-08 09:28:01,现场招聘,【组团招聘】湖南湘江新区,招聘活动电子科技大学站专场,AI图像算法工程师,2026-09-07 14:52:35,2026-09-16,湖南省:长沙市,2026-09-16,14:00,17:00,【清水河校区】学生活动中心一楼圆厅,本科、硕士、博士,,,,https://mp.weixin.qq.com/s/ozgcX55q8atxIHzNhFDr-w,https://jiuye.uestc.edu.cn/career/recruitment/group/fxigr1ngtyip,verified,https://jiuye.uestc.edu.cn/career/recruitment/group,
20d63639edb5f3c295f39bbf363d7e79a8a9c627133885613ba3da7ea838fa44,2026-09-08 09:28:01,2026-09-08 09:28:01,现场招聘,【组团招聘】湖南湘江新区,招聘活动电子科技大学站专场,管培生 (工艺、项目管理等方向),2026-09-07 14:52:35,2026-09-16,湖南省:长沙市,2026-09-16,14:00,17:00,【清水河校区】学生活动中心一楼圆厅,本科、硕士、博士,,,,https://mp.weixin.qq.com/s/ozgcX55q8atxIHzNhFDr-w,https://jiuye.uestc.edu.cn/career/recruitment/group/fxigr1ngtyip,verified,https://jiuye.uestc.edu.cn/career/recruitment/group,
04f3335760dccf37eed0a4b24567fd20a03b9a7fd6f93eaea0227ddd0d0fe9ea,2026-09-08 09:28:01,2026-09-08 09:28:01,现场招聘,【组团招聘】湖南湘江新区,招聘活动电子科技大学站专场,器件设计工程师,2026-09-07 14:52:35,2026-09-16,湖南省:长沙市,2026-09-16,14:00,17:00,【清水河校区】学生活动中心一楼圆厅,本科、硕士、博士,,,,https://mp.weixin.qq.com/s/ozgcX55q8atxIHzNhFDr-w,https://jiuye.uestc.edu.cn/career/recruitment/group/fxigr1ngtyip,verified,https://jiuye.uestc.edu.cn/career/recruitment/group,
d525668359e1d42569affcc6a435822be41ba423ee1745013397a037b8f799de,2026-09-08 09:28:01,2026-09-08 09:28:01,现场招聘,【组团招聘】湖南湘江新区,招聘活动电子科技大学站专场,芯片研发工程师,2026-09-07 14:52:35,2026-09-16,湖南省:长沙市,2026-09-16,14:00,17:00,【清水河校区】学生活动中心一楼圆厅,本科、硕士、博士,,,,https://mp.weixin.qq.com/s/ozgcX55q8atxIHzNhFDr-w,https://jiuye.uestc.edu.cn/career/recruitment/group/fxigr1ngtyip,verified,https://jiuye.uestc.edu.cn/career/recruitment/group,
d98167b8bb322a8837993a4219d8134df2d4d7cbe29d9134590d32d44ca310ca,2026-09-08 09:28:01,2026-09-08 09:28:01,现场招聘,【组团招聘】湖南湘江新区,招聘活动电子科技大学站专场,产品应用工程师,2026-09-07 14:52:35,2026-09-16,湖南省:长沙市,2026-09-16,14:00,17:00,【清水河校区】学生活动中心一楼圆厅,本科、硕士、博士,,,,https://mp.weixin.qq.com/s/ozgcX55q8atxIHzNhFDr-w,https://jiuye.uestc.edu.cn/career/recruitment/group/fxigr1ngtyip,verified,https://jiuye.uestc.edu.cn/career/recruitment/group,
8a126674ecb945959da46ee46bf3cf5f0c6e3b22cbf4a2b8d86135ad5cd9e9b3,2026-09-08 09:28:01,2026-09-08 09:28:01,现场招聘,【组团招聘】湖南湘江新区,招聘活动电子科技大学站专场,长晶研发工程师,2026-09-07 14:52:35,2026-09-16,湖南省:长沙市,2026-09-16,14:00,17:00,【清水河校区】学生活动中心一楼圆厅,本科、硕士、博士,,,,https://mp.weixin.qq.com/s/ozgcX55q8atxIHzNhFDr-w,https://jiuye.uestc.edu.cn/career/recruitment/group/fxigr1ngtyip,verified,https://jiuye.uestc.edu.cn/career/recruitment/group,
fa369b0cce6ae463731983574637049c180ae289cfcf66ef114f20db7e8c53e3,2026-09-08 09:28:01,2026-09-08 09:28:01,现场招聘,【组团招聘】湖南湘江新区,招聘活动电子科技大学站专场,长晶工艺工程师,2026-09-07 14:52:35,2026-09-16,湖南省:长沙市,2026-09-16,14:00,17:00,【清水河校区】学生活动中心一楼圆厅,本科、硕士、博士,,,,https://mp.weixin.qq.com/s/ozgcX55q8atxIHzNhFDr-w,https://jiuye.uestc.edu.cn/career/recruitment/group/fxigr1ngtyip,verified,https://jiuye.uestc.edu.cn/career/recruitment/group,
75d414b1ac6f431ccf51a391e46c7214db2d583b71e1737f640a9519e336b193,2026-09-08 09:28:01,2026-09-08 09:28:01,现场招聘,【组团招聘】湖南湘江新区,招聘活动电子科技大学站专场,晶圆工艺工程师,2026-09-07 14:52:35,2026-09-16,湖南省:长沙市,2026-09-16,14:00,17:00,【清水河校区】学生活动中心一楼圆厅,本科、硕士、博士,,,,https://mp.weixin.qq.com/s/ozgcX55q8atxIHzNhFDr-w,https://jiuye.uestc.edu.cn/career/recruitment/group/fxigr1ngtyip,verified,https://jiuye.uestc.edu.cn/career/recruitment/group,
da07d167905e30dd0da58e99cf763b40a16928aa30be81555b791798a8d9ca28,2026-09-08 09:28:01,2026-09-08 09:28:01,现场招聘,【组团招聘】湖南湘江新区,招聘活动电子科技大学站专场,外延工艺工程师,2026-09-07 14:52:35,2026-09-16,湖南省:长沙市,2026-09-16,14:00,17:00,【清水河校区】学生活动中心一楼圆厅,本科、硕士、博士,,,,https://mp.weixin.qq.com/s/ozgcX55q8atxIHzNhFDr-w,https://jiuye.uestc.edu.cn/career/recruitment/group/fxigr1ngtyip,verified,https://jiuye.uestc.edu.cn/career/recruitment/group,
4c1db97c6a59185cec0fd8d282962b85274b7ecbb95c5fce4fe597072e8d23fb,2026-09-08 09:28:01,2026-09-08 09:28:01,现场招聘,【组团招聘】湖南湘江新区,招聘活动电子科技大学站专场,芯片工艺工程师,2026-09-07 14:52:35,2026-09-16,湖南省:长沙市,2026-09-16,14:00,17:00,【清水河校区】学生活动中心一楼圆厅,本科、硕士、博士,,,,https://mp.weixin.qq.com/s/ozgcX55q8atxIHzNhFDr-w,https://jiuye.uestc.edu.cn/career/recruitment/group/fxigr1ngtyip,verified,https://jiuye.uestc.edu.cn/career/recruitment/group,
55150abea6406284382e3711841957b14ab00b91e04d42d36e3eddc275668628,2026-09-08 09:28:01,2026-09-08 09:28:01,现场招聘,【组团招聘】湖南湘江新区,招聘活动电子科技大学站专场,芯片制程整合工程师,2026-09-07 14:52:35,2026-09-16,湖南省:长沙市,2026-09-16,14:00,17:00,【清水河校区】学生活动中心一楼圆厅,本科、硕士、博士,,,,https://mp.weixin.qq.com/s/ozgcX55q8atxIHzNhFDr-w,https://jiuye.uestc.edu.cn/career/recruitment/group/fxigr1ngtyip,verified,https://jiuye.uestc.edu.cn/career/recruitment/group,
050d7618742a5b7189527cf54780d38b24466143ce584c4cf549e01c76dedb63,2026-09-08 09:28:01,2026-09-08 09:28:01,现场招聘,【组团招聘】湖南湘江新区,招聘活动电子科技大学站专场,良率工程师,2026-09-07 14:52:35,2026-09-16,湖南省:长沙市,2026-09-16,14:00,17:00,【清水河校区】学生活动中心一楼圆厅,本科、硕士、博士,,,,https://mp.weixin.qq.com/s/ozgcX55q8atxIHzNhFDr-w,https://jiuye.uestc.edu.cn/career/recruitment/group/fxigr1ngtyip,verified,https://jiuye.uestc.edu.cn/career/recruitment/group,
538e696b86d34f5144409057358a56c6f47887d6fb650a4827a72206f128c9a8,2026-09-08 09:28:01,2026-09-08 09:28:01,现场招聘,【组团招聘】湖南湘江新区,招聘活动电子科技大学站专场,设备工程师,2026-09-07 14:52:35,2026-09-16,湖南省:长沙市,2026-09-16,14:00,17:00,【清水河校区】学生活动中心一楼圆厅,本科、硕士、博士,,,,https://mp.weixin.qq.com/s/ozgcX55q8atxIHzNhFDr-w,https://jiuye.uestc.edu.cn/career/recruitment/group/fxigr1ngtyip,verified,https://jiuye.uestc.edu.cn/career/recruitment/group,
abd762a3043eb64b3259c36deb9c8a9f2ef148280c5bd68b57944d7fd0597306,2026-09-08 09:28:01,2026-09-08 09:28:01,现场招聘,【组团招聘】湖南湘江新区,招聘活动电子科技大学站专场,制造工程师,2026-09-07 14:52:35,2026-09-16,湖南省:长沙市,2026-09-16,14:00,17:00,【清水河校区】学生活动中心一楼圆厅,本科、硕士、博士,,,,https://mp.weixin.qq.com/s/ozgcX55q8atxIHzNhFDr-w,https://jiuye.uestc.edu.cn/career/recruitment/group/fxigr1ngtyip,verified,https://jiuye.uestc.edu.cn/career/recruitment/group,
eb8937cee7ec9ba92f1da787b1de38a9156fed82b06f518859b8585e54212ba5,2026-09-08 09:28:01,2026-09-08 09:28:01,现场招聘,【组团招聘】湖南湘江新区,招聘活动电子科技大学站专场,水处理工程师,2026-09-07 14:52:35,2026-09-16,湖南省:长沙市,2026-09-16,14:00,17:00,【清水河校区】学生活动中心一楼圆厅,本科、硕士、博士,,,,https://mp.weixin.qq.com/s/ozgcX55q8atxIHzNhFDr-w,https://jiuye.uestc.edu.cn/career/recruitment/group/fxigr1ngtyip,verified,https://jiuye.uestc.edu.cn/career/recruitment/group,
cca4237c2ee2034624fdb313d68cac2027b8670fee4254cca46a17b761b607f5,2026-09-08 09:28:01,2026-09-08 09:28:01,现场招聘,【组团招聘】湖南湘江新区,招聘活动电子科技大学站专场,气化工程师,2026-09-07 14:52:35,2026-09-16,湖南省:长沙市,2026-09-16,14:00,17:00,【清水河校区】学生活动中心一楼圆厅,本科、硕士、博士,,,,https://mp.weixin.qq.com/s/ozgcX55q8atxIHzNhFDr-w,https://jiuye.uestc.edu.cn/career/recruitment/group/fxigr1ngtyip,verified,https://jiuye.uestc.edu.cn/career/recruitment/group,
464e541c7ce19182fea64960479e8e03c679674dbc704190dbfb812d30d4f9d0,2026-09-08 09:28:01,2026-09-08 09:28:01,现场招聘,【组团招聘】湖南湘江新区,招聘活动电子科技大学站专场,计划工程师,2026-09-07 14:52:35,2026-09-16,湖南省:长沙市,2026-09-16,14:00,17:00,【清水河校区】学生活动中心一楼圆厅,本科、硕士、博士,,,,https://mp.weixin.qq.com/s/ozgcX55q8atxIHzNhFDr-w,https://jiuye.uestc.edu.cn/career/recruitment/group/fxigr1ngtyip,verified,https://jiuye.uestc.edu.cn/career/recruitment/group,
560d625e472f5d4831411bcc025ce70d96970cb43e580d1a130044d7c7c2a2be,2026-09-08 09:28:01,2026-09-08 09:28:01,现场招聘,【组团招聘】湖南湘江新区,招聘活动电子科技大学站专场,技术销售,2026-09-07 14:52:35,2026-09-16,湖南省:长沙市,2026-09-16,14:00,17:00,【清水河校区】学生活动中心一楼圆厅,本科、硕士、博士,,,,https://mp.weixin.qq.com/s/ozgcX55q8atxIHzNhFDr-w,https://jiuye.uestc.edu.cn/career/recruitment/group/fxigr1ngtyip,verified,https://jiuye.uestc.edu.cn/career/recruitment/group,
828af75c5599f15ce4d0ce4fa97a0a842a42b73019267b342073791f529537cd,2026-09-08 09:28:01,2026-09-08 09:28:01,现场招聘,【组团招聘】湖南湘江新区,招聘活动电子科技大学站专场,现场应用工程师FAE,2026-09-07 14:52:35,2026-09-16,湖南省:长沙市,2026-09-16,14:00,17:00,【清水河校区】学生活动中心一楼圆厅,本科、硕士、博士,,,,https://mp.weixin.qq.com/s/ozgcX55q8atxIHzNhFDr-w,https://jiuye.uestc.edu.cn/career/recruitment/group/fxigr1ngtyip,verified,https://jiuye.uestc.edu.cn/career/recruitment/group,
e3f6808a0967ce26a414df03fde909b6b9ad1d30da2f5153249b4510cf4c0de9,2026-09-08 09:28:01,2026-09-08 09:28:01,现场招聘,【组团招聘】湖南湘江新区,招聘活动电子科技大学站专场,市场策划,2026-09-07 14:52:35,2026-09-16,湖南省:长沙市,2026-09-16,14:00,17:00,【清水河校区】学生活动中心一楼圆厅,本科、硕士、博士,,,,https://mp.weixin.qq.com/s/ozgcX55q8atxIHzNhFDr-w,https://jiuye.uestc.edu.cn/career/recruitment/group/fxigr1ngtyip,verified,https://jiuye.uestc.edu.cn/career/recruitment/group,
48cfeb2e337cd0d8884461ba576cf5b28b9acaf2122bf183bc639af26e8973be,2026-09-08 09:28:01,2026-09-08 09:28:01,现场招聘,【组团招聘】湖南湘江新区,招聘活动电子科技大学站专场,数字验证工程师,2026-09-07 14:52:35,2026-09-16,湖南省:长沙市,2026-09-16,14:00,17:00,【清水河校区】学生活动中心一楼圆厅,本科、硕士、博士,,,,https://mp.weixin.qq.com/s/ozgcX55q8atxIHzNhFDr-w,https://jiuye.uestc.edu.cn/career/recruitment/group/fxigr1ngtyip,verified,https://jiuye.uestc.edu.cn/career/recruitment/group,
51f36460a6c37921c2d741392ab3a7a952a3565288905b5c6262f62e34cabd52,2026-09-08 09:28:01,2026-09-08 09:28:01,现场招聘,【组团招聘】湖南湘江新区,招聘活动电子科技大学站专场,模拟电路工程师,2026-09-07 14:52:35,2026-09-16,湖南省:长沙市,2026-09-16,14:00,17:00,【清水河校区】学生活动中心一楼圆厅,本科、硕士、博士,,,,https://mp.weixin.qq.com/s/ozgcX55q8atxIHzNhFDr-w,https://jiuye.uestc.edu.cn/career/recruitment/group/fxigr1ngtyip,verified,https://jiuye.uestc.edu.cn/career/recruitment/group,
96a0bff8e59fe70d4e9af4dcde36873df66470bede9fbb74ecf60331b56ba272,2026-09-08 09:28:01,2026-09-08 09:28:01,现场招聘,【组团招聘】湖南湘江新区,招聘活动电子科技大学站专场,KFZ设计工程师,2026-09-07 14:52:35,2026-09-16,湖南省:长沙市,2026-09-16,14:00,17:00,【清水河校区】学生活动中心一楼圆厅,本科、硕士、博士,,,,https://mp.weixin.qq.com/s/ozgcX55q8atxIHzNhFDr-w,https://jiuye.uestc.edu.cn/career/recruitment/group/fxigr1ngtyip,verified,https://jiuye.uestc.edu.cn/career/recruitment/group,
02faa2c74e8e26e0da51e3d28224e3f293c1fc698ae6696cf2d1b52c2a0ec1d8,2026-09-08 09:28:01,2026-09-08 09:28:01,现场招聘,【组团招聘】湖南湘江新区,招聘活动电子科技大学站专场,后端工程师,2026-09-07 14:52:35,2026-09-16,湖南省:长沙市,2026-09-16,14:00,17:00,【清水河校区】学生活动中心一楼圆厅,本科、硕士、博士,,,,https://mp.weixin.qq.com/s/ozgcX55q8atxIHzNhFDr-w,https://jiuye.uestc.edu.cn/career/recruitment/group/fxigr1ngtyip,verified,https://jiuye.uestc.edu.cn/career/recruitment/group,
02770cfb9137625c52b7d746701c47a582469c8a1112c155ceff5c6f41e5d684,2026-09-08 09:28:01,2026-09-08 09:28:01,现场招聘,【组团招聘】湖南湘江新区,招聘活动电子科技大学站专场,结构研发工程师,2026-09-07 14:52:35,2026-09-16,湖南省:长沙市,2026-09-16,14:00,17:00,【清水河校区】学生活动中心一楼圆厅,本科、硕士、博士,,,,https://mp.weixin.qq.com/s/ozgcX55q8atxIHzNhFDr-w,https://jiuye.uestc.edu.cn/career/recruitment/group/fxigr1ngtyip,verified,https://jiuye.uestc.edu.cn/career/recruitment/group,
2f34554718ffcb54d0796e19243fbfbcc75a565fa57e37f41bbda0550c2888fd,2026-09-08 09:28:01,2026-09-08 09:28:01,现场招聘,【组团招聘】湖南湘江新区,招聘活动电子科技大学站专场,电气研发工程师,2026-09-07 14:52:35,2026-09-16,湖南省:长沙市,2026-09-16,14:00,17:00,【清水河校区】学生活动中心一楼圆厅,本科、硕士、博士,,,,https://mp.weixin.qq.com/s/ozgcX55q8atxIHzNhFDr-w,https://jiuye.uestc.edu.cn/career/recruitment/group/fxigr1ngtyip,verified,https://jiuye.uestc.edu.cn/career/recruitment/group,
2cbcdbd8dc8946198b74f949eb3a9943a8209e1ca924ee1577978f2aef864bfd,2026-09-08 09:28:01,2026-09-08 09:28:01,现场招聘,【组团招聘】湖南湘江新区,招聘活动电子科技大学站专场,工艺研发工程师 (光伏装备、半导体设备),2026-09-07 14:52:35,2026-09-16,湖南省:长沙市,2026-09-16,14:00,17:00,【清水河校区】学生活动中心一楼圆厅,本科、硕士、博士,,,,https://mp.weixin.qq.com/s/ozgcX55q8atxIHzNhFDr-w,https://jiuye.uestc.edu.cn/career/recruitment/group/fxigr1ngtyip,verified,https://jiuye.uestc.edu.cn/career/recruitment/group,
b94ed47fa5fff36a9396d4d8423e732d1367d82707b5ca57b41e6b240882f779,2026-09-08 09:28:01,2026-09-08 09:28:01,现场招聘,【组团招聘】湖南湘江新区,招聘活动电子科技大学站专场,软件设计工程师 (偏硬件),2026-09-07 14:52:35,2026-09-16,湖南省:长沙市,2026-09-16,14:00,17:00,【清水河校区】学生活动中心一楼圆厅,本科、硕士、博士,,,,https://mp.weixin.qq.com/s/ozgcX55q8atxIHzNhFDr-w,https://jiuye.uestc.edu.cn/career/recruitment/group/fxigr1ngtyip,verified,https://jiuye.uestc.edu.cn/career/recruitment/group,
d0706311a7b537b0e95be75aa8c31b1f4bea17d05ca3d1438fe56be8d0177aed,2026-09-08 09:28:01,2026-09-08 09:28:01,现场招聘,【组团招聘】湖南湘江新区,招聘活动电子科技大学站专场,软件开发工程师 (偏硬件),2026-09-07 14:52:35,2026-09-16,湖南省:长沙市,2026-09-16,14:00,17:00,【清水河校区】学生活动中心一楼圆厅,本科、硕士、博士,,,,https://mp.weixin.qq.com/s/ozgcX55q8atxIHzNhFDr-w,https://jiuye.uestc.edu.cn/career/recruitment/group/fxigr1ngtyip,verified,https://jiuye.uestc.edu.cn/career/recruitment/group,
cc4bcb2ffddf3b82963be06308bc22804f2422f8a526368a7cd8f1240463661e,2026-09-08 09:28:01,2026-09-08 09:28:01,现场招聘,【组团招聘】湖南湘江新区,招聘活动电子科技大学站专场,算法工程师 (半导体立式炉),2026-09-07 14:52:35,2026-09-16,湖南省:长沙市,2026-09-16,14:00,17:00,【清水河校区】学生活动中心一楼圆厅,本科、硕士、博士,,,,https://mp.weixin.qq.com/s/ozgcX55q8atxIHzNhFDr-w,https://jiuye.uestc.edu.cn/career/recruitment/group/fxigr1ngtyip,verified,https://jiuye.uestc.edu.cn/career/recruitment/group,
297853542bcca1a5c38fbdb6cadf5e35a467825097f9a022ea3e3052d2968655,2026-09-08 09:28:01,2026-09-08 09:28:01,现场招聘,【组团招聘】湖南湘江新区,招聘活动电子科技大学站专场,AE应用岗,2026-09-07 14:52:35,2026-09-16,湖南省:长沙市,2026-09-16,14:00,17:00,【清水河校区】学生活动中心一楼圆厅,本科、硕士、博士,,,,https://mp.weixin.qq.com/s/ozgcX55q8atxIHzNhFDr-w,https://jiuye.uestc.edu.cn/career/recruitment/group/fxigr1ngtyip,verified,https://jiuye.uestc.edu.cn/career/recruitment/group,
7b76b644ef54068376b79af814e1c5fb09a9dcc42b44331409f82eaab5aa4514,2026-09-08 09:28:01,2026-09-08 09:28:01,现场招聘,【组团招聘】湖南湘江新区,招聘活动电子科技大学站专场,项目管理岗,2026-09-07 14:52:35,2026-09-16,湖南省:长沙市,2026-09-16,14:00,17:00,【清水河校区】学生活动中心一楼圆厅,本科、硕士、博士,,,,https://mp.weixin.qq.com/s/ozgcX55q8atxIHzNhFDr-w,https://jiuye.uestc.edu.cn/career/recruitment/group/fxigr1ngtyip,verified,https://jiuye.uestc.edu.cn/career/recruitment/group,
cb39291db50cd1f92f70aad7421299031a69cc5c58a14eff75f8ee3b8c3522bb,2026-09-08 09:28:01,2026-09-08 09:28:01,现场招聘,【组团招聘】湖南湘江新区,招聘活动电子科技大学站专场,交付售后岗,2026-09-07 14:52:35,2026-09-16,湖南省:长沙市,2026-09-16,14:00,17:00,【清水河校区】学生活动中心一楼圆厅,本科、硕士、博士,,,,https://mp.weixin.qq.com/s/ozgcX55q8atxIHzNhFDr-w,https://jiuye.uestc.edu.cn/career/recruitment/group/fxigr1ngtyip,verified,https://jiuye.uestc.edu.cn/career/recruitment/group,
478a427ab04244ebcc64bf40e0eba7d144e15b1dfe2f0c2d6494fe53d731e9a6,2026-09-08 09:28:01,2026-09-08 09:28:01,现场招聘,【组团招聘】湖南湘江新区,招聘活动电子科技大学站专场,生产管理岗,2026-09-07 14:52:35,2026-09-16,湖南省:长沙市,2026-09-16,14:00,17:00,【清水河校区】学生活动中心一楼圆厅,本科、硕士、博士,,,,https://mp.weixin.qq.com/s/ozgcX55q8atxIHzNhFDr-w,https://jiuye.uestc.edu.cn/career/recruitment/group/fxigr1ngtyip,verified,https://jiuye.uestc.edu.cn/career/recruitment/group,
9a554d791b20bc63e4f6b1639c8a90cd85f299a3759257cff3317f49416b7503,2026-09-08 09:28:01,2026-09-08 09:28:01,现场招聘,【组团招聘】湖南湘江新区,招聘活动电子科技大学站专场,电气技术岗,2026-09-07 14:52:35,2026-09-16,湖南省:长沙市,2026-09-16,14:00,17:00,【清水河校区】学生活动中心一楼圆厅,本科、硕士、博士,,,,https://mp.weixin.qq.com/s/ozgcX55q8atxIHzNhFDr-w,https://jiuye.uestc.edu.cn/career/recruitment/group/fxigr1ngtyip,verified,https://jiuye.uestc.edu.cn/career/recruitment/group,
8c92e4efe63725ca4a497e2d285a6ac1e082a220f8fafc0934c193f9efc9181e,2026-09-08 09:28:01,2026-09-08 09:28:01,现场招聘,【组团招聘】湖南湘江新区,招聘活动电子科技大学站专场,营销内勤,2026-09-07 14:52:35,2026-09-16,湖南省:长沙市,2026-09-16,14:00,17:00,【清水河校区】学生活动中心一楼圆厅,本科、硕士、博士,,,,https://mp.weixin.qq.com/s/ozgcX55q8atxIHzNhFDr-w,https://jiuye.uestc.edu.cn/career/recruitment/group/fxigr1ngtyip,verified,https://jiuye.uestc.edu.cn/career/recruitment/group,
23d35e7a59c3c1de50d72ab9258da7a93f3bb5db7d70f55776d2386e27433c0b,2026-09-08 09:28:01,2026-09-08 09:28:01,现场招聘,【组团招聘】湖南湘江新区,招聘活动电子科技大学站专场,市场营销,2026-09-07 14:52:35,2026-09-16,湖南省:长沙市,2026-09-16,14:00,17:00,【清水河校区】学生活动中心一楼圆厅,本科、硕士、博士,,,,https://mp.weixin.qq.com/s/ozgcX55q8atxIHzNhFDr-w,https://jiuye.uestc.edu.cn/career/recruitment/group/fxigr1ngtyip,verified,https://jiuye.uestc.edu.cn/career/recruitment/group,
fd430614339d90296af91c4cf88b9ef3f0d0a423e8daa7a30fcaffbcd2ab0a55,2026-09-08 09:28:01,2026-09-08 09:28:01,现场招聘,【组团招聘】湖南湘江新区,招聘活动电子科技大学站专场,成本管理岗/储备管理岗,2026-09-07 14:52:35,2026-09-16,湖南省:长沙市,2026-09-16,14:00,17:00,【清水河校区】学生活动中心一楼圆厅,本科、硕士、博士,,,,https://mp.weixin.qq.com/s/ozgcX55q8atxIHzNhFDr-w,https://jiuye.uestc.edu.cn/career/recruitment/group/fxigr1ngtyip,verified,https://jiuye.uestc.edu.cn/career/recruitment/group,
e4040a9ee99be56455d440f28ac5d7a869782d0b15978ed24e99277b25996952,2026-09-08 09:28:01,2026-09-08 09:28:01,现场招聘,【组团招聘】湖南湘江新区,招聘活动电子科技大学站专场,C/C++开发工程师,2026-09-07 14:52:35,2026-09-16,湖南省:长沙市,2026-09-16,14:00,17:00,【清水河校区】学生活动中心一楼圆厅,本科、硕士、博士,,,,https://mp.weixin.qq.com/s/ozgcX55q8atxIHzNhFDr-w,https://jiuye.uestc.edu.cn/career/recruitment/group/fxigr1ngtyip,verified,https://jiuye.uestc.edu.cn/career/recruitment/group,
0722d2fc2a814dd80813295e53a2b0b6eadead0bdd832ee7c1e0eca5bd27b5e2,2026-09-08 09:28:01,2026-09-08 09:28:01,现场招聘,【组团招聘】湖南湘江新区,招聘活动电子科技大学站专场,python开发工程师,2026-09-07 14:52:35,2026-09-16,湖南省:长沙市,2026-09-16,14:00,17:00,【清水河校区】学生活动中心一楼圆厅,本科、硕士、博士,,,,https://mp.weixin.qq.com/s/ozgcX55q8atxIHzNhFDr-w,https://jiuye.uestc.edu.cn/career/recruitment/group/fxigr1ngtyip,verified,https://jiuye.uestc.edu.cn/career/recruitment/group,
1d2f3dce19f3a8d14ce9fb1bfa0d0c05d92952b442c319967253b87f76068a29,2026-09-08 09:28:01,2026-09-08 09:28:01,现场招聘,【组团招聘】湖南湘江新区,招聘活动电子科技大学站专场,前端开发工程师,2026-09-07 14:52:35,2026-09-16,湖南省:长沙市,2026-09-16,14:00,17:00,【清水河校区】学生活动中心一楼圆厅,本科、硕士、博士,,,,https://mp.weixin.qq.com/s/ozgcX55q8atxIHzNhFDr-w,https://jiuye.uestc.edu.cn/career/recruitment/group/fxigr1ngtyip,verified,https://jiuye.uestc.edu.cn/career/recruitment/group,
529a502474d9ede7d7dbd0ec33ce6d94bed6d12dde97ab2b207632eca1c721e6,2026-09-08 09:28:01,2026-09-08 09:28:01,现场招聘,【组团招聘】湖南湘江新区,招聘活动电子科技大学站专场,硬件开发工程师,2026-09-07 14:52:35,2026-09-16,湖南省:长沙市,2026-09-16,14:00,17:00,【清水河校区】学生活动中心一楼圆厅,本科、硕士、博士,,,,https://mp.weixin.qq.com/s/ozgcX55q8atxIHzNhFDr-w,https://jiuye.uestc.edu.cn/career/recruitment/group/fxigr1ngtyip,verified,https://jiuye.uestc.edu.cn/career/recruitment/group,
fc470fd25713e8127fdff27abba6e9b04ec66be55b5c14cea822f539b7e1c68e,2026-09-08 09:28:01,2026-09-08 09:28:01,现场招聘,【组团招聘】湖南湘江新区,招聘活动电子科技大学站专场,软件测试工程师,2026-09-07 14:52:35,2026-09-16,湖南省:长沙市,2026-09-16,14:00,17:00,【清水河校区】学生活动中心一楼圆厅,本科、硕士、博士,,,,https://mp.weixin.qq.com/s/ozgcX55q8atxIHzNhFDr-w,https://jiuye.uestc.edu.cn/career/recruitment/group/fxigr1ngtyip,verified,https://jiuye.uestc.edu.cn/career/recruitment/group,
ded4362496e89380380f72d82405b610bdb4e743a58ce0b20f162e23b3dc02d0,2026-09-08 09:28:01,2026-09-08 09:28:01,现场招聘,【组团招聘】湖南湘江新区,招聘活动电子科技大学站专场,管培生,2026-09-07 14:52:35,2026-09-16,湖南省:长沙市,2026-09-16,14:00,17:00,【清水河校区】学生活动中心一楼圆厅,本科、硕士、博士,,,,https://mp.weixin.qq.com/s/ozgcX55q8atxIHzNhFDr-w,https://jiuye.uestc.edu.cn/career/recruitment/group/fxigr1ngtyip,verified,https://jiuye.uestc.edu.cn/career/recruitment/group,
0f7f3ed1d0fbb00fcfe907afae0b79d67f8f7586f4b233e49909b4dcaf28e7fa,2026-09-08 09:28:01,2026-09-08 09:28:01,现场招聘,【组团招聘】湖南湘江新区,招聘活动电子科技大学站专场,财务会计,2026-09-07 14:52:35,2026-09-16,湖南省:长沙市,2026-09-16,14:00,17:00,【清水河校区】学生活动中心一楼圆厅,本科、硕士、博士,,,,https://mp.weixin.qq.com/s/ozgcX55q8atxIHzNhFDr-w,https://jiuye.uestc.edu.cn/career/recruitment/group/fxigr1ngtyip,verified,https://jiuye.uestc.edu.cn/career/recruitment/group,
80c2032c0e6feacb8b8b9f4cc5fda35d8259a27e728b462dabc8d36bd2b3b9da,2026-09-08 09:28:01,2026-09-08 09:28:01,现场招聘,【组团招聘】湖南湘江新区,招聘活动电子科技大学站专场,SLAM算法,2026-09-07 14:52:35,2026-09-16,湖南省:长沙市,2026-09-16,14:00,17:00,【清水河校区】学生活动中心一楼圆厅,本科、硕士、博士,,,,https://mp.weixin.qq.com/s/ozgcX55q8atxIHzNhFDr-w,https://jiuye.uestc.edu.cn/career/recruitment/group/fxigr1ngtyip,verified,https://jiuye.uestc.edu.cn/career/recruitment/group,
eff756bf24b1badf5b6bf05db293356cb4373b4eb192d63e04f410322c731483,2026-09-08 09:28:01,2026-09-08 09:28:01,现场招聘,【组团招聘】湖南湘江新区,招聘活动电子科技大学站专场,感知算法,2026-09-07 14:52:35,2026-09-16,湖南省:长沙市,2026-09-16,14:00,17:00,【清水河校区】学生活动中心一楼圆厅,本科、硕士、博士,,,,https://mp.weixin.qq.com/s/ozgcX55q8atxIHzNhFDr-w,https://jiuye.uestc.edu.cn/career/recruitment/group/fxigr1ngtyip,verified,https://jiuye.uestc.edu.cn/career/recruitment/group,
802a61df78537602a47263b3c0058fa6d8262315dce9a912a3680d6861ccd6e3,2026-09-08 09:28:01,2026-09-08 09:28:01,现场招聘,【组团招聘】湖南湘江新区,招聘活动电子科技大学站专场,导航算法,2026-09-07 14:52:35,2026-09-16,湖南省:长沙市,2026-09-16,14:00,17:00,【清水河校区】学生活动中心一楼圆厅,本科、硕士、博士,,,,https://mp.weixin.qq.com/s/ozgcX55q8atxIHzNhFDr-w,https://jiuye.uestc.edu.cn/career/recruitment/group/fxigr1ngtyip,verified,https://jiuye.uestc.edu.cn/career/recruitment/group,
44839de108028bf8a1c28b817dde6871902cfd80398d27e7aa8fd7c6f13b06f1,2026-09-08 09:28:01,2026-09-08 09:28:01,现场招聘,【组团招聘】湖南湘江新区,招聘活动电子科技大学站专场,大模型算法(VLA/VLM),2026-09-07 14:52:35,2026-09-16,湖南省:长沙市,2026-09-16,14:00,17:00,【清水河校区】学生活动中心一楼圆厅,本科、硕士、博士,,,,https://mp.weixin.qq.com/s/ozgcX55q8atxIHzNhFDr-w,https://jiuye.uestc.edu.cn/career/recruitment/group/fxigr1ngtyip,verified,https://jiuye.uestc.edu.cn/career/recruitment/group,
60baa9b241cf52acf696ce492f0069c0adab33949569437085283cb6287bca59,2026-09-08 09:28:01,2026-09-08 09:28:01,现场招聘,【组团招聘】湖南湘江新区,招聘活动电子科技大学站专场,AGV销售 (工业自动化),2026-09-07 14:52:35,2026-09-16,湖南省:长沙市,2026-09-16,14:00,17:00,【清水河校区】学生活动中心一楼圆厅,本科、硕士、博士,,,,https://mp.weixin.qq.com/s/ozgcX55q8atxIHzNhFDr-w,https://jiuye.uestc.edu.cn/career/recruitment/group/fxigr1ngtyip,verified,https://jiuye.uestc.edu.cn/career/recruitment/group,
2e5b6c60eba1c2452ce6051295357735272d5a64362832130f89b8aa7d1ebde8,2026-09-08 09:28:01,2026-09-08 09:28:01,现场招聘,【组团招聘】湖南湘江新区,招聘活动电子科技大学站专场,机器人销售,2026-09-07 14:52:35,2026-09-16,湖南省:长沙市,2026-09-16,14:00,17:00,【清水河校区】学生活动中心一楼圆厅,本科、硕士、博士,,,,https://mp.weixin.qq.com/s/ozgcX55q8atxIHzNhFDr-w,https://jiuye.uestc.edu.cn/career/recruitment/group/fxigr1ngtyip,verified,https://jiuye.uestc.edu.cn/career/recruitment/group,
073ed9d706aba7a342eaeee72b5a4bc4b1df422354ee7924ec8302fd87eff16e,2026-09-08 09:28:01,2026-09-08 09:28:01,现场招聘,【组团招聘】湖南湘江新区,招聘活动电子科技大学站专场,AGV交付岗,2026-09-07 14:52:35,2026-09-16,湖南省:长沙市,2026-09-16,14:00,17:00,【清水河校区】学生活动中心一楼圆厅,本科、硕士、博士,,,,https://mp.weixin.qq.com/s/ozgcX55q8atxIHzNhFDr-w,https://jiuye.uestc.edu.cn/career/recruitment/group/fxigr1ngtyip,verified,https://jiuye.uestc.edu.cn/career/recruitment/group,
52842ea321402a6285e7676e3e4b9088cadf36a9831eb584a94424a91211f46c,2026-09-08 09:28:01,2026-09-08 09:28:01,现场招聘,【组团招聘】湖南湘江新区,招聘活动电子科技大学站专场,机器人技术支持,2026-09-07 14:52:35,2026-09-16,湖南省:长沙市,2026-09-16,14:00,17:00,【清水河校区】学生活动中心一楼圆厅,本科、硕士、博士,,,,https://mp.weixin.qq.com/s/ozgcX55q8atxIHzNhFDr-w,https://jiuye.uestc.edu.cn/career/recruitment/group/fxigr1ngtyip,verified,https://jiuye.uestc.edu.cn/career/recruitment/group,
d15f6b263727ea930291105bc5767a6894ab9e0fe6d438ed10e907786b58371b,2026-09-08 09:28:01,2026-09-08 09:28:01,现场招聘,【组团招聘】湖南湘江新区,招聘活动电子科技大学站专场,复材结构工程师,2026-09-07 14:52:35,2026-09-16,湖南省:长沙市,2026-09-16,14:00,17:00,【清水河校区】学生活动中心一楼圆厅,本科、硕士、博士,,,,https://mp.weixin.qq.com/s/ozgcX55q8atxIHzNhFDr-w,https://jiuye.uestc.edu.cn/career/recruitment/group/fxigr1ngtyip,verified,https://jiuye.uestc.edu.cn/career/recruitment/group,
d279a9e4a073b6e80b75da23e70956d164cb281635f10faeb0e027c8a13a6498,2026-09-08 09:28:01,2026-09-08 09:28:01,现场招聘,【组团招聘】湖南湘江新区,招聘活动电子科技大学站专场,复材工艺工程师,2026-09-07 14:52:35,2026-09-16,湖南省:长沙市,2026-09-16,14:00,17:00,【清水河校区】学生活动中心一楼圆厅,本科、硕士、博士,,,,https://mp.weixin.qq.com/s/ozgcX55q8atxIHzNhFDr-w,https://jiuye.uestc.edu.cn/career/recruitment/group/fxigr1ngtyip,verified,https://jiuye.uestc.edu.cn/career/recruitment/group,
8d7eceaa4b67775648abd98a41c73f38feab5214a0fdca3281b7efb51fa9b696,2026-09-08 09:28:01,2026-09-08 09:28:01,现场招聘,【组团招聘】湖南湘江新区,招聘活动电子科技大学站专场,PMI泡沫研发工程师,2026-09-07 14:52:35,2026-09-16,湖南省:长沙市,2026-09-16,14:00,17:00,【清水河校区】学生活动中心一楼圆厅,本科、硕士、博士,,,,https://mp.weixin.qq.com/s/ozgcX55q8atxIHzNhFDr-w,https://jiuye.uestc.edu.cn/career/recruitment/group/fxigr1ngtyip,verified,https://jiuye.uestc.edu.cn/career/recruitment/group,
ea0f2c2151869f482e13ebe9860d70e2f5e18db34e63602e8d0e36f728a2043c,2026-09-08 09:28:01,2026-09-08 09:28:01,现场招聘,【组团招聘】湖南湘江新区,招聘活动电子科技大学站专场,高级研发工程师/技术专家(高温XB方向),2026-09-07 14:52:35,2026-09-16,湖南省:长沙市,2026-09-16,14:00,17:00,【清水河校区】学生活动中心一楼圆厅,本科、硕士、博士,,,,https://mp.weixin.qq.com/s/ozgcX55q8atxIHzNhFDr-w,https://jiuye.uestc.edu.cn/career/recruitment/group/fxigr1ngtyip,verified,https://jiuye.uestc.edu.cn/career/recruitment/group,
a7c9e054da5db5a4178da930d9ed215c64650ed26fc284b73c746e1446251217,2026-09-08 09:28:01,2026-09-08 09:28:01,现场招聘,【组团招聘】湖南湘江新区,招聘活动电子科技大学站专场,高级研发工程师/技术专家(飞行器YS方向),2026-09-07 14:52:35,2026-09-16,湖南省:长沙市,2026-09-16,14:00,17:00,【清水河校区】学生活动中心一楼圆厅,本科、硕士、博士,,,,https://mp.weixin.qq.com/s/ozgcX55q8atxIHzNhFDr-w,https://jiuye.uestc.edu.cn/career/recruitment/group/fxigr1ngtyip,verified,https://jiuye.uestc.edu.cn/career/recruitment/group,
5414a8151173f01b83487cbf2f5afbf641b6eae4d892ad6f43924a366e0165ff,2026-09-08 09:28:01,2026-09-08 09:28:01,现场招聘,【组团招聘】湖南湘江新区,招聘活动电子科技大学站专场,纤维研发工程师,2026-09-07 14:52:35,2026-09-16,湖南省:长沙市,2026-09-16,14:00,17:00,【清水河校区】学生活动中心一楼圆厅,本科、硕士、博士,,,,https://mp.weixin.qq.com/s/ozgcX55q8atxIHzNhFDr-w,https://jiuye.uestc.edu.cn/career/recruitment/group/fxigr1ngtyip,verified,https://jiuye.uestc.edu.cn/career/recruitment/group,
bb37f965e706c5e68f68646ab77461061362a19757dd7f9eaeeb2bf32bd78541,2026-09-08 09:28:01,2026-09-08 09:28:01,现场招聘,【组团招聘】湖南湘江新区,招聘活动电子科技大学站专场,合成研发工程师,2026-09-07 14:52:35,2026-09-16,湖南省:长沙市,2026-09-16,14:00,17:00,【清水河校区】学生活动中心一楼圆厅,本科、硕士、博士,,,,https://mp.weixin.qq.com/s/ozgcX55q8atxIHzNhFDr-w,https://jiuye.uestc.edu.cn/career/recruitment/group/fxigr1ngtyip,verified,https://jiuye.uestc.edu.cn/career/recruitment/group,
a0865ef2a69f4a03ab89626630abdf630eaae96b2e584914327a1374e51fb5c3,2026-09-08 09:28:01,2026-09-08 09:28:01,现场招聘,【组团招聘】湖南湘江新区,招聘活动电子科技大学站专场,纺织工艺工程师,2026-09-07 14:52:35,2026-09-16,湖南省:长沙市,2026-09-16,14:00,17:00,【清水河校区】学生活动中心一楼圆厅,本科、硕士、博士,,,,https://mp.weixin.qq.com/s/ozgcX55q8atxIHzNhFDr-w,https://jiuye.uestc.edu.cn/career/recruitment/group/fxigr1ngtyip,verified,https://jiuye.uestc.edu.cn/career/recruitment/group,
34184d194ccd4954841a4ddf1ee7edbae18d55efe8aebd4822422aa9e5c087a5,2026-09-08 09:28:01,2026-09-08 09:28:01,现场招聘,【组团招聘】湖南湘江新区,招聘活动电子科技大学站专场,海外营销管培生,2026-09-07 14:52:35,2026-09-16,湖南省:长沙市,2026-09-16,14:00,17:00,【清水河校区】学生活动中心一楼圆厅,本科、硕士、博士,,,,https://mp.weixin.qq.com/s/ozgcX55q8atxIHzNhFDr-w,https://jiuye.uestc.edu.cn/career/recruitment/group/fxigr1ngtyip,verified,https://jiuye.uestc.edu.cn/career/recruitment/group,
c34568e00233b0ea57b3a387db7cde4951526c78d884ce4946a0eb896144ce84,2026-09-08 09:28:01,2026-09-08 09:28:01,现场招聘,【组团招聘】湖南湘江新区,招聘活动电子科技大学站专场,FPGA工程师,2026-09-07 14:52:35,2026-09-16,湖南省:长沙市,2026-09-16,14:00,17:00,【清水河校区】学生活动中心一楼圆厅,本科、硕士、博士,,,,https://mp.weixin.qq.com/s/ozgcX55q8atxIHzNhFDr-w,https://jiuye.uestc.edu.cn/career/recruitment/group/fxigr1ngtyip,verified,https://jiuye.uestc.edu.cn/career/recruitment/group,
6fbff586f1cf3673d2980c9d0ce7636f2759e8223ae73b54160ba529a0e115e1,2026-09-08 09:28:01,2026-09-08 09:28:01,现场招聘,【组团招聘】湖南湘江新区,招聘活动电子科技大学站专场,人工智能工程师,2026-09-07 14:52:35,2026-09-16,湖南省:长沙市,2026-09-16,14:00,17:00,【清水河校区】学生活动中心一楼圆厅,本科、硕士、博士,,,,https://mp.weixin.qq.com/s/ozgcX55q8atxIHzNhFDr-w,https://jiuye.uestc.edu.cn/career/recruitment/group/fxigr1ngtyip,verified,https://jiuye.uestc.edu.cn/career/recruitment/group,
cee68f89d712ec7c2aa0a8662ae77a26c463baed1eb0af6b4ee280923df4813c,2026-09-08 09:28:01,2026-09-08 09:28:01,现场招聘,【组团招聘】湖南湘江新区,招聘活动电子科技大学站专场,研发工程师,2026-09-07 14:52:35,2026-09-16,湖南省:长沙市,2026-09-16,14:00,17:00,【清水河校区】学生活动中心一楼圆厅,本科、硕士、博士,,,,https://mp.weixin.qq.com/s/ozgcX55q8atxIHzNhFDr-w,https://jiuye.uestc.edu.cn/career/recruitment/group/fxigr1ngtyip,verified,https://jiuye.uestc.edu.cn/career/recruitment/group,
5ef865c64280389aa3245c6645697dfd7eb16dee3577bf49d1f0d18bb714b349,2026-09-08 09:28:01,2026-09-08 09:28:01,现场招聘,【组团招聘】湖南湘江新区,招聘活动电子科技大学站专场,AI大模型训练师(美学),2026-09-07 14:52:35,2026-09-16,湖南省:长沙市,2026-09-16,14:00,17:00,【清水河校区】学生活动中心一楼圆厅,本科、硕士、博士,,,,https://mp.weixin.qq.com/s/ozgcX55q8atxIHzNhFDr-w,https://jiuye.uestc.edu.cn/career/recruitment/group/fxigr1ngtyip,verified,https://jiuye.uestc.edu.cn/career/recruitment/group,
b215392390b0cd2540ef929954446070f699488c3637f50a5f54c07bba4f726a,2026-09-08 09:28:01,2026-09-08 09:28:01,现场招聘,【组团招聘】湖南湘江新区,招聘活动电子科技大学站专场,AI大模型训练师(3D建模),2026-09-07 14:52:35,2026-09-16,湖南省:长沙市,2026-09-16,14:00,17:00,【清水河校区】学生活动中心一楼圆厅,本科、硕士、博士,,,,https://mp.weixin.qq.com/s/ozgcX55q8atxIHzNhFDr-w,https://jiuye.uestc.edu.cn/career/recruitment/group/fxigr1ngtyip,verified,https://jiuye.uestc.edu.cn/career/recruitment/group,
fe24d4524a61999302e16e1ff28649025b0a868edd725d2749ae4ac5ef15f3fb,2026-09-08 09:28:01,2026-09-08 09:28:01,现场招聘,【组团招聘】湖南湘江新区,招聘活动电子科技大学站专场,产品结构研发工程师,2026-09-07 14:52:35,2026-09-16,湖南省:长沙市,2026-09-16,14:00,17:00,【清水河校区】学生活动中心一楼圆厅,本科、硕士、博士,,,,https://mp.weixin.qq.com/s/ozgcX55q8atxIHzNhFDr-w,https://jiuye.uestc.edu.cn/career/recruitment/group/fxigr1ngtyip,verified,https://jiuye.uestc.edu.cn/career/recruitment/group,
f86dc7312b7d74ca67c84fd5f2c9a986f86883c4acf26142768dd18916ea5ade,2026-09-08 09:28:01,2026-09-08 09:28:01,现场招聘,【组团招聘】湖南湘江新区,招聘活动电子科技大学站专场,电子研发工程师,2026-09-07 14:52:35,2026-09-16,湖南省:长沙市,2026-09-16,14:00,17:00,【清水河校区】学生活动中心一楼圆厅,本科、硕士、博士,,,,https://mp.weixin.qq.com/s/ozgcX55q8atxIHzNhFDr-w,https://jiuye.uestc.edu.cn/career/recruitment/group/fxigr1ngtyip,verified,https://jiuye.uestc.edu.cn/career/recruitment/group,
ccfc19d35bd3e9f98fbf4e506c43d6819c9e546a8345e2deb9811fc10dca4a74,2026-09-08 09:28:01,2026-09-08 09:28:01,现场招聘,【组团招聘】湖南湘江新区,招聘活动电子科技大学站专场,营销管培生(全国),2026-09-07 14:52:35,2026-09-16,湖南省:长沙市,2026-09-16,14:00,17:00,【清水河校区】学生活动中心一楼圆厅,本科、硕士、博士,,,,https://mp.weixin.qq.com/s/ozgcX55q8atxIHzNhFDr-w,https://jiuye.uestc.edu.cn/career/recruitment/group/fxigr1ngtyip,verified,https://jiuye.uestc.edu.cn/career/recruitment/group,
e8c1358b9c059deebe3d85af19331ca212c36f73017a77896879862f27f3a9aa,2026-09-08 09:28:01,2026-09-08 09:28:01,现场招聘,【组团招聘】湖南湘江新区,招聘活动电子科技大学站专场,市场管培生,2026-09-07 14:52:35,2026-09-16,湖南省:长沙市,2026-09-16,14:00,17:00,【清水河校区】学生活动中心一楼圆厅,本科、硕士、博士,,,,https://mp.weixin.qq.com/s/ozgcX55q8atxIHzNhFDr-w,https://jiuye.uestc.edu.cn/career/recruitment/group/fxigr1ngtyip,verified,https://jiuye.uestc.edu.cn/career/recruitment/group,
d15f5c47d34d2666a3c235c6fdb4ddc0e751a29840699c661173b171fc5fce9f,2026-09-08 09:28:01,2026-09-08 09:28:01,现场招聘,【组团招聘】湖南湘江新区,招聘活动电子科技大学站专场,市场准入专员,2026-09-07 14:52:35,2026-09-16,湖南省:长沙市,2026-09-16,14:00,17:00,【清水河校区】学生活动中心一楼圆厅,本科、硕士、博士,,,,https://mp.weixin.qq.com/s/ozgcX55q8atxIHzNhFDr-w,https://jiuye.uestc.edu.cn/career/recruitment/group/fxigr1ngtyip,verified,https://jiuye.uestc.edu.cn/career/recruitment/group,
0662ac0e679b10f64da1a8b1f97a6b23d94cc05bd30bef0ef3c26f3d6b80366b,2026-09-08 09:28:01,2026-09-08 09:28:01,现场招聘,【组团招聘】湖南湘江新区,招聘活动电子科技大学站专场,算法工程师(2D视觉),2026-09-07 14:52:35,2026-09-16,湖南省:长沙市,2026-09-16,14:00,17:00,【清水河校区】学生活动中心一楼圆厅,本科、硕士、博士,,,,https://mp.weixin.qq.com/s/ozgcX55q8atxIHzNhFDr-w,https://jiuye.uestc.edu.cn/career/recruitment/group/fxigr1ngtyip,verified,https://jiuye.uestc.edu.cn/career/recruitment/group,
a91afd77a91603a176ba0dca0b1bc137381a7d80753e82a6be04c090ecd4561b,2026-09-08 09:28:01,2026-09-08 09:28:01,现场招聘,【组团招聘】湖南湘江新区,招聘活动电子科技大学站专场,算法工程师(3D视觉),2026-09-07 14:52:35,2026-09-16,湖南省:长沙市,2026-09-16,14:00,17:00,【清水河校区】学生活动中心一楼圆厅,本科、硕士、博士,,,,https://mp.weixin.qq.com/s/ozgcX55q8atxIHzNhFDr-w,https://jiuye.uestc.edu.cn/career/recruitment/group/fxigr1ngtyip,verified,https://jiuye.uestc.edu.cn/career/recruitment/group,
f302c1e638da880f4db7109f6f15471a368b26bebe4d2f13ad8ed0a181f91ec4,2026-09-08 09:28:01,2026-09-08 09:28:01,现场招聘,【组团招聘】湖南湘江新区,招聘活动电子科技大学站专场,算法工程师(机器人控制规划),2026-09-07 14:52:35,2026-09-16,湖南省:长沙市,2026-09-16,14:00,17:00,【清水河校区】学生活动中心一楼圆厅,本科、硕士、博士,,,,https://mp.weixin.qq.com/s/ozgcX55q8atxIHzNhFDr-w,https://jiuye.uestc.edu.cn/career/recruitment/group/fxigr1ngtyip,verified,https://jiuye.uestc.edu.cn/career/recruitment/group,
b4aa5d06607324b9e578ffa4a2bef8e66b5d9f012be5023a323eb46a8e98ddf9,2026-09-08 09:28:01,2026-09-08 09:28:01,现场招聘,【组团招聘】湖南湘江新区,招聘活动电子科技大学站专场,算法工程师(深度学习),2026-09-07 14:52:35,2026-09-16,湖南省:长沙市,2026-09-16,14:00,17:00,【清水河校区】学生活动中心一楼圆厅,本科、硕士、博士,,,,https://mp.weixin.qq.com/s/ozgcX55q8atxIHzNhFDr-w,https://jiuye.uestc.edu.cn/career/recruitment/group/fxigr1ngtyip,verified,https://jiuye.uestc.edu.cn/career/recruitment/group,
be8f8cdc025db4435ea683484fb2557198395ce896f11e5e0365eabfb28e8946,2026-09-08 09:28:01,2026-09-08 09:28:01,现场招聘,【组团招聘】湖南湘江新区,招聘活动电子科技大学站专场,算法工程师 (具身智能),2026-09-07 14:52:35,2026-09-16,湖南省:长沙市,2026-09-16,14:00,17:00,【清水河校区】学生活动中心一楼圆厅,本科、硕士、博士,,,,https://mp.weixin.qq.com/s/ozgcX55q8atxIHzNhFDr-w,https://jiuye.uestc.edu.cn/career/recruitment/group/fxigr1ngtyip,verified,https://jiuye.uestc.edu.cn/career/recruitment/group,
b47efc9cab717cf7ace41ae502ddabedd2625f9cd6a402a53d4601f01471451f,2026-09-08 09:28:01,2026-09-08 09:28:01,现场招聘,【组团招聘】湖南湘江新区,招聘活动电子科技大学站专场,软件开发工程师(Python),2026-09-07 14:52:35,2026-09-16,湖南省:长沙市,2026-09-16,14:00,17:00,【清水河校区】学生活动中心一楼圆厅,本科、硕士、博士,,,,https://mp.weixin.qq.com/s/ozgcX55q8atxIHzNhFDr-w,https://jiuye.uestc.edu.cn/career/recruitment/group/fxigr1ngtyip,verified,https://jiuye.uestc.edu.cn/career/recruitment/group,
97222bf7ad8fd5c6c4b7d9675f5cf426f3606f873213a850a67a2c68eefce3e7,2026-09-08 09:28:01,2026-09-08 09:28:01,现场招聘,【组团招聘】湖南湘江新区,招聘活动电子科技大学站专场,软件开发工程师(Java),2026-09-07 14:52:35,2026-09-16,湖南省:长沙市,2026-09-16,14:00,17:00,【清水河校区】学生活动中心一楼圆厅,本科、硕士、博士,,,,https://mp.weixin.qq.com/s/ozgcX55q8atxIHzNhFDr-w,https://jiuye.uestc.edu.cn/career/recruitment/group/fxigr1ngtyip,verified,https://jiuye.uestc.edu.cn/career/recruitment/group,
d90758e7352e8f857e13464c625d411c21cefb35e6ed202eb3ad62f10b7b8472,2026-09-08 09:28:01,2026-09-08 09:28:01,现场招聘,【组团招聘】湖南湘江新区,招聘活动电子科技大学站专场,项目经理,2026-09-07 14:52:35,2026-09-16,湖南省:长沙市,2026-09-16,14:00,17:00,【清水河校区】学生活动中心一楼圆厅,本科、硕士、博士,,,,https://mp.weixin.qq.com/s/ozgcX55q8atxIHzNhFDr-w,https://jiuye.uestc.edu.cn/career/recruitment/group/fxigr1ngtyip,verified,https://jiuye.uestc.edu.cn/career/recruitment/group,
633a2614ea5e78b250081c9053ed69ac89906fc03074df49e1e30cb77b70d589,2026-09-08 09:28:01,2026-09-08 09:28:01,现场招聘,【组团招聘】湖南湘江新区,招聘活动电子科技大学站专场,项目交付工程师,2026-09-07 14:52:35,2026-09-16,湖南省:长沙市,2026-09-16,14:00,17:00,【清水河校区】学生活动中心一楼圆厅,本科、硕士、博士,,,,https://mp.weixin.qq.com/s/ozgcX55q8atxIHzNhFDr-w,https://jiuye.uestc.edu.cn/career/recruitment/group/fxigr1ngtyip,verified,https://jiuye.uestc.edu.cn/career/recruitment/group,
068932b0aff90734508c5f0f85e48610aff882cdc33c4310b3d786f48d2ede7c,2026-09-08 09:28:01,2026-09-08 09:28:01,现场招聘,多益网络有限公司,多益网络2027届校园招聘秋招第二场在线宣讲会,未明确列出,2026-09-07 11:44:13,2026-09-17,"广东省:广州市,湖北省:武汉市,浙江省:杭州市",2026-09-17,19:30,,,本科、硕士,,,,https://live.duoyi.com/dy/xz,https://jiuye.uestc.edu.cn/career/recruitment/aerial/fxhro3foqr5t,verified,https://jiuye.uestc.edu.cn/career/recruitment/aerial,
9acd63777778748e74cacfc4e431245a1f659083769269798745b5b06ba8eb26,2026-09-08 09:28:01,2026-09-08 09:28:01,现场招聘,太原斯泰森电子科技有限公司,,未明确列出,2026-09-07 15:31:22,2026-09-18,四川省:成都市,2026-09-18,09:30,11:30,【清水河校区】品学楼B109,本科,,,,,https://jiuye.uestc.edu.cn/career/recruitment/onsite/fxhkx6ommm81,verified,https://jiuye.uestc.edu.cn/career/recruitment/onsite,
2ca604a89ffcc0b54ca122ee7e237d56194bded896315d8635de6e99634a58c0,2026-09-08 09:28:01,2026-09-08 09:28:01,现场招聘,贵州航天风华精密设备有限公司,,未明确列出,2026-09-07 11:12:43,2026-09-18,贵州省:贵阳市,2026-09-18,10:30,11:00,【清水河校区】立人楼B119,硕士、博士,,,,,https://jiuye.uestc.edu.cn/career/recruitment/onsite/fxhlgc3c9fr6,verified,https://jiuye.uestc.edu.cn/career/recruitment/onsite,
fc29db15d7023c50a4da7cee09bff9d81c1b7f96e2027874969fd38906418356,2026-09-08 09:28:01,2026-09-08 09:28:01,现场招聘,北京经纬恒润科技股份有限公司,,未明确列出,2026-09-07 20:13:56,2026-09-18,四川省:成都市,2026-09-18,15:00,17:00,【清水河校区】品学楼B205,本科、硕士,,,,http://zhaopin.hirain.com/,https://jiuye.uestc.edu.cn/career/recruitment/onsite/fwfnc8j8jthe,verified,https://jiuye.uestc.edu.cn/career/recruitment/onsite,
df73887acb79d41c8520bdc524d790a2dfe376c589b30c3ef14e3238bbe08ff8,2026-09-08 09:28:01,2026-09-08 09:28:01,现场招聘,商飞软件有限公司,2026年商飞软件秋季校园招聘,软件开发工程师、算法工程师 30人,2026-09-07 09:20:30,2026-09-18,四川省:成都市,2026-09-18,15:00,17:00,【清水河校区】立人楼B120,硕士,,,,,https://jiuye.uestc.edu.cn/career/recruitment/onsite/fx76qulr06ip,verified,https://jiuye.uestc.edu.cn/career/recruitment/onsite,
28c2fb5114d62c450930b26b432f4610b25d2a7e52c8845805b0c0865e0ac063,2026-09-08 09:28:01,2026-09-08 09:28:01,现场招聘,杭州研极微电子有限公司,,IC设计工程师(AI驱动设计方向),2026-09-07 19:59:33,2026-09-20,其他(具体查看招聘信息),2026-09-20,15:00,17:00,【清水河校区】立人楼B118,硕士,,,,,https://jiuye.uestc.edu.cn/career/recruitment/onsite/fxiyrlpyrcw2,verified,https://jiuye.uestc.edu.cn/career/recruitment/onsite,
f83d86c63d9af6893af36bf49fcecd9e3933b577d0940ec9a31ac2bbfaa13947,2026-09-08 09:28:01,2026-09-08 09:28:01,现场招聘,杭州研极微电子有限公司,,IC设计工程师(SOC/NPU/CPU),2026-09-07 19:59:33,2026-09-20,其他(具体查看招聘信息),2026-09-20,15:00,17:00,【清水河校区】立人楼B118,硕士,,,,,https://jiuye.uestc.edu.cn/career/recruitment/onsite/fxiyrlpyrcw2,verified,https://jiuye.uestc.edu.cn/career/recruitment/onsite,
ab8f92540b93b852ee4d6185254ab708879edf68b30dde6166d62c7b5bcdb8c1,2026-09-08 09:28:01,2026-09-08 09:28:01,现场招聘,杭州研极微电子有限公司,,模拟IC设计工程师(CIS),2026-09-07 19:59:33,2026-09-20,其他(具体查看招聘信息),2026-09-20,15:00,17:00,【清水河校区】立人楼B118,硕士,,,,,https://jiuye.uestc.edu.cn/career/recruitment/onsite/fxiyrlpyrcw2,verified,https://jiuye.uestc.edu.cn/career/recruitment/onsite,
b578797f4f10be697c29a6022ef6b405803ef802781dbd230fbcc77646cd4477,2026-09-08 09:28:01,2026-09-08 09:28:01,现场招聘,杭州研极微电子有限公司,,ISP验证工程师,2026-09-07 19:59:33,2026-09-20,其他(具体查看招聘信息),2026-09-20,15:00,17:00,【清水河校区】立人楼B118,硕士,,,,,https://jiuye.uestc.edu.cn/career/recruitment/onsite/fxiyrlpyrcw2,verified,https://jiuye.uestc.edu.cn/career/recruitment/onsite,
e4ecce9ed0266bc9e96945bef9d9cd00cefb321ef16a10e673441823fbc341bf,2026-09-08 09:28:01,2026-09-08 09:28:01,现场招聘,杭州研极微电子有限公司,,芯片测试工程师,2026-09-07 19:59:33,2026-09-20,其他(具体查看招聘信息),2026-09-20,15:00,17:00,【清水河校区】立人楼B118,硕士,,,,,https://jiuye.uestc.edu.cn/career/recruitment/onsite/fxiyrlpyrcw2,verified,https://jiuye.uestc.edu.cn/career/recruitment/onsite,
65984b55340b506a1d0eb8ac920f95d91c88f13a9606644f5c1232a5d67eae5b,2026-09-08 09:28:01,2026-09-08 09:28:01,现场招聘,杭州研极微电子有限公司,,算法工程师:语音/计算机视觉/算法平台,2026-09-07 19:59:33,2026-09-20,其他(具体查看招聘信息),2026-09-20,15:00,17:00,【清水河校区】立人楼B118,硕士,,,,,https://jiuye.uestc.edu.cn/career/recruitment/onsite/fxiyrlpyrcw2,verified,https://jiuye.uestc.edu.cn/career/recruitment/onsite,
e155ec4bdcfb4fb55289788eba5f120d5806b1a0cd290750d74eb241bfffefd5,2026-09-08 09:28:01,2026-09-08 09:28:01,现场招聘,杭州研极微电子有限公司,,流媒体,2026-09-07 19:59:33,2026-09-20,其他(具体查看招聘信息),2026-09-20,15:00,17:00,【清水河校区】立人楼B118,硕士,,,,,https://jiuye.uestc.edu.cn/career/recruitment/onsite/fxiyrlpyrcw2,verified,https://jiuye.uestc.edu.cn/career/recruitment/onsite,
c639178b5582de07e0ea3bdb072313e107d64f49f2c3d6a21cf7cf7f1ffc9594,2026-09-08 09:28:01,2026-09-08 09:28:01,现场招聘,杭州研极微电子有限公司,,JAVA,2026-09-07 19:59:33,2026-09-20,其他(具体查看招聘信息),2026-09-20,15:00,17:00,【清水河校区】立人楼B118,硕士,,,,,https://jiuye.uestc.edu.cn/career/recruitment/onsite/fxiyrlpyrcw2,verified,https://jiuye.uestc.edu.cn/career/recruitment/onsite,
17bc7c25727ac7a76e2df534aba84b7983d4bca9d451c56cdf402d5e22444498,2026-09-08 09:28:01,2026-09-08 09:28:01,现场招聘,杭州研极微电子有限公司,,大数据,2026-09-07 19:59:33,2026-09-20,其他(具体查看招聘信息),2026-09-20,15:00,17:00,【清水河校区】立人楼B118,硕士,,,,,https://jiuye.uestc.edu.cn/career/recruitment/onsite/fxiyrlpyrcw2,verified,https://jiuye.uestc.edu.cn/career/recruitment/onsite,
4db426578e64173dceb3ca71ff1f35b10d3f749340501a03e4ef90b076f7ab5f,2026-09-08 09:28:01,2026-09-08 09:28:01,现场招聘,杭州研极微电子有限公司,,Android,2026-09-07 19:59:33,2026-09-20,其他(具体查看招聘信息),2026-09-20,15:00,17:00,【清水河校区】立人楼B118,硕士,,,,,https://jiuye.uestc.edu.cn/career/recruitment/onsite/fxiyrlpyrcw2,verified,https://jiuye.uestc.edu.cn/career/recruitment/onsite,
5f38c120daba41a9f03752976c114eff13160674877afa963a757271b65f79ce,2026-09-08 09:28:01,2026-09-08 09:28:01,现场招聘,杭州研极微电子有限公司,,iOS,2026-09-07 19:59:33,2026-09-20,其他(具体查看招聘信息),2026-09-20,15:00,17:00,【清水河校区】立人楼B118,硕士,,,,,https://jiuye.uestc.edu.cn/career/recruitment/onsite/fxiyrlpyrcw2,verified,https://jiuye.uestc.edu.cn/career/recruitment/onsite,
b3553f21097a17529fd10390a3b76b7759ccf99d0a5acb89d203c8f0b7eb7c15,2026-09-08 09:28:01,2026-09-08 09:28:01,现场招聘,杭州研极微电子有限公司,,平台研发,2026-09-07 19:59:33,2026-09-20,其他(具体查看招聘信息),2026-09-20,15:00,17:00,【清水河校区】立人楼B118,硕士,,,,,https://jiuye.uestc.edu.cn/career/recruitment/onsite/fxiyrlpyrcw2,verified,https://jiuye.uestc.edu.cn/career/recruitment/onsite,
8e25d9d1ce1b5fef543fc26d14dfb3673fdde6aa6f2e102b1ccf33f12d2fe142,2026-09-08 09:28:01,2026-09-08 09:28:01,现场招聘,杭州研极微电子有限公司,,IT开发工程师,2026-09-07 19:59:33,2026-09-20,其他(具体查看招聘信息),2026-09-20,15:00,17:00,【清水河校区】立人楼B118,硕士,,,,,https://jiuye.uestc.edu.cn/career/recruitment/onsite/fxiyrlpyrcw2,verified,https://jiuye.uestc.edu.cn/career/recruitment/onsite,
289b3cf49b4dbea0434293094b9cc2b5b9635dbe5a0192e1c8957a9d5311c038,2026-09-08 09:28:01,2026-09-08 09:28:01,现场招聘,杭州研极微电子有限公司,,嵌入式软件工程师,2026-09-07 19:59:33,2026-09-20,其他(具体查看招聘信息),2026-09-20,15:00,17:00,【清水河校区】立人楼B118,硕士,,,,,https://jiuye.uestc.edu.cn/career/recruitment/onsite/fxiyrlpyrcw2,verified,https://jiuye.uestc.edu.cn/career/recruitment/onsite,
dda4a4e347f061e50c0769eac903563d572f8f14e7683da54bd810810f1333cb,2026-09-08 09:28:01,2026-09-08 09:28:01,现场招聘,杭州研极微电子有限公司,,ISP集成工程师,2026-09-07 19:59:33,2026-09-20,其他(具体查看招聘信息),2026-09-20,15:00,17:00,【清水河校区】立人楼B118,硕士,,,,,https://jiuye.uestc.edu.cn/career/recruitment/onsite/fxiyrlpyrcw2,verified,https://jiuye.uestc.edu.cn/career/recruitment/onsite,
0269a48c57496bd86e70fd4e02f94529813e43257fc24591545c551e955b511b,2026-09-08 09:28:01,2026-09-08 09:28:01,现场招聘,杭州研极微电子有限公司,,软件工程师(CPU/NPU),2026-09-07 19:59:33,2026-09-20,其他(具体查看招聘信息),2026-09-20,15:00,17:00,【清水河校区】立人楼B118,硕士,,,,,https://jiuye.uestc.edu.cn/career/recruitment/onsite/fxiyrlpyrcw2,verified,https://jiuye.uestc.edu.cn/career/recruitment/onsite,
e4d95016e33aae8c699f707e6919fb7400220bb31d2388ff0771780e763c207c,2026-09-08 09:28:01,2026-09-08 09:28:01,现场招聘,杭州研极微电子有限公司,,售后支持工程师,2026-09-07 19:59:33,2026-09-20,其他(具体查看招聘信息),2026-09-20,15:00,17:00,【清水河校区】立人楼B118,硕士,,,,,https://jiuye.uestc.edu.cn/career/recruitment/onsite/fxiyrlpyrcw2,verified,https://jiuye.uestc.edu.cn/career/recruitment/onsite,
45978c2896fbbbcaf07b6664d946b4d9e5518dc87985df1570440717faa464b9,2026-09-08 09:28:01,2026-09-08 09:28:01,现场招聘,杭州研极微电子有限公司,,解决方案工程师(硬件),2026-09-07 19:59:33,2026-09-20,其他(具体查看招聘信息),2026-09-20,15:00,17:00,【清水河校区】立人楼B118,硕士,,,,,https://jiuye.uestc.edu.cn/career/recruitment/onsite/fxiyrlpyrcw2,verified,https://jiuye.uestc.edu.cn/career/recruitment/onsite,
4f5e41a35fec9a47f681293c35e663b245f1455420701e109963c000a8c5feee,2026-09-08 09:28:01,2026-09-08 09:28:01,现场招聘,北京极智嘉科技股份有限公司,极智嘉2027届全球校园招聘正式启动!,未明确列出,2026-09-07 11:37:54,2026-09-20,其他(具体查看招聘信息),2026-09-20,19:30,21:00,【清水河校区】品学楼B108,本科、硕士、博士,,,,https://app.mokahr.com/campus_apply/geekplus,https://jiuye.uestc.edu.cn/career/recruitment/onsite/fxhvx5a98v0i,verified,https://jiuye.uestc.edu.cn/career/recruitment/onsite,
287dddcb10ea7737a68d17e591b2e3bf64ebd75108e232d240dfa91a18a2f65b,2026-09-08 09:28:01,2026-09-08 09:28:01,现场招聘,一汽-大众汽车有限公司,一汽-大众2027全球校园招聘宣讲会,研发类,2026-09-07 16:51:38,2026-09-21,其他(具体查看招聘信息),2026-09-21,19:30,21:00,【清水河校区】立人楼B119,硕士、本科,,,,https://faw-vw.hotjob.cn/,https://jiuye.uestc.edu.cn/career/recruitment/onsite/fxigspsxt1xe,verified,https://jiuye.uestc.edu.cn/career/recruitment/onsite,
4f66422688cb6dc356da1dc7952cb2aecc89251f3cf9514d33f560880545e475,2026-09-08 09:28:01,2026-09-08 09:28:01,现场招聘,一汽-大众汽车有限公司,一汽-大众2027全球校园招聘宣讲会,车联网类,2026-09-07 16:51:38,2026-09-21,其他(具体查看招聘信息),2026-09-21,19:30,21:00,【清水河校区】立人楼B119,硕士、本科,,,,https://faw-vw.hotjob.cn/,https://jiuye.uestc.edu.cn/career/recruitment/onsite/fxigspsxt1xe,verified,https://jiuye.uestc.edu.cn/career/recruitment/onsite,
8286813bb630d9cdba1bf3d6e19a81e5c1f06c074050ea3a89b888fecd9fe3a5,2026-09-08 09:28:01,2026-09-08 09:28:01,现场招聘,一汽-大众汽车有限公司,一汽-大众2027全球校园招聘宣讲会,数字化技术类,2026-09-07 16:51:38,2026-09-21,其他(具体查看招聘信息),2026-09-21,19:30,21:00,【清水河校区】立人楼B119,硕士、本科,,,,https://faw-vw.hotjob.cn/,https://jiuye.uestc.edu.cn/career/recruitment/onsite/fxigspsxt1xe,verified,https://jiuye.uestc.edu.cn/career/recruitment/onsite,
656c7a4cf36add2fc2e86e4b41abf46fab2bed0b4d24c6c5aacfc3b3464c1b5d,2026-09-08 09:28:01,2026-09-08 09:28:01,现场招聘,一汽-大众汽车有限公司,一汽-大众2027全球校园招聘宣讲会,产品管理类,2026-09-07 16:51:38,2026-09-21,其他(具体查看招聘信息),2026-09-21,19:30,21:00,【清水河校区】立人楼B119,硕士、本科,,,,https://faw-vw.hotjob.cn/,https://jiuye.uestc.edu.cn/career/recruitment/onsite/fxigspsxt1xe,verified,https://jiuye.uestc.edu.cn/career/recruitment/onsite,
5672ce9107b3fb58e5684109794bef4ad7850e1e15134de5f3063d6d8eab5fbc,2026-09-08 09:28:01,2026-09-08 09:28:01,现场招聘,一汽-大众汽车有限公司,一汽-大众2027全球校园招聘宣讲会,制造工艺类,2026-09-07 16:51:38,2026-09-21,其他(具体查看招聘信息),2026-09-21,19:30,21:00,【清水河校区】立人楼B119,硕士、本科,,,,https://faw-vw.hotjob.cn/,https://jiuye.uestc.edu.cn/career/recruitment/onsite/fxigspsxt1xe,verified,https://jiuye.uestc.edu.cn/career/recruitment/onsite,
9ebffb5db8a797575f777f287aea30fefa351b37a6f85763552729b18d0be04e,2026-09-08 09:28:01,2026-09-08 09:28:01,现场招聘,一汽-大众汽车有限公司,一汽-大众2027全球校园招聘宣讲会,技术成本类,2026-09-07 16:51:38,2026-09-21,其他(具体查看招聘信息),2026-09-21,19:30,21:00,【清水河校区】立人楼B119,硕士、本科,,,,https://faw-vw.hotjob.cn/,https://jiuye.uestc.edu.cn/career/recruitment/onsite/fxigspsxt1xe,verified,https://jiuye.uestc.edu.cn/career/recruitment/onsite,
b806d87f2ac0ced088f8b65c143e9c56ffa69002de250beec183cc2ef3b3b4f3,2026-09-08 09:28:01,2026-09-08 09:28:01,现场招聘,一汽-大众汽车有限公司,一汽-大众2027全球校园招聘宣讲会,营销管理类,2026-09-07 16:51:38,2026-09-21,其他(具体查看招聘信息),2026-09-21,19:30,21:00,【清水河校区】立人楼B119,硕士、本科,,,,https://faw-vw.hotjob.cn/,https://jiuye.uestc.edu.cn/career/recruitment/onsite/fxigspsxt1xe,verified,https://jiuye.uestc.edu.cn/career/recruitment/onsite,
37cf99c2e60414e9baf6705994a6a6e09f744c05df364f4ab8525b6ef457b835,2026-09-08 09:28:01,2026-09-08 09:28:01,现场招聘,一汽-大众汽车有限公司,一汽-大众2027全球校园招聘宣讲会,造型类,2026-09-07 16:51:38,2026-09-21,其他(具体查看招聘信息),2026-09-21,19:30,21:00,【清水河校区】立人楼B119,硕士、本科,,,,https://faw-vw.hotjob.cn/,https://jiuye.uestc.edu.cn/career/recruitment/onsite/fxigspsxt1xe,verified,https://jiuye.uestc.edu.cn/career/recruitment/onsite,
6c0a730b8ba3455bbee5344d8b48e71c09ba48e78620374ec3874bf8f7e72719,2026-09-08 09:28:01,2026-09-08 09:28:01,现场招聘,一汽-大众汽车有限公司,一汽-大众2027全球校园招聘宣讲会,法律类(更多招聘信息以招聘官网为准),2026-09-07 16:51:38,2026-09-21,其他(具体查看招聘信息),2026-09-21,19:30,21:00,【清水河校区】立人楼B119,硕士、本科,,,,https://faw-vw.hotjob.cn/,https://jiuye.uestc.edu.cn/career/recruitment/onsite/fxigspsxt1xe,verified,https://jiuye.uestc.edu.cn/career/recruitment/onsite,
b4d1490a6d9c4be7a076c7888d85b7e789d78920f83e26db94008f6a15da30f9,2026-09-08 09:28:01,2026-09-08 09:28:01,现场招聘,中国银行股份有限公司四川省分行,中国银行四川省分行2027年校园招聘,未明确列出,2026-09-07 15:04:28,2026-09-22,其他(具体查看招聘信息),2026-09-22,18:30,20:30,学生活动中心201,本科、硕士,,,https://campus. chinahr. com/pages/2027-boc,https://campus/,https://jiuye.uestc.edu.cn/career/recruitment/onsite/fxiej7on1a0y,verified,https://jiuye.uestc.edu.cn/career/recruitment/onsite,
90bd313c1443666497898b8fd495cb475f557587f9d2dbfed8a3c695f8a2beb9,2026-09-08 09:28:01,2026-09-08 09:28:01,现场招聘,西安诺瓦星云科技股份有限公司,,未明确列出,2026-09-07 20:26:41,2026-09-23,陕西省:西安市,2026-09-23,15:00,17:00,【清水河校区】品学楼B109,本科,,,,,https://jiuye.uestc.edu.cn/career/recruitment/onsite/fxikakv6n94y,verified,https://jiuye.uestc.edu.cn/career/recruitment/onsite,
aec479f24ed8f79c26d98fd92624b6ece8e4b24a384f65268412412b6f712df3,2026-09-08 09:28:01,2026-09-08 09:28:01,现场招聘,国睿科技股份有限公司,国睿科技股份有限公司2027届校园招聘,雷达系统设计,2026-09-07 20:22:29,2026-09-24,江苏省:南京市,2026-09-24,09:30,11:00,【清水河校区】立人楼B117,硕士研究生及以上学历 (博士优先),,,,,https://jiuye.uestc.edu.cn/career/recruitment/onsite/fxivagnyd3b6,verified,https://jiuye.uestc.edu.cn/career/recruitment/onsite,
1462b374ee2c2c2fe7cd916a7830a522885508bfd4df3b594236e7b7170ec97c,2026-09-08 09:28:01,2026-09-08 09:28:01,现场招聘,国睿科技股份有限公司,国睿科技股份有限公司2027届校园招聘,雷达信号/数据处理,2026-09-07 20:22:29,2026-09-24,江苏省:南京市,2026-09-24,09:30,11:00,【清水河校区】立人楼B117,硕士研究生及以上学历 (博士优先),,,,,https://jiuye.uestc.edu.cn/career/recruitment/onsite/fxivagnyd3b6,verified,https://jiuye.uestc.edu.cn/career/recruitment/onsite,
36c0d47572348ba4dcb463d2f0865a0a104e68646b8037106d995850a5cc895d,2026-09-08 09:28:01,2026-09-08 09:28:01,现场招聘,国睿科技股份有限公司,国睿科技股份有限公司2027届校园招聘,电讯设计,2026-09-07 20:22:29,2026-09-24,江苏省:南京市,2026-09-24,09:30,11:00,【清水河校区】立人楼B117,硕士研究生及以上学历 (博士优先),,,,,https://jiuye.uestc.edu.cn/career/recruitment/onsite/fxivagnyd3b6,verified,https://jiuye.uestc.edu.cn/career/recruitment/onsite,
ebf2809f406ac0b09f064eaae9e7ac31ff5cdf806b412aae29486407856a8322,2026-09-08 09:28:01,2026-09-08 09:28:01,现场招聘,国睿科技股份有限公司,国睿科技股份有限公司2027届校园招聘,软件研发,2026-09-07 20:22:29,2026-09-24,江苏省:南京市,2026-09-24,09:30,11:00,【清水河校区】立人楼B117,硕士研究生及以上学历 (博士优先),,,,,https://jiuye.uestc.edu.cn/career/recruitment/onsite/fxivagnyd3b6,verified,https://jiuye.uestc.edu.cn/career/recruitment/onsite,
0334a19c7ab803055c5b6efbd3d3c181e7e7389fa4caaef695d213775c81576b,2026-09-08 09:28:01,2026-09-08 09:28:01,现场招聘,国睿科技股份有限公司,国睿科技股份有限公司2027届校园招聘,产品规划设计,2026-09-07 20:22:29,2026-09-24,江苏省:南京市,2026-09-24,09:30,11:00,【清水河校区】立人楼B117,硕士研究生及以上学历 (博士优先),,,,,https://jiuye.uestc.edu.cn/career/recruitment/onsite/fxivagnyd3b6,verified,https://jiuye.uestc.edu.cn/career/recruitment/onsite,
34b46e48ac89618511ba5e01d7720c9ba7e5cbcb4abfb99779811e8aaf594d58,2026-09-08 09:28:01,2026-09-08 09:28:01,现场招聘,国睿科技股份有限公司,国睿科技股份有限公司2027届校园招聘,器件研发设计,2026-09-07 20:22:29,2026-09-24,江苏省:南京市,2026-09-24,09:30,11:00,【清水河校区】立人楼B117,硕士研究生及以上学历 (博士优先),,,,,https://jiuye.uestc.edu.cn/career/recruitment/onsite/fxivagnyd3b6,verified,https://jiuye.uestc.edu.cn/career/recruitment/onsite,
bb93efca7330ae0992928e3f324337bb2358b8495d176e316044d735afc80925,2026-09-08 09:28:01,2026-09-08 09:28:01,现场招聘,国睿科技股份有限公司,国睿科技股份有限公司2027届校园招聘,电源研发设计,2026-09-07 20:22:29,2026-09-24,江苏省:南京市,2026-09-24,09:30,11:00,【清水河校区】立人楼B117,硕士研究生及以上学历 (博士优先),,,,,https://jiuye.uestc.edu.cn/career/recruitment/onsite/fxivagnyd3b6,verified,https://jiuye.uestc.edu.cn/career/recruitment/onsite,
aecfe1d199faee9317ccf6a465bcf920860fc7044ab411801118620f0144b47c,2026-09-08 09:28:01,2026-09-08 09:28:01,现场招聘,国睿科技股份有限公司,国睿科技股份有限公司2027届校园招聘,结构工艺设计,2026-09-07 20:22:29,2026-09-24,江苏省:南京市,2026-09-24,09:30,11:00,【清水河校区】立人楼B117,硕士研究生及以上学历 (博士优先),,,,,https://jiuye.uestc.edu.cn/career/recruitment/onsite/fxivagnyd3b6,verified,https://jiuye.uestc.edu.cn/career/recruitment/onsite,
c59c4740af5e4351e17cdd52136276622da10c80fb7f9fa5f376ee02bafb70ec,2026-09-08 09:28:01,2026-09-08 09:28:01,现场招聘,国睿科技股份有限公司,国睿科技股份有限公司2027届校园招聘,产品测试工程师,2026-09-07 20:22:29,2026-09-24,江苏省:南京市,2026-09-24,09:30,11:00,【清水河校区】立人楼B117,硕士研究生及以上学历,,,,,https://jiuye.uestc.edu.cn/career/recruitment/onsite/fxivagnyd3b6,verified,https://jiuye.uestc.edu.cn/career/recruitment/onsite,
7fe8dc7d436f19b223d3dcb966d1e76ec2da190cbb99af97aa35df5f3169dad6,2026-09-08 09:28:01,2026-09-08 09:28:01,现场招聘,国睿科技股份有限公司,国睿科技股份有限公司2027届校园招聘,解决方案顾问,2026-09-07 20:22:29,2026-09-24,江苏省:南京市,2026-09-24,09:30,11:00,【清水河校区】立人楼B117,硕士研究生及以上学历,,,,,https://jiuye.uestc.edu.cn/career/recruitment/onsite/fxivagnyd3b6,verified,https://jiuye.uestc.edu.cn/career/recruitment/onsite,
1bd02c542ea10623af2b7115fad5f02694a3fb59848877e257c5ec0df1622c76,2026-09-08 09:28:01,2026-09-08 09:28:01,现场招聘,国睿科技股份有限公司,国睿科技股份有限公司2027届校园招聘,售前技术顾问,2026-09-07 20:22:29,2026-09-24,江苏省:南京市,2026-09-24,09:30,11:00,【清水河校区】立人楼B117,硕士研究生及以上学历,,,,,https://jiuye.uestc.edu.cn/career/recruitment/onsite/fxivagnyd3b6,verified,https://jiuye.uestc.edu.cn/career/recruitment/onsite,
ffd560b7444a6eb82999bb87a88a03e72afe9a351988ed328015f909cd5afd51,2026-09-08 09:28:01,2026-09-08 09:28:01,现场招聘,苏州国家实验室,苏州实验室校园招聘,未明确列出,2026-09-07 17:00:16,2026-09-29,江苏省:苏州市,2026-09-29,15:00,17:00,【清水河校区】立人楼B118,硕士、博士、博士后,,,,https://www.szlab.ac.cn/,https://jiuye.uestc.edu.cn/career/recruitment/onsite/fxiopk26fzlu,verified,https://jiuye.uestc.edu.cn/career/recruitment/onsite,
b27f2b48a76fd5991e2fffa2fe73c99460558b29d704d32afe66b1dbc38ab794,2026-09-08 09:28:01,2026-09-08 09:28:01,现场招聘,四川奔向未来商务信息咨询有限公司,2026年秋季全国重点高校毕业生巡回招聘面试会,未明确列出,2026-09-04 16:42:11,2026-09-08,其他(具体查看招聘信息),2026-09-08,09:00,12:00,【清】学生活动中心一楼圆厅,本科、硕士、博士、博士后,,,,,https://jiuye.uestc.edu.cn/career/recruitment/group/fwivk983k001,verified,https://jiuye.uestc.edu.cn/career/recruitment/group,
936795ef2cdd918c7667c4629d45c99b461ac854ca40995fe7e497096af2fba2,2026-09-08 09:28:01,2026-09-08 09:28:01,现场招聘,伯乐校招,【组团】伯乐校招-全国重点高校2027届毕业生秋季巡回招聘会,未明确列出,2026-09-01 19:48:20,2026-09-08,其他(具体查看招聘信息),2026-09-08,14:00,17:00,【清】学生活动中心一楼圆厅,本科、硕士、博士,,,,,https://jiuye.uestc.edu.cn/career/recruitment/group/fwxsedqdklqa,verified,https://jiuye.uestc.edu.cn/career/recruitment/group,
8a59d57c19e42c9e938ec3600bb16b553d7bdaaa694c4aae672c91c60a783c1c,2026-09-08 09:28:01,2026-09-08 09:28:01,现场招聘,广东军辉达进出口贸易有限公司,广东军辉达进出口贸易有限公司招聘简章,未明确列出,2026-08-28 13:45:55,2026-09-08,广东省:东莞市,2026-09-08,14:00,,,本科、硕士,,,,https://meeting.tencent.com/dm/6oWstR1iuvE9,https://jiuye.uestc.edu.cn/career/recruitment/aerial/fvtc6finad4y,verified,https://jiuye.uestc.edu.cn/career/recruitment/aerial,
2cf131109c2096317889e35cc9dcaa6a8c4656396ee8984893ece1f8eec693d2,2026-09-08 09:28:01,2026-09-08 09:28:01,现场招聘,美的集团股份有限公司,,未明确列出,2026-08-31 15:39:15,2026-09-08,其他(具体查看招聘信息),2026-09-08,19:00,,,本科、硕士、博士,,,,,https://jiuye.uestc.edu.cn/career/recruitment/aerial/fwtey4v3394x,verified,https://jiuye.uestc.edu.cn/career/recruitment/aerial,
6c53adbddadb6b3c78ffd6b1672091861db2091f98fbdf3315f5fc8b1b07a47a,2026-09-08 09:28:01,2026-09-08 09:28:01,现场招聘,高博人才科技(湖北)有限公司,高博人才2026年秋季“新质引擎・智领未来”全国巡回硕博研究生专场双选会——电子科技大学站,未明确列出,2026-09-07 10:38:55,2026-09-09,其他(具体查看招聘信息),2026-09-09,14:00,17:30,【清】学生活动中心一楼圆厅,硕士、博士、博士后,,,,,https://jiuye.uestc.edu.cn/career/recruitment/group/fwhw5ip0afb5,verified,https://jiuye.uestc.edu.cn/career/recruitment/group,
47eb7bd49e67d0d9716c19ab5c565c56b5b688f2ce153c14c15c15b9150416a7,2026-09-08 09:28:01,2026-09-08 09:28:01,现场招聘,广州市海珠区私立新东方培训学校,,未明确列出,2026-09-01 14:08:00,2026-09-09,"广东省:广州市,广东省:珠海市,广东省:佛山市,广东省:东莞市",2026-09-09,19:00,,,本科,,,,https://mp.weixin.qq.com/s/z8DZG16FfRV-lC3u0_t1lw,https://jiuye.uestc.edu.cn/career/recruitment/aerial/fwwe44nk4kch,verified,https://jiuye.uestc.edu.cn/career/recruitment/aerial,
3271fe54b91c09f4a129c540859da77f82fa84c07b62542ea2ca92163ecd335c,2026-09-08 09:28:01,2026-09-08 09:28:01,现场招聘,广东军辉达进出口贸易有限公司,广东军辉达进出口贸易有限公司招聘简章,未明确列出,2026-08-28 13:47:15,2026-09-10,广东省:东莞市,2026-09-10,14:00,,,本科、硕士,,,,https://meeting.tencent.com/dm/TDo4TvYnx7Bh,https://jiuye.uestc.edu.cn/career/recruitment/aerial/fvtcfxgkeadd,verified,https://jiuye.uestc.edu.cn/career/recruitment/aerial,
e1ff20f115f87f58ceb88e7c170e48a99ba9aef9089d360c7492e3b289ef8bc5,2026-09-08 09:28:01,2026-09-08 09:28:01,现场招聘,天府软件园,2026年秋季人才招聘,未明确列出,2026-08-28 10:01:49,2026-09-10,四川省:成都市,2026-09-10,14:30,17:00,【清】活动中心一楼圆厅,本科、硕士、博士,,,,https://www.zhipin.com/dz/tfrjy2026,https://jiuye.uestc.edu.cn/career/recruitment/group/fwi297nbzs3l,verified,https://jiuye.uestc.edu.cn/career/recruitment/group,
5e53f6d8817721e38919882f388d1c4b91fe38a30a16b41576be82a12b389dff,2026-09-08 09:28:01,2026-09-08 09:28:01,现场招聘,中共成都高新区工委党群工作部,“金熊猫·才聚高新”秋招季第二站!成都高新区2026年电子科技大学专场招聘会等你来,未明确列出,2026-09-04 14:35:13,2026-09-11,四川省:成都市,2026-09-11,14:00,17:00,【清】学生活动中心一楼圆厅,本科、硕士、博士,,,,,https://jiuye.uestc.edu.cn/career/recruitment/group/fx7pu0sao6bl,verified,https://jiuye.uestc.edu.cn/career/recruitment/group,
c9490a101da372f071bbecccec9fd82f2c97eeda7d56c9632a2a2068e65ad093,2026-09-08 09:28:01,2026-09-08 09:28:01,需求信息,成都辰显光电有限公司,--成都辰显光电有限公司2027届应届毕业生招聘简章,未明确列出,2026-09-08 09:25:33,2026-09-08,"四川省:成都市,安徽省:合肥市",,,,,本科、硕士、博士、博士后,,2026-11-30 00:00:00,,https://vistar.zhiye.com/,https://jiuye.uestc.edu.cn/career/recruitment/online/fxl7o8st1rsx,verified,https://jiuye.uestc.edu.cn/career/recruitment/online,
70893c81445bb9128f68c9cb33ff3a03feb13e438012d872774e76f458b3c254,2026-09-08 09:28:01,2026-09-08 09:28:01,需求信息,济宁学院,,未明确列出,2026-09-08 09:15:03,2026-12-15,山东省:济宁市,,,,,博士、博士后,,2026-11-30 00:00:00,,,https://jiuye.uestc.edu.cn/career/recruitment/online/fxl6p7zklf5u,verified,https://jiuye.uestc.edu.cn/career/recruitment/online,
602fa5557da62cf644304630e938b11e89bc87f2be1e1e7a93338ef0b89fbb82,2026-09-08 09:28:01,2026-09-08 09:28:01,需求信息,北京华戎凯威植保生物科技有限公司,,未明确列出,2026-09-08 08:33:53,2026-09-08,其他(具体查看招聘信息),,,,,本科,,2027-04-01 00:00:00,,,https://jiuye.uestc.edu.cn/career/recruitment/online/fxjuuhn6xiwy,verified,https://jiuye.uestc.edu.cn/career/recruitment/online,
e41e1944207e7eb84b66a933331b071c431e3e8de836d19e6b6ffd309e4e3be0,2026-09-08 09:28:01,2026-09-08 09:28:01,需求信息,成都天奥电子股份有限公司,天奥电子2027届校园招聘,未明确列出,2026-09-08 08:31:12,2026-09-07,四川省:成都市,,,,,硕士、博士、博士后,,2027-02-06 00:00:00,,,https://jiuye.uestc.edu.cn/career/recruitment/online/fxjt3kahi1aa,verified,https://jiuye.uestc.edu.cn/career/recruitment/online,
d0b57b2aabad7aa69a07d623dddfd9ac648bafde56e16f90168a9d816112bc7d,2026-09-08 09:28:01,2026-09-08 09:28:01,需求信息,招商证券股份有限公司,"招商证券2027年校园招聘现已全面启动,欢迎投递",投行项目承做岗(股权、并购业务方向)——北上广深,2026-09-07 22:04:54,2026-09-08,"广东省:深圳市,北京市:西城区,上海市:浦东新区",,,,,硕士、本科、博士、博士后,,2027-06-30 00:00:00,,https://cms.hotjob.cn/,https://jiuye.uestc.edu.cn/career/recruitment/online/fxjd79z6zpxd,verified,https://jiuye.uestc.edu.cn/career/recruitment/online,
6f33d459f24c3bdbccf9151ef1aa4a9f959f723aa865bb6d75e352148abb12de,2026-09-08 09:28:01,2026-09-08 09:28:01,需求信息,招商证券股份有限公司,"招商证券2027年校园招聘现已全面启动,欢迎投递",投行项目承做岗(股权、并购业务方向)——区域团队,2026-09-07 22:04:54,2026-09-08,"广东省:深圳市,北京市:西城区,上海市:浦东新区",,,,,硕士、本科、博士、博士后,,2027-06-30 00:00:00,,https://cms.hotjob.cn/,https://jiuye.uestc.edu.cn/career/recruitment/online/fxjd79z6zpxd,verified,https://jiuye.uestc.edu.cn/career/recruitment/online,
556cacbae04565151a80dbb2af41758f185cda437a078ff802090685b6b386fe,2026-09-08 09:28:01,2026-09-08 09:28:01,需求信息,招商证券股份有限公司,"招商证券2027年校园招聘现已全面启动,欢迎投递",投行项目承做岗(债券及ABS业务方向)——北上广深,2026-09-07 22:04:54,2026-09-08,"广东省:深圳市,北京市:西城区,上海市:浦东新区",,,,,硕士、本科、博士、博士后,,2027-06-30 00:00:00,,https://cms.hotjob.cn/,https://jiuye.uestc.edu.cn/career/recruitment/online/fxjd79z6zpxd,verified,https://jiuye.uestc.edu.cn/career/recruitment/online,
a0e2c5250fe16f08b6939d94c73684958f07d11d9abb42cd0012a073d4f1e3d0,2026-09-08 09:28:01,2026-09-08 09:28:01,需求信息,招商证券股份有限公司,"招商证券2027年校园招聘现已全面启动,欢迎投递",投行项目承做岗(债券及ABS业务方向)——区域团队,2026-09-07 22:04:54,2026-09-08,"广东省:深圳市,北京市:西城区,上海市:浦东新区",,,,,硕士、本科、博士、博士后,,2027-06-30 00:00:00,,https://cms.hotjob.cn/,https://jiuye.uestc.edu.cn/career/recruitment/online/fxjd79z6zpxd,verified,https://jiuye.uestc.edu.cn/career/recruitment/online,
1f2aba255432f1c8dadfd2c0151388fe46ecd52544418bfceca3c01152286e1c,2026-09-08 09:28:01,2026-09-08 09:28:01,需求信息,招商证券股份有限公司,"招商证券2027年校园招聘现已全面启动,欢迎投递",研究助理岗,2026-09-07 22:04:54,2026-09-08,"广东省:深圳市,北京市:西城区,上海市:浦东新区",,,,,硕士、本科、博士、博士后,,2027-06-30 00:00:00,,https://cms.hotjob.cn/,https://jiuye.uestc.edu.cn/career/recruitment/online/fxjd79z6zpxd,verified,https://jiuye.uestc.edu.cn/career/recruitment/online,
83f2f55316fe61253e3222195d949482a5ab8b49d5fe14f14772a6ac4190865c,2026-09-08 09:28:01,2026-09-08 09:28:01,需求信息,招商证券股份有限公司,"招商证券2027年校园招聘现已全面启动,欢迎投递",衍生品做市交易岗,2026-09-07 22:04:54,2026-09-08,"广东省:深圳市,北京市:西城区,上海市:浦东新区",,,,,硕士、本科、博士、博士后,,2027-06-30 00:00:00,,https://cms.hotjob.cn/,https://jiuye.uestc.edu.cn/career/recruitment/online/fxjd79z6zpxd,verified,https://jiuye.uestc.edu.cn/career/recruitment/online,
504daa8b9cda956a4e1c99d2dc9f0c923a8868a71baad8ad82a6853ce4a7fd61,2026-09-08 09:28:01,2026-09-08 09:28:01,需求信息,招商证券股份有限公司,"招商证券2027年校园招聘现已全面启动,欢迎投递",量化交易岗(CTA方向),2026-09-07 22:04:54,2026-09-08,"广东省:深圳市,北京市:西城区,上海市:浦东新区",,,,,硕士、本科、博士、博士后,,2027-06-30 00:00:00,,https://cms.hotjob.cn/,https://jiuye.uestc.edu.cn/career/recruitment/online/fxjd79z6zpxd,verified,https://jiuye.uestc.edu.cn/career/recruitment/online,
6094f0df41afdc9388815cbbc13a6a287df2cea55a9551eed4e9639f1c4fbdd3,2026-09-08 09:28:01,2026-09-08 09:28:01,需求信息,招商证券股份有限公司,"招商证券2027年校园招聘现已全面启动,欢迎投递",基金研究岗,2026-09-07 22:04:54,2026-09-08,"广东省:深圳市,北京市:西城区,上海市:浦东新区",,,,,硕士、本科、博士、博士后,,2027-06-30 00:00:00,,https://cms.hotjob.cn/,https://jiuye.uestc.edu.cn/career/recruitment/online/fxjd79z6zpxd,verified,https://jiuye.uestc.edu.cn/career/recruitment/online,
47f51bd55db39f259e45efb1f1d3295c740d4081c7af1ac1b1304c97b621876b,2026-09-08 09:28:01,2026-09-08 09:28:01,需求信息,招商证券股份有限公司,"招商证券2027年校园招聘现已全面启动,欢迎投递",衍生品做市策略岗,2026-09-07 22:04:54,2026-09-08,"广东省:深圳市,北京市:西城区,上海市:浦东新区",,,,,硕士、本科、博士、博士后,,2027-06-30 00:00:00,,https://cms.hotjob.cn/,https://jiuye.uestc.edu.cn/career/recruitment/online/fxjd79z6zpxd,verified,https://jiuye.uestc.edu.cn/career/recruitment/online,
c48140b55412295bd199be6911e05cd942be2c412c12e9ecf231644b01d2ba45,2026-09-08 09:28:01,2026-09-08 09:28:01,需求信息,招商证券股份有限公司,"招商证券2027年校园招聘现已全面启动,欢迎投递",量化交易岗(碳排放方向),2026-09-07 22:04:54,2026-09-08,"广东省:深圳市,北京市:西城区,上海市:浦东新区",,,,,硕士、本科、博士、博士后,,2027-06-30 00:00:00,,https://cms.hotjob.cn/,https://jiuye.uestc.edu.cn/career/recruitment/online/fxjd79z6zpxd,verified,https://jiuye.uestc.edu.cn/career/recruitment/online,
38e43d0037c7e2c1ff5f806f995da1b237e4db37a7d5deac583e6afa8a85234f,2026-09-08 09:28:01,2026-09-08 09:28:01,需求信息,招商证券股份有限公司,"招商证券2027年校园招聘现已全面启动,欢迎投递",场外衍生品交易岗,2026-09-07 22:04:54,2026-09-08,"广东省:深圳市,北京市:西城区,上海市:浦东新区",,,,,硕士、本科、博士、博士后,,2027-06-30 00:00:00,,https://cms.hotjob.cn/,https://jiuye.uestc.edu.cn/career/recruitment/online/fxjd79z6zpxd,verified,https://jiuye.uestc.edu.cn/career/recruitment/online,
91ba144aa2c7c4a3b7729dde6d7d89679a29ed30ace958a5cd253d27390964d9,2026-09-08 09:28:01,2026-09-08 09:28:01,需求信息,招商证券股份有限公司,"招商证券2027年校园招聘现已全面启动,欢迎投递",证券做市岗,2026-09-07 22:04:54,2026-09-08,"广东省:深圳市,北京市:西城区,上海市:浦东新区",,,,,硕士、本科、博士、博士后,,2027-06-30 00:00:00,,https://cms.hotjob.cn/,https://jiuye.uestc.edu.cn/career/recruitment/online/fxjd79z6zpxd,verified,https://jiuye.uestc.edu.cn/career/recruitment/online,
345b1c2428d21ca96e894108ce82bfb433c405502ef5f80be5b4020e4357e3b8,2026-09-08 09:28:01,2026-09-08 09:28:01,需求信息,招商证券股份有限公司,"招商证券2027年校园招聘现已全面启动,欢迎投递",产品岗,2026-09-07 22:04:54,2026-09-08,"广东省:深圳市,北京市:西城区,上海市:浦东新区",,,,,硕士、本科、博士、博士后,,2027-06-30 00:00:00,,https://cms.hotjob.cn/,https://jiuye.uestc.edu.cn/career/recruitment/online/fxjd79z6zpxd,verified,https://jiuye.uestc.edu.cn/career/recruitment/online,
8da28fa4509ae05e78d9f7664a4ec70737985201f02a3021b78c1e1096da68e0,2026-09-08 09:28:01,2026-09-08 09:28:01,需求信息,招商证券股份有限公司,"招商证券2027年校园招聘现已全面启动,欢迎投递",交易岗,2026-09-07 22:04:54,2026-09-08,"广东省:深圳市,北京市:西城区,上海市:浦东新区",,,,,硕士、本科、博士、博士后,,2027-06-30 00:00:00,,https://cms.hotjob.cn/,https://jiuye.uestc.edu.cn/career/recruitment/online/fxjd79z6zpxd,verified,https://jiuye.uestc.edu.cn/career/recruitment/online,
2d78eed75ef48f8e076c96afd57af0850de7c2e93c97e3b91597c75da306ae35,2026-09-08 09:28:01,2026-09-08 09:28:01,需求信息,招商证券股份有限公司,"招商证券2027年校园招聘现已全面启动,欢迎投递",金融科技岗(深圳),2026-09-07 22:04:54,2026-09-08,"广东省:深圳市,北京市:西城区,上海市:浦东新区",,,,,硕士、本科、博士、博士后,,2027-06-30 00:00:00,,https://cms.hotjob.cn/,https://jiuye.uestc.edu.cn/career/recruitment/online/fxjd79z6zpxd,verified,https://jiuye.uestc.edu.cn/career/recruitment/online,
1fa57ca4f5ab8b142e869349383d6c86de58b9eca3866011fdbc7b1de09d5ca6,2026-09-08 09:28:01,2026-09-08 09:28:01,需求信息,招商证券股份有限公司,"招商证券2027年校园招聘现已全面启动,欢迎投递",金融科技岗(武汉),2026-09-07 22:04:54,2026-09-08,"广东省:深圳市,北京市:西城区,上海市:浦东新区",,,,,硕士、本科、博士、博士后,,2027-06-30 00:00:00,,https://cms.hotjob.cn/,https://jiuye.uestc.edu.cn/career/recruitment/online/fxjd79z6zpxd,verified,https://jiuye.uestc.edu.cn/career/recruitment/online,
27a07c7c97ee430cae96e719540778d3e235067b9953e8e5b293f21ce8b674a4,2026-09-08 09:28:01,2026-09-08 09:28:01,需求信息,招商证券股份有限公司,"招商证券2027年校园招聘现已全面启动,欢迎投递",财富顾问岗,2026-09-07 22:04:54,2026-09-08,"广东省:深圳市,北京市:西城区,上海市:浦东新区",,,,,硕士、本科、博士、博士后,,2027-06-30 00:00:00,,https://cms.hotjob.cn/,https://jiuye.uestc.edu.cn/career/recruitment/online/fxjd79z6zpxd,verified,https://jiuye.uestc.edu.cn/career/recruitment/online,
06c7da138b126a5bf3f1b7c07d079ae6b3f0e25b0cfe81fbf7e2a63744a5a933,2026-09-08 09:28:01,2026-09-08 09:28:01,需求信息,招商证券股份有限公司,"招商证券2027年校园招聘现已全面启动,欢迎投递",机构及企业客户经理岗,2026-09-07 22:04:54,2026-09-08,"广东省:深圳市,北京市:西城区,上海市:浦东新区",,,,,硕士、本科、博士、博士后,,2027-06-30 00:00:00,,https://cms.hotjob.cn/,https://jiuye.uestc.edu.cn/career/recruitment/online/fxjd79z6zpxd,verified,https://jiuye.uestc.edu.cn/career/recruitment/online,
64e1cf956f45db3e55790798b22ed2fc8eb39116672a5aa838292cd162d0a7b8,2026-09-08 09:28:01,2026-09-08 09:28:01,需求信息,招商证券股份有限公司,"招商证券2027年校园招聘现已全面启动,欢迎投递",公募保险客户经理岗,2026-09-07 22:04:54,2026-09-08,"广东省:深圳市,北京市:西城区,上海市:浦东新区",,,,,硕士、本科、博士、博士后,,2027-06-30 00:00:00,,https://cms.hotjob.cn/,https://jiuye.uestc.edu.cn/career/recruitment/online/fxjd79z6zpxd,verified,https://jiuye.uestc.edu.cn/career/recruitment/online,
e63c2a6093a85ae787a62f027b7a5af65892ebca4c5967590d5adc887d72f724,2026-09-08 09:28:01,2026-09-08 09:28:01,需求信息,招商证券股份有限公司,"招商证券2027年校园招聘现已全面启动,欢迎投递",财务管理岗,2026-09-07 22:04:54,2026-09-08,"广东省:深圳市,北京市:西城区,上海市:浦东新区",,,,,硕士、本科、博士、博士后,,2027-06-30 00:00:00,,https://cms.hotjob.cn/,https://jiuye.uestc.edu.cn/career/recruitment/online/fxjd79z6zpxd,verified,https://jiuye.uestc.edu.cn/career/recruitment/online,
bc1742d33527bc682fa282a1d07b4ace67b7c874dda67807a238606655218257,2026-09-08 09:28:01,2026-09-08 09:28:01,需求信息,招商证券股份有限公司,"招商证券2027年校园招聘现已全面启动,欢迎投递",研究岗(量化方向),2026-09-07 22:04:54,2026-09-08,"广东省:深圳市,北京市:西城区,上海市:浦东新区",,,,,硕士、本科、博士、博士后,,2027-06-30 00:00:00,,https://cms.hotjob.cn/,https://jiuye.uestc.edu.cn/career/recruitment/online/fxjd79z6zpxd,verified,https://jiuye.uestc.edu.cn/career/recruitment/online,
0ca6af6390b45222b1c0a5e0376a13734e072f672ab91b3887f27a38b266e815,2026-09-08 09:28:01,2026-09-08 09:28:01,需求信息,招商证券股份有限公司,"招商证券2027年校园招聘现已全面启动,欢迎投递",研究岗(行业研究),2026-09-07 22:04:54,2026-09-08,"广东省:深圳市,北京市:西城区,上海市:浦东新区",,,,,硕士、本科、博士、博士后,,2027-06-30 00:00:00,,https://cms.hotjob.cn/,https://jiuye.uestc.edu.cn/career/recruitment/online/fxjd79z6zpxd,verified,https://jiuye.uestc.edu.cn/career/recruitment/online,
66ee55c1c05402e191d85257b62bda0bcc50ca1638ec452fa84cd18aa0b69d8d,2026-09-08 09:28:01,2026-09-08 09:28:01,需求信息,招商证券股份有限公司,"招商证券2027年校园招聘现已全面启动,欢迎投递",产品设计岗,2026-09-07 22:04:54,2026-09-08,"广东省:深圳市,北京市:西城区,上海市:浦东新区",,,,,硕士、本科、博士、博士后,,2027-06-30 00:00:00,,https://cms.hotjob.cn/,https://jiuye.uestc.edu.cn/career/recruitment/online/fxjd79z6zpxd,verified,https://jiuye.uestc.edu.cn/career/recruitment/online,
255cd2f6e254e05b067476311bcfc9c1a5b08a73dbdc0842ae6ef9a3bf80e826,2026-09-08 09:28:01,2026-09-08 09:28:01,需求信息,招商证券股份有限公司,"招商证券2027年校园招聘现已全面启动,欢迎投递",投资岗,2026-09-07 22:04:54,2026-09-08,"广东省:深圳市,北京市:西城区,上海市:浦东新区",,,,,硕士、本科、博士、博士后,,2027-06-30 00:00:00,,https://cms.hotjob.cn/,https://jiuye.uestc.edu.cn/career/recruitment/online/fxjd79z6zpxd,verified,https://jiuye.uestc.edu.cn/career/recruitment/online,
2e0a5b7aa4da6e6f57b164e70546146c58dda4f81b404019bcd7e7ffb1244e7f,2026-09-08 09:28:01,2026-09-08 09:28:01,需求信息,招商证券股份有限公司,"招商证券2027年校园招聘现已全面启动,欢迎投递",博士后(研发中心/金科中心/投行委/招商资管/招商期货等多课题),2026-09-07 22:04:54,2026-09-08,"广东省:深圳市,北京市:西城区,上海市:浦东新区",,,,,硕士、本科、博士、博士后,,2027-06-30 00:00:00,,https://cms.hotjob.cn/,https://jiuye.uestc.edu.cn/career/recruitment/online/fxjd79z6zpxd,verified,https://jiuye.uestc.edu.cn/career/recruitment/online,
744a56a40f5cf46fe7dae89d2dceb46703ceba117d11182cd1f04e7617008b95,2026-09-08 09:28:01,2026-09-08 09:28:01,需求信息,北京燕东微电子股份有限公司,燕东微2027全球校园招聘,未明确列出,2026-09-07 20:39:28,2026-09-07,北京市:朝阳区,,,,,本科、硕士、博士,,2027-06-30 00:00:00,,,https://jiuye.uestc.edu.cn/career/recruitment/online/fxja63hbspoh,verified,https://jiuye.uestc.edu.cn/career/recruitment/online,
67a578c17be776cfe00c530b0a938def1883077df6dbf09afe7b2eee2da1fe19,2026-09-08 09:28:01,2026-09-08 09:28:01,需求信息,长电科技管理有限公司,长电科技2027届秋季校园招聘!,工艺工程师,2026-09-07 19:05:28,2026-09-07,"江苏省:南京市,上海市:黄浦区",,,,,本科、硕士、博士,,2026-11-30 00:00:00,,,https://jiuye.uestc.edu.cn/career/recruitment/online/fxj2mo88cc1t,verified,https://jiuye.uestc.edu.cn/career/recruitment/online,
9b56c1ea1757171df8732075510756cfadb11ab0b527f36342f86990d7d226fb,2026-09-08 09:28:01,2026-09-08 09:28:01,需求信息,长电科技管理有限公司,长电科技2027届秋季校园招聘!,客户工程师,2026-09-07 19:05:28,2026-09-07,"江苏省:南京市,上海市:黄浦区",,,,,本科、硕士、博士,,2026-11-30 00:00:00,,,https://jiuye.uestc.edu.cn/career/recruitment/online/fxj2mo88cc1t,verified,https://jiuye.uestc.edu.cn/career/recruitment/online,
0a68547935161d10d035076bec66952286786bf249f112e0a27b6e4714e92daa,2026-09-08 09:28:01,2026-09-08 09:28:01,需求信息,长电科技管理有限公司,长电科技2027届秋季校园招聘!,质量工程师,2026-09-07 19:05:28,2026-09-07,"江苏省:南京市,上海市:黄浦区",,,,,本科、硕士、博士,,2026-11-30 00:00:00,,,https://jiuye.uestc.edu.cn/career/recruitment/online/fxj2mo88cc1t,verified,https://jiuye.uestc.edu.cn/career/recruitment/online,
ba601fbf160b88302ea1d96cb30fae573248138bb0bdf58513e5a30025f386e1,2026-09-08 09:28:01,2026-09-08 09:28:01,需求信息,长电科技管理有限公司,长电科技2027届秋季校园招聘!,项目管理工程师,2026-09-07 19:05:28,2026-09-07,"江苏省:南京市,上海市:黄浦区",,,,,本科、硕士、博士,,2026-11-30 00:00:00,,,https://jiuye.uestc.edu.cn/career/recruitment/online/fxj2mo88cc1t,verified,https://jiuye.uestc.edu.cn/career/recruitment/online,
1b6b7a0fe5100d4a0373b83bd5dbe15ce123396778a26c9ba0f3cc1e06b1aabf,2026-09-08 09:28:01,2026-09-08 09:28:01,需求信息,长电科技管理有限公司,长电科技2027届秋季校园招聘!,NPI工程师,2026-09-07 19:05:28,2026-09-07,"江苏省:南京市,上海市:黄浦区",,,,,本科、硕士、博士,,2026-11-30 00:00:00,,,https://jiuye.uestc.edu.cn/career/recruitment/online/fxj2mo88cc1t,verified,https://jiuye.uestc.edu.cn/career/recruitment/online,
4c21ffc0c1f1d653ce5cc48eff4e9b8e84ceba3a76e18c91956776582b9c793b,2026-09-08 09:28:01,2026-09-08 09:28:01,需求信息,长电科技管理有限公司,长电科技2027届秋季校园招聘!,制造工程师,2026-09-07 19:05:28,2026-09-07,"江苏省:南京市,上海市:黄浦区",,,,,本科、硕士、博士,,2026-11-30 00:00:00,,,https://jiuye.uestc.edu.cn/career/recruitment/online/fxj2mo88cc1t,verified,https://jiuye.uestc.edu.cn/career/recruitment/online,
abc51024b223e540ad7a331851696af44bdbe4fef608e14137d529672300ca56,2026-09-08 09:28:01,2026-09-08 09:28:01,需求信息,长电科技管理有限公司,长电科技2027届秋季校园招聘!,设备工程师,2026-09-07 19:05:28,2026-09-07,"江苏省:南京市,上海市:黄浦区",,,,,本科、硕士、博士,,2026-11-30 00:00:00,,,https://jiuye.uestc.edu.cn/career/recruitment/online/fxj2mo88cc1t,verified,https://jiuye.uestc.edu.cn/career/recruitment/online,
d87aa2c385b2e597661dc8ef4dd6650c760c588c7b1c60bf48ffde8d3751eab1,2026-09-08 09:28:01,2026-09-08 09:28:01,需求信息,长电科技管理有限公司,长电科技2027届秋季校园招聘!,产品工程师,2026-09-07 19:05:28,2026-09-07,"江苏省:南京市,上海市:黄浦区",,,,,本科、硕士、博士,,2026-11-30 00:00:00,,,https://jiuye.uestc.edu.cn/career/recruitment/online/fxj2mo88cc1t,verified,https://jiuye.uestc.edu.cn/career/recruitment/online,
5f88ccd6b0efcc1aea10bc76e1dff49db78aa75d98a6ed2c1b551b97a1a5734f,2026-09-08 09:28:01,2026-09-08 09:28:01,需求信息,长电科技管理有限公司,长电科技2027届秋季校园招聘!,研发工程师,2026-09-07 19:05:28,2026-09-07,"江苏省:南京市,上海市:黄浦区",,,,,本科、硕士、博士,,2026-11-30 00:00:00,,,https://jiuye.uestc.edu.cn/career/recruitment/online/fxj2mo88cc1t,verified,https://jiuye.uestc.edu.cn/career/recruitment/online,
a24e5c5bcb651c77471aef9a64566f5293cf6ab92a6aaeef559b876ebc0a7480,2026-09-08 09:28:01,2026-09-08 09:28:01,需求信息,长电科技管理有限公司,长电科技2027届秋季校园招聘!,财务专员,2026-09-07 19:05:28,2026-09-07,"江苏省:南京市,上海市:黄浦区",,,,,本科、硕士、博士,,2026-11-30 00:00:00,,,https://jiuye.uestc.edu.cn/career/recruitment/online/fxj2mo88cc1t,verified,https://jiuye.uestc.edu.cn/career/recruitment/online,
b03279d3ddfcae0528766d8e3a6c0201ac0155f5384a5b79976dac70d922e000,2026-09-08 09:28:01,2026-09-08 09:28:01,需求信息,广电运通集团股份有限公司,广电运通2027届校园招聘正式启动,未明确列出,2026-09-07 18:46:39,2026-09-07,广东省:广州市,,,,,本科、硕士、博士,,2026-12-31 00:00:00,,https://hr.grgbanking.com/campus,https://jiuye.uestc.edu.cn/career/recruitment/online/fxj1iuuffbpe,verified,https://jiuye.uestc.edu.cn/career/recruitment/online,
c06cfae44ab9158c072f8ecfa6d02191fd507f1185139062ea8af3db49ff24ec,2026-09-08 09:28:01,2026-09-08 09:28:01,需求信息,杉杉商业集团有限公司,杉杉商业集团2027届管理培训生招聘简章,未明确列出,2026-09-07 18:38:41,2026-09-07,浙江省:宁波市,,,,,本科、硕士,,2027-06-01 17:23:07,,https://app-tc.mokahr.com/m/campus-recruitment/vipshophr/16060?locale=zh-CN,https://jiuye.uestc.edu.cn/career/recruitment/online/fx850txiufi9,verified,https://jiuye.uestc.edu.cn/career/recruitment/online,
470870df72c2df87ad56f1c92d8ef5fb13d70c1652160949c3676872c568cfa5,2026-09-08 09:28:01,2026-09-08 09:28:01,需求信息,杭州九阳小家电有限公司,,未明确列出,2026-09-07 18:35:58,2026-09-07,浙江省:杭州市,,,,,本科,,2026-10-31 00:00:00,,https://tv.51job.com/redirect.aspx?key=VDC67,https://jiuye.uestc.edu.cn/career/recruitment/online/fxix6qn9emtd,verified,https://jiuye.uestc.edu.cn/career/recruitment/online,
6223938e72b52ede7a0783b28f1334c7e1030b0edbe9b34a86b0c314e06c4a9f,2026-09-08 09:28:01,2026-09-08 09:28:01,需求信息,广东拓斯达科技股份有限公司,2027届校园招聘简章,未明确列出,2026-09-07 18:34:54,2026-09-07,广东省:东莞市,,,,,硕士,,2026-10-30 18:23:54,,https://mp.weixin.qq.com/s/xgfZGj53YpjAPqtnI1_aZQ,https://jiuye.uestc.edu.cn/career/recruitment/online/fxj023s7yznm,verified,https://jiuye.uestc.edu.cn/career/recruitment/online,
f8c17eaf70a64017be2eb3d94322fd37c4218642900f22d85677f9f88b8d7ea8,2026-09-08 09:28:01,2026-09-08 09:28:01,需求信息,中国航空制造技术研究院,中国航空制造技术研究院 2027 届校园招聘简章,未明确列出,2026-09-07 17:55:27,2026-09-07,北京市:朝阳区,,,,,本科、硕士、博士,,2027-04-30 00:00:00,,,https://jiuye.uestc.edu.cn/career/recruitment/online/fxins7m959fm,verified,https://jiuye.uestc.edu.cn/career/recruitment/online,
bebd6988521a91746e05db5892683edeb058812a5bbcb3eddbafa0160b65db17,2026-09-08 09:28:01,2026-09-08 09:28:01,需求信息,超聚变数字技术有限公司,面向校招招聘群体,未明确列出,2026-09-07 17:53:22,2026-09-07,其他(具体查看招聘信息),,,,,本科、硕士、博士、博士后,,2026-11-07 00:00:00,,,https://jiuye.uestc.edu.cn/career/recruitment/online/fxio5k8ithj5,verified,https://jiuye.uestc.edu.cn/career/recruitment/online,
70e3561a0769890ce7df43c46e84d0493f91e4b935687c65ea5a08e4440263b4,2026-09-08 09:28:01,2026-09-08 09:28:01,需求信息,能量奇点能源科技(上海)有限公司,,硬件工程专员-强电方向,2026-09-07 17:51:04,2026-09-07,上海市:浦东新区,,,,,硕士,,2027-07-31 16:10:37,,https://s.xinrenxinshi.com/recruitGate/list,https://jiuye.uestc.edu.cn/career/recruitment/online/fxio7v48j6ki,verified,https://jiuye.uestc.edu.cn/career/recruitment/online,
fc2d2bf429a731a1c6de7f97c5de515d6ff71473839e5fd58420f9735452ee69,2026-09-08 09:28:01,2026-09-08 09:28:01,需求信息,能量奇点能源科技(上海)有限公司,,硬件工程专员-弱电方向,2026-09-07 17:51:04,2026-09-07,上海市:浦东新区,,,,,硕士,,2027-07-31 16:10:37,,https://s.xinrenxinshi.com/recruitGate/list,https://jiuye.uestc.edu.cn/career/recruitment/online/fxio7v48j6ki,verified,https://jiuye.uestc.edu.cn/career/recruitment/online,
4665b376fedf1e4e25fee8120369a2553a3c2f1a7372a4d9f95cf7f562c23b6e,2026-09-08 09:28:01,2026-09-08 09:28:01,需求信息,能量奇点能源科技(上海)有限公司,,算法工程师,2026-09-07 17:51:04,2026-09-07,上海市:浦东新区,,,,,硕士,,2027-07-31 16:10:37,,https://s.xinrenxinshi.com/recruitGate/list,https://jiuye.uestc.edu.cn/career/recruitment/online/fxio7v48j6ki,verified,https://jiuye.uestc.edu.cn/career/recruitment/online,
b304b04760e6762efec0c3c9fb93f683fd68b77591da469a70976bc6d6ee38d2,2026-09-08 09:28:01,2026-09-08 09:28:01,需求信息,能量奇点能源科技(上海)有限公司,,硬件工程专员-射频方向,2026-09-07 17:51:04,2026-09-07,上海市:浦东新区,,,,,硕士,,2027-07-31 16:10:37,,https://s.xinrenxinshi.com/recruitGate/list,https://jiuye.uestc.edu.cn/career/recruitment/online/fxio7v48j6ki,verified,https://jiuye.uestc.edu.cn/career/recruitment/online,
535e3e8cc0b494141acd149e0f2c9f69ca2e0e9adcae017d6782c677c423df6b,2026-09-08 09:28:01,2026-09-08 09:28:01,需求信息,维谛技术有限公司,维谛技术(Vertiv)2027届秋季校园招聘,销售工程师,2026-09-07 17:46:33,2026-09-07,"广东省:深圳市,四川省:绵阳市,陕西省:西安市",,,,,本科,,2026-11-30 00:00:00,,https://app.mokahr.com/su/tbyamd,https://jiuye.uestc.edu.cn/career/recruitment/online/fxipvapmhurm,verified,https://jiuye.uestc.edu.cn/career/recruitment/online,
1d6b4f6402f9ed8e2f818a1d2f2b717338f09512cd12a0b12dd325f049e43064,2026-09-08 09:28:01,2026-09-08 09:28:01,需求信息,维谛技术有限公司,维谛技术(Vertiv)2027届秋季校园招聘,服务销售工程师,2026-09-07 17:46:33,2026-09-07,"广东省:深圳市,四川省:绵阳市,陕西省:西安市",,,,,本科,,2026-11-30 00:00:00,,https://app.mokahr.com/su/tbyamd,https://jiuye.uestc.edu.cn/career/recruitment/online/fxipvapmhurm,verified,https://jiuye.uestc.edu.cn/career/recruitment/online,
ff7c05e45c173d467c95adbf3808eb610d9c01b01f37a90b741db12c27f6ac1d,2026-09-08 09:28:01,2026-09-08 09:28:01,需求信息,维谛技术有限公司,维谛技术(Vertiv)2027届秋季校园招聘,制冷交付工程师,2026-09-07 17:46:33,2026-09-07,"广东省:深圳市,四川省:绵阳市,陕西省:西安市",,,,,本科,,2026-11-30 00:00:00,,https://app.mokahr.com/su/tbyamd,https://jiuye.uestc.edu.cn/career/recruitment/online/fxipvapmhurm,verified,https://jiuye.uestc.edu.cn/career/recruitment/online,
502165c73dc60f52a9d8361a630040a6dae829df98b2ebc81fec838e80972b20,2026-09-08 09:28:01,2026-09-08 09:28:01,需求信息,维谛技术有限公司,维谛技术(Vertiv)2027届秋季校园招聘,电气交付工程师,2026-09-07 17:46:33,2026-09-07,"广东省:深圳市,四川省:绵阳市,陕西省:西安市",,,,,本科,,2026-11-30 00:00:00,,https://app.mokahr.com/su/tbyamd,https://jiuye.uestc.edu.cn/career/recruitment/online/fxipvapmhurm,verified,https://jiuye.uestc.edu.cn/career/recruitment/online,
35c526c150602fe2fdb6eaabd06b1642ea66fc836694a72051fb478888e1d7c1,2026-09-08 09:28:01,2026-09-08 09:28:01,需求信息,维谛技术有限公司,维谛技术(Vertiv)2027届秋季校园招聘,监控工程管理工程师,2026-09-07 17:46:33,2026-09-07,"广东省:深圳市,四川省:绵阳市,陕西省:西安市",,,,,本科,,2026-11-30 00:00:00,,https://app.mokahr.com/su/tbyamd,https://jiuye.uestc.edu.cn/career/recruitment/online/fxipvapmhurm,verified,https://jiuye.uestc.edu.cn/career/recruitment/online,
b0f4e8e3fc95c1ed1d01b5f655e300e70c1d0038bcf77c441808762a0c124fe5,2026-09-08 09:28:01,2026-09-08 09:28:01,需求信息,维谛技术有限公司,维谛技术(Vertiv)2027届秋季校园招聘,行销工程师,2026-09-07 17:46:33,2026-09-07,"广东省:深圳市,四川省:绵阳市,陕西省:西安市",,,,,本科,,2026-11-30 00:00:00,,https://app.mokahr.com/su/tbyamd,https://jiuye.uestc.edu.cn/career/recruitment/online/fxipvapmhurm,verified,https://jiuye.uestc.edu.cn/career/recruitment/online,
46bfad3d2d9530c959451d11a120381cac818eb75a252fa9f6036301adce6028,2026-09-08 09:28:01,2026-09-08 09:28:01,需求信息,维谛技术有限公司,维谛技术(Vertiv)2027届秋季校园招聘,销售计划工程师,2026-09-07 17:46:33,2026-09-07,"广东省:深圳市,四川省:绵阳市,陕西省:西安市",,,,,本科,,2026-11-30 00:00:00,,https://app.mokahr.com/su/tbyamd,https://jiuye.uestc.edu.cn/career/recruitment/online/fxipvapmhurm,verified,https://jiuye.uestc.edu.cn/career/recruitment/online,
208bc1ec3d9c608e2cfe87b4012a5ad48ac5fc40e6f8636c4540e0be08011e04,2026-09-08 09:28:01,2026-09-08 09:28:01,需求信息,维谛技术有限公司,维谛技术(Vertiv)2027届秋季校园招聘,营销策划工程师,2026-09-07 17:46:33,2026-09-07,"广东省:深圳市,四川省:绵阳市,陕西省:西安市",,,,,本科,,2026-11-30 00:00:00,,https://app.mokahr.com/su/tbyamd,https://jiuye.uestc.edu.cn/career/recruitment/online/fxipvapmhurm,verified,https://jiuye.uestc.edu.cn/career/recruitment/online,
9ac44c6e300299ffbed1c5ba68dbf1091d569f0299cfcac85babb5367a3fdcd9,2026-09-08 09:28:01,2026-09-08 09:28:01,需求信息,维谛技术有限公司,维谛技术(Vertiv)2027届秋季校园招聘,空调技术支持工程师(液冷),2026-09-07 17:46:33,2026-09-07,"广东省:深圳市,四川省:绵阳市,陕西省:西安市",,,,,本科,,2026-11-30 00:00:00,,https://app.mokahr.com/su/tbyamd,https://jiuye.uestc.edu.cn/career/recruitment/online/fxipvapmhurm,verified,https://jiuye.uestc.edu.cn/career/recruitment/online,
c8a98f5b3082b7908c8b2b2ff00a8b537417bae08695a14160a3a4dce745e92a,2026-09-08 09:28:01,2026-09-08 09:28:01,需求信息,维谛技术有限公司,维谛技术(Vertiv)2027届秋季校园招聘,空调产品工程师(液冷),2026-09-07 17:46:33,2026-09-07,"广东省:深圳市,四川省:绵阳市,陕西省:西安市",,,,,本科,,2026-11-30 00:00:00,,https://app.mokahr.com/su/tbyamd,https://jiuye.uestc.edu.cn/career/recruitment/online/fxipvapmhurm,verified,https://jiuye.uestc.edu.cn/career/recruitment/online,
c81b2808c6a1ca0a771f7306b480beabea4d29a3a69d11e4de99d15234b87f36,2026-09-08 09:28:01,2026-09-08 09:28:01,需求信息,维谛技术有限公司,维谛技术(Vertiv)2027届秋季校园招聘,市场研究工程师,2026-09-07 17:46:33,2026-09-07,"广东省:深圳市,四川省:绵阳市,陕西省:西安市",,,,,本科,,2026-11-30 00:00:00,,https://app.mokahr.com/su/tbyamd,https://jiuye.uestc.edu.cn/career/recruitment/online/fxipvapmhurm,verified,https://jiuye.uestc.edu.cn/career/recruitment/online,
d726c27736293de1cc739dd96d51ba8efc02de37c7703728e2c6a965cb9534ea,2026-09-08 09:28:01,2026-09-08 09:28:01,需求信息,维谛技术有限公司,维谛技术(Vertiv)2027届秋季校园招聘,电力电子硬件工程师,2026-09-07 17:46:33,2026-09-07,"广东省:深圳市,四川省:绵阳市,陕西省:西安市",,,,,本科,,2026-11-30 00:00:00,,https://app.mokahr.com/su/tbyamd,https://jiuye.uestc.edu.cn/career/recruitment/online/fxipvapmhurm,verified,https://jiuye.uestc.edu.cn/career/recruitment/online,
1ce536f8f8ea51005bd8d8dab7591e89e4c68ac56d6da3baea593d7684ae047e,2026-09-08 09:28:01,2026-09-08 09:28:01,需求信息,维谛技术有限公司,维谛技术(Vertiv)2027届秋季校园招聘,电力电子软件工程师,2026-09-07 17:46:33,2026-09-07,"广东省:深圳市,四川省:绵阳市,陕西省:西安市",,,,,本科,,2026-11-30 00:00:00,,https://app.mokahr.com/su/tbyamd,https://jiuye.uestc.edu.cn/career/recruitment/online/fxipvapmhurm,verified,https://jiuye.uestc.edu.cn/career/recruitment/online,
cdb6b6e7740b13d5f44a831c2fd52ce349f4ae0f919e15eef85bef4094f92bfa,2026-09-08 09:28:01,2026-09-08 09:28:01,需求信息,维谛技术有限公司,维谛技术(Vertiv)2027届秋季校园招聘,电气工程师,2026-09-07 17:46:33,2026-09-07,"广东省:深圳市,四川省:绵阳市,陕西省:西安市",,,,,本科,,2026-11-30 00:00:00,,https://app.mokahr.com/su/tbyamd,https://jiuye.uestc.edu.cn/career/recruitment/online/fxipvapmhurm,verified,https://jiuye.uestc.edu.cn/career/recruitment/online,
06abf5e80c20b886c42394b3d14352b74a70110dc5bdc90f487776fdef291db9,2026-09-08 09:28:01,2026-09-08 09:28:01,需求信息,维谛技术有限公司,维谛技术(Vertiv)2027届秋季校园招聘,制冷工程师,2026-09-07 17:46:33,2026-09-07,"广东省:深圳市,四川省:绵阳市,陕西省:西安市",,,,,本科,,2026-11-30 00:00:00,,https://app.mokahr.com/su/tbyamd,https://jiuye.uestc.edu.cn/career/recruitment/online/fxipvapmhurm,verified,https://jiuye.uestc.edu.cn/career/recruitment/online,
fd5c2b64d45ffc6b8438edfa69fc128f125e450a98e249dd2e9a5528f737766c,2026-09-08 09:28:01,2026-09-08 09:28:01,需求信息,维谛技术有限公司,维谛技术(Vertiv)2027届秋季校园招聘,单板软件工程师,2026-09-07 17:46:33,2026-09-07,"广东省:深圳市,四川省:绵阳市,陕西省:西安市",,,,,本科,,2026-11-30 00:00:00,,https://app.mokahr.com/su/tbyamd,https://jiuye.uestc.edu.cn/career/recruitment/online/fxipvapmhurm,verified,https://jiuye.uestc.edu.cn/career/recruitment/online,
5b3b6b668f5de0c91052ad7290dc845cbfaffb3c475555bff119679a0cd563f8,2026-09-08 09:28:01,2026-09-08 09:28:01,需求信息,维谛技术有限公司,维谛技术(Vertiv)2027届秋季校园招聘,结构工程师,2026-09-07 17:46:33,2026-09-07,"广东省:深圳市,四川省:绵阳市,陕西省:西安市",,,,,本科,,2026-11-30 00:00:00,,https://app.mokahr.com/su/tbyamd,https://jiuye.uestc.edu.cn/career/recruitment/online/fxipvapmhurm,verified,https://jiuye.uestc.edu.cn/career/recruitment/online,
0ce30148d16d10a8c6d35f4331cb1499b186be1f1379ef36a2a96976c9324da2,2026-09-08 09:28:01,2026-09-08 09:28:01,需求信息,维谛技术有限公司,维谛技术(Vertiv)2027届秋季校园招聘,设计工程师,2026-09-07 17:46:33,2026-09-07,"广东省:深圳市,四川省:绵阳市,陕西省:西安市",,,,,本科,,2026-11-30 00:00:00,,https://app.mokahr.com/su/tbyamd,https://jiuye.uestc.edu.cn/career/recruitment/online/fxipvapmhurm,verified,https://jiuye.uestc.edu.cn/career/recruitment/online,
26a2a4e3e72c85a2783aac73f263056a9bc9afde2ad4c7f7faef6b4e7c6bc366,2026-09-08 09:28:01,2026-09-08 09:28:01,需求信息,维谛技术有限公司,维谛技术(Vertiv)2027届秋季校园招聘,工程管理工程师,2026-09-07 17:46:33,2026-09-07,"广东省:深圳市,四川省:绵阳市,陕西省:西安市",,,,,本科,,2026-11-30 00:00:00,,https://app.mokahr.com/su/tbyamd,https://jiuye.uestc.edu.cn/career/recruitment/online/fxipvapmhurm,verified,https://jiuye.uestc.edu.cn/career/recruitment/online,
7a3651e9356487571a0207b18bb78a1344a7ea25fe869c86e6dde7d5226cd88c,2026-09-08 09:28:01,2026-09-08 09:28:01,需求信息,维谛技术有限公司,维谛技术(Vertiv)2027届秋季校园招聘,安全工程师,2026-09-07 17:46:33,2026-09-07,"广东省:深圳市,四川省:绵阳市,陕西省:西安市",,,,,本科,,2026-11-30 00:00:00,,https://app.mokahr.com/su/tbyamd,https://jiuye.uestc.edu.cn/career/recruitment/online/fxipvapmhurm,verified,https://jiuye.uestc.edu.cn/career/recruitment/online,
ab3038575be584e208fa623c2a05f9b685f17b9a7b03beb1b644953268bca158,2026-09-08 09:28:01,2026-09-08 09:28:01,需求信息,维谛技术有限公司,维谛技术(Vertiv)2027届秋季校园招聘,工艺工程师,2026-09-07 17:46:33,2026-09-07,"广东省:深圳市,四川省:绵阳市,陕西省:西安市",,,,,本科,,2026-11-30 00:00:00,,https://app.mokahr.com/su/tbyamd,https://jiuye.uestc.edu.cn/career/recruitment/online/fxipvapmhurm,verified,https://jiuye.uestc.edu.cn/career/recruitment/online,
0e285428f7a3c5d5ff0feafdce317513386771d6945b2f370c3cfcd6413122c5,2026-09-08 09:28:01,2026-09-08 09:28:01,需求信息,维谛技术有限公司,维谛技术(Vertiv)2027届秋季校园招聘,供应链计划工程师,2026-09-07 17:46:33,2026-09-07,"广东省:深圳市,四川省:绵阳市,陕西省:西安市",,,,,本科,,2026-11-30 00:00:00,,https://app.mokahr.com/su/tbyamd,https://jiuye.uestc.edu.cn/career/recruitment/online/fxipvapmhurm,verified,https://jiuye.uestc.edu.cn/career/recruitment/online,
37a99058569b1b7699ea201acdab7b9dd1bec8b0cc6e24b8fcb86b358d4c1ae4,2026-09-08 09:28:01,2026-09-08 09:28:01,需求信息,维谛技术有限公司,维谛技术(Vertiv)2027届秋季校园招聘,物控工程师,2026-09-07 17:46:33,2026-09-07,"广东省:深圳市,四川省:绵阳市,陕西省:西安市",,,,,本科,,2026-11-30 00:00:00,,https://app.mokahr.com/su/tbyamd,https://jiuye.uestc.edu.cn/career/recruitment/online/fxipvapmhurm,verified,https://jiuye.uestc.edu.cn/career/recruitment/online,
90d9859f0851bfd88a143d272ea2b3ac86ee7e4b8c7d20a4dc04337c70ef9442,2026-09-08 09:28:01,2026-09-08 09:28:01,需求信息,湖南道依茨动力有限公司,湖南道依茨2026年秋季校园招聘简章,动力工程师,2026-09-07 17:45:11,2026-09-07,长沙,,,,,硕士,,2026-12-31 00:00:00,,,https://jiuye.uestc.edu.cn/career/recruitment/online/fxiq3s4akhky,verified,https://jiuye.uestc.edu.cn/career/recruitment/online,
2d9e2fade94e789d1c78906f09b81046b5f1e125d752e2ed9b410dce5d7646a8,2026-09-08 09:28:01,2026-09-08 09:28:01,需求信息,湖南道依茨动力有限公司,湖南道依茨2026年秋季校园招聘简章,标定工程师,2026-09-07 17:45:11,2026-09-07,长沙,,,,,硕士,,2026-12-31 00:00:00,,,https://jiuye.uestc.edu.cn/career/recruitment/online/fxiq3s4akhky,verified,https://jiuye.uestc.edu.cn/career/recruitment/online,
8766030aae7c83259ef07c1907365fa45b37b94e614d2e39395d19c2cf7066d5,2026-09-08 09:28:01,2026-09-08 09:28:01,需求信息,湖南道依茨动力有限公司,湖南道依茨2026年秋季校园招聘简章,试验工程师,2026-09-07 17:45:11,2026-09-07,长沙,,,,,硕士,,2026-12-31 00:00:00,,,https://jiuye.uestc.edu.cn/career/recruitment/online/fxiq3s4akhky,verified,https://jiuye.uestc.edu.cn/career/recruitment/online,
3ae41f99a94afc28c813d4bcf48cd6fd372d2e359eadfdf5b04739597b364f9d,2026-09-08 09:28:01,2026-09-08 09:28:01,需求信息,湖南道依茨动力有限公司,湖南道依茨2026年秋季校园招聘简章,配套工程师,2026-09-07 17:45:11,2026-09-07,长沙,,,,,硕士,,2026-12-31 00:00:00,,,https://jiuye.uestc.edu.cn/career/recruitment/online/fxiq3s4akhky,verified,https://jiuye.uestc.edu.cn/career/recruitment/online,
146c3e61238b4564e928c27114de56e38614846cf766dadbc99727b7b51fb323,2026-09-08 09:28:01,2026-09-08 09:28:01,需求信息,湖南道依茨动力有限公司,湖南道依茨2026年秋季校园招聘简章,电气工程师,2026-09-07 17:45:11,2026-09-07,长沙,,,,,硕士,,2026-12-31 00:00:00,,,https://jiuye.uestc.edu.cn/career/recruitment/online/fxiq3s4akhky,verified,https://jiuye.uestc.edu.cn/career/recruitment/online,
cd93292618762ff597fb6947ed3410bc06d785a5820dd054158351d18400d25f,2026-09-08 09:28:01,2026-09-08 09:28:01,需求信息,湖南道依茨动力有限公司,湖南道依茨2026年秋季校园招聘简章,工艺工程师,2026-09-07 17:45:11,2026-09-07,长沙,,,,,硕士,,2026-12-31 00:00:00,,,https://jiuye.uestc.edu.cn/career/recruitment/online/fxiq3s4akhky,verified,https://jiuye.uestc.edu.cn/career/recruitment/online,
fc5a21c20fe16aee1ceeab603090dbb8e2a7437ab891dc378e775b60a7dbd05d,2026-09-08 09:28:01,2026-09-08 09:28:01,需求信息,湖南道依茨动力有限公司,湖南道依茨2026年秋季校园招聘简章,质量工程师,2026-09-07 17:45:11,2026-09-07,长沙,,,,,硕士,,2026-12-31 00:00:00,,,https://jiuye.uestc.edu.cn/career/recruitment/online/fxiq3s4akhky,verified,https://jiuye.uestc.edu.cn/career/recruitment/online,
dd2f909dcb44e884198701d8ad6a99a68b433090eb9b40f8ccdc140baea1951f,2026-09-08 09:28:01,2026-09-08 09:28:01,需求信息,湖南道依茨动力有限公司,湖南道依茨2026年秋季校园招聘简章,制造管理专员,2026-09-07 17:45:11,2026-09-07,长沙,,,,,本科,,2026-12-31 00:00:00,,,https://jiuye.uestc.edu.cn/career/recruitment/online/fxiq3s4akhky,verified,https://jiuye.uestc.edu.cn/career/recruitment/online,
77f71cf0e5f6724d32954e807290b7e7e8927c6344b4a22f16bda0d7abb97a01,2026-09-08 09:28:01,2026-09-08 09:28:01,需求信息,湖南道依茨动力有限公司,湖南道依茨2026年秋季校园招聘简章,采购专员,2026-09-07 17:45:11,2026-09-07,长沙,,,,,本科,,2026-12-31 00:00:00,,,https://jiuye.uestc.edu.cn/career/recruitment/online/fxiq3s4akhky,verified,https://jiuye.uestc.edu.cn/career/recruitment/online,
a95cadede7f3ec0deb829b513e0821f6322080e88aa7bb343bce846141c81511,2026-09-08 09:28:01,2026-09-08 09:28:01,需求信息,湖南道依茨动力有限公司,湖南道依茨2026年秋季校园招聘简章,营销管理专员,2026-09-07 17:45:11,2026-09-07,长沙,,,,,本科,,2026-12-31 00:00:00,,,https://jiuye.uestc.edu.cn/career/recruitment/online/fxiq3s4akhky,verified,https://jiuye.uestc.edu.cn/career/recruitment/online,
238a12fa9208e456b9be393f681c95ad1994da3027a2e97b02c39b5b92b90f95,2026-09-08 09:28:01,2026-09-08 09:28:01,需求信息,湖南道依茨动力有限公司,湖南道依茨2026年秋季校园招聘简章,国际营销经理,2026-09-07 17:45:11,2026-09-07,海外,,,,,本科,,2026-12-31 00:00:00,,,https://jiuye.uestc.edu.cn/career/recruitment/online/fxiq3s4akhky,verified,https://jiuye.uestc.edu.cn/career/recruitment/online,
6ed7e9824563e7e48b5c8774ddde334c611dea32436ed4185308e7e0afd693de,2026-09-08 09:28:01,2026-09-08 09:28:01,需求信息,湖南道依茨动力有限公司,湖南道依茨2026年秋季校园招聘简章,国际服务工程师,2026-09-07 17:45:11,2026-09-07,海外,,,,,本科,,2026-12-31 00:00:00,,,https://jiuye.uestc.edu.cn/career/recruitment/online/fxiq3s4akhky,verified,https://jiuye.uestc.edu.cn/career/recruitment/online,
2b369b6eaa6bf2a282d509e76c8a79b149f7d4b6da447f7acb54c15f558460c7,2026-09-08 09:28:01,2026-09-08 09:28:01,需求信息,湖南道依茨动力有限公司,湖南道依茨2026年秋季校园招聘简章,研发岗,2026-09-07 17:45:11,2026-09-07,湖南省:长沙市,,,,,硕士,,2026-12-31 00:00:00,,,https://jiuye.uestc.edu.cn/career/recruitment/online/fxiq3s4akhky,verified,https://jiuye.uestc.edu.cn/career/recruitment/online,
bd893abcb0fc829e567fbb7d37e31e8cf70e932b71cfbead73b38a4e613b4876,2026-09-08 09:28:01,2026-09-08 09:28:01,需求信息,湖南道依茨动力有限公司,湖南道依茨2026年秋季校园招聘简章,管理岗,2026-09-07 17:45:11,2026-09-07,湖南省:长沙市,,,,,硕士,,2026-12-31 00:00:00,,,https://jiuye.uestc.edu.cn/career/recruitment/online/fxiq3s4akhky,verified,https://jiuye.uestc.edu.cn/career/recruitment/online,
9b39f492fd2226b905bd5ad1abbd4f4ebdd351874e47c9e387aeb97896d72994,2026-09-08 09:28:01,2026-09-08 09:28:01,需求信息,湖南道依茨动力有限公司,湖南道依茨2026年秋季校园招聘简章,一线国际营销/服务,2026-09-07 17:45:11,2026-09-07,湖南省:长沙市,,,,,硕士,,2026-12-31 00:00:00,,,https://jiuye.uestc.edu.cn/career/recruitment/online/fxiq3s4akhky,verified,https://jiuye.uestc.edu.cn/career/recruitment/online,
e599155238227330233cbc617c27f84a0c16988d5e7e064863e358f40e0e68b1,2026-09-08 09:28:01,2026-09-08 09:28:01,需求信息,恒烁半导体(合肥)股份有限公司,2027届校园招聘简章,未明确列出,2026-09-07 17:43:36,2026-09-07,安徽省:合肥市,,,,,本科、硕士,,2026-12-31 18:30:26,,http://zbitsemi.zhaopin.com/,https://jiuye.uestc.edu.cn/career/recruitment/online/fxiptw01pd6q,verified,https://jiuye.uestc.edu.cn/career/recruitment/online,
440a2356b828e1d06f8385d0d31c9ab6b34862b668326bb0c2d8b699c9db0716,2026-09-08 09:28:01,2026-09-08 09:28:01,需求信息,益丰大药房连锁股份有限公司,二、 招聘需求,未明确列出,2026-09-07 17:42:06,2026-09-07,湖南省:长沙市,,,,,本科,,2027-06-30 17:06:20,,https://yfdyf1.zhiye.com/,https://jiuye.uestc.edu.cn/career/recruitment/online/fxiszkb7lr7l,verified,https://jiuye.uestc.edu.cn/career/recruitment/online,
f7b0857737d94f2af18c4756caebcba4c0117d5bdbfbe64a4549628e2ed13556,2026-09-08 09:28:01,2026-09-08 09:28:01,需求信息,华润置地(成都)发展有限公司,华润万象商业2027届秋季校招招聘简章,未明确列出,2026-09-07 17:40:52,2026-09-07,其他(具体查看招聘信息),,,,,本科、硕士,,2026-12-31 00:00:00,,https://app.mokahr.com/campus-recruitment/crland/168540?locale=zh-CN,https://jiuye.uestc.edu.cn/career/recruitment/online/fxitknzhwum9,verified,https://jiuye.uestc.edu.cn/career/recruitment/online,
613cc402e2ce80b5bd7b69d8bfa45f003595a25ef4ca815907ed48f374a3ffd9,2026-09-08 09:28:01,2026-09-08 09:28:01,需求信息,易方达基金管理有限公司,易方达基金2027届校园招聘—AI人才专场招聘简章,未明确列出,2026-09-07 17:31:11,2026-09-07,其他(具体查看招聘信息),,,,,本科,,2026-10-11 23:59:59,,https://job.efunds.com.cn/,https://jiuye.uestc.edu.cn/career/recruitment/online/fximqyplwflu,verified,https://jiuye.uestc.edu.cn/career/recruitment/online,
482c1f501d29b669c2be38fd071cea503dd0635d66184ffa46bb3273f7947676,2026-09-08 09:28:01,2026-09-08 09:28:01,需求信息,安徽巨一科技股份有限公司,巨一科技2027届校园招聘简章,未明确列出,2026-09-07 17:29:26,2026-09-07,安徽省:合肥市,,,,,本科、硕士、博士,,2026-12-31 00:00:00,,,https://jiuye.uestc.edu.cn/career/recruitment/online/fxiliak0qosi,verified,https://jiuye.uestc.edu.cn/career/recruitment/online,
ccc9d9eacbb482e456e01fcdada62f4af43c29747f3506034b94ca36941fba26,2026-09-08 09:28:01,2026-09-08 09:28:01,需求信息,紫光同芯微电子有限公司,紫光同芯2027届校园招聘,未明确列出,2026-09-07 17:28:12,2026-09-07,"北京市:海淀区,上海市:浦东新区",,,,,本科、硕士、博士、博士后,,2027-08-31 15:07:24,,https://app.mokahr.com/m/campus-recruitment/tsinghuaic/39656,https://jiuye.uestc.edu.cn/career/recruitment/online/fxiicgelvz0h,verified,https://jiuye.uestc.edu.cn/career/recruitment/online,
c2bb5da4cd14f31d46792950c3cc86b38a1dc2cfc7d856ef3bce016aa4d5cd01,2026-09-08 09:28:01,2026-09-08 09:28:01,需求信息,图灵私募基金管理(海南)有限公司,,未明确列出,2026-09-07 17:26:21,2026-09-07,上海市:浦东新区,,,,,硕士、博士、本科,,2027-09-01 00:00:00,,,https://jiuye.uestc.edu.cn/career/recruitment/online/fxih20n6b4zm,verified,https://jiuye.uestc.edu.cn/career/recruitment/online,
8e6654b5b5e23bad994bab15cf44e0e7103f5cb3c50c7ae09fede5fcf7111b0e,2026-09-08 09:28:01,2026-09-08 09:28:01,需求信息,北京三星通信技术研究有限公司,,未明确列出,2026-09-07 17:11:51,2026-09-09,北京市:朝阳区,,,,,硕士,,2026-12-31 15:13:21,,,https://jiuye.uestc.edu.cn/career/recruitment/online/fxiiuquvtmv6,verified,https://jiuye.uestc.edu.cn/career/recruitment/online,
63c77b2ebbffc7dc473f4257949ad392db2c41ef70e81e0a9c7da921d4441863,2026-09-08 09:28:01,2026-09-08 09:28:01,需求信息,广州三环专利商标代理有限公司深圳分公司,"全民Ai的时代,谁在守护创新的“底层代码“?加入三环,做技术的架构师,而非“可替代的齿轮”!",未明确列出,2026-09-07 17:10:55,2026-09-07,"广东省:深圳市,重庆市:南岸区,江西省:南昌市,湖北省:武汉市,湖南省:长沙市",,,,,本科、硕士,,2026-12-31 00:00:00,,https://a.icnn.cn/d7RGyR,https://jiuye.uestc.edu.cn/career/recruitment/online/ff6eyown7if6,verified,https://jiuye.uestc.edu.cn/career/recruitment/online,
9eb08360c139dc5ddd18ab5b2e29b349243635fd2f53df52d28fb9338ca60fce,2026-09-08 09:28:01,2026-09-08 09:28:01,需求信息,浙江华昱欣科技有限公司,,未明确列出,2026-09-07 14:46:40,2026-09-07,浙江省:杭州市,,,,,本科,,2026-11-30 00:00:00,,,https://jiuye.uestc.edu.cn/career/recruitment/online/fxia2nkajitd,verified,https://jiuye.uestc.edu.cn/career/recruitment/online,
91996a1c234e9ee22ccd3787f0b02d3ea4d5eef5386a61c700c63890048a1416,2026-09-08 09:28:01,2026-09-08 09:28:01,需求信息,湖南埃普特医疗器械有限公司,惠泰医疗 2027届校招职位,未明确列出,2026-09-07 14:44:21,2026-09-09,湖南省:湘潭市,,,,,本科、硕士,,2027-06-30 00:00:00,,,https://jiuye.uestc.edu.cn/career/recruitment/online/fx0hj0komozl,verified,https://jiuye.uestc.edu.cn/career/recruitment/online,
4b13e57b0c430605fdf02ceaf742d1e60acee4f379f23139c01c1523733d13f7,2026-09-08 09:28:01,2026-09-08 09:28:01,需求信息,北方夜视科技研究院集团有限公司,2027年招聘公告,未明确列出,2026-09-07 13:04:34,2026-09-07,云南省:昆明市,,,,,硕士、博士、博士后,,2027-06-30 00:00:00,"将简历命名为“姓名+毕业院校+专业”,发送至“夜视院集团人力资源部邮箱”ysyjtzp@163.com",https://yz.chsi.com.cn/,https://jiuye.uestc.edu.cn/career/recruitment/online/fxi5xl40p0qq,verified,https://jiuye.uestc.edu.cn/career/recruitment/online,
f300444fc9d6eeaaa979e7b1fef7c3df997e2237e17e8a8d66d64f44cd747d35,2026-09-08 09:28:01,2026-09-08 09:28:01,需求信息,上海浦东发展银行股份有限公司,浦发银行2027年度校园招聘启事,总行管理培训生,2026-09-07 11:27:52,2026-09-07,其他(具体查看招聘信息),,,,,硕士及以上,,2026-10-08 00:00:00,,https://job.spdb.com.cn/,https://jiuye.uestc.edu.cn/career/recruitment/online/fxhybcycwgld,verified,https://jiuye.uestc.edu.cn/career/recruitment/online,
aba489eba312282f57baedeb5d1cef3bafb710a29d7560c6f45704ef4e6554c1,2026-09-08 09:28:01,2026-09-08 09:28:01,需求信息,上海浦东发展银行股份有限公司,浦发银行2027年度校园招聘启事,总行科技储备生,2026-09-07 11:27:52,2026-09-07,其他(具体查看招聘信息),,,,,硕士及以上,,2026-10-08 00:00:00,,https://job.spdb.com.cn/,https://jiuye.uestc.edu.cn/career/recruitment/online/fxhybcycwgld,verified,https://jiuye.uestc.edu.cn/career/recruitment/online,
f3d1a1ac9bc7d2af1042eeb699e95f377fddb1f2fa79919e45e318d01dfe8acc,2026-09-08 09:28:01,2026-09-08 09:28:01,需求信息,上海浦东发展银行股份有限公司,浦发银行2027年度校园招聘启事,总行业务储备生,2026-09-07 11:27:52,2026-09-07,其他(具体查看招聘信息),,,,,硕士及以上,,2026-10-08 00:00:00,,https://job.spdb.com.cn/,https://jiuye.uestc.edu.cn/career/recruitment/online/fxhybcycwgld,verified,https://jiuye.uestc.edu.cn/career/recruitment/online,
b94804b972965fba51a2bf0476d6698f40b9f57bb74938a83c7d6b97ed46b133,2026-09-08 09:28:01,2026-09-08 09:28:01,需求信息,上海浦东发展银行股份有限公司,浦发银行2027年度校园招聘启事,总行运营储备生,2026-09-07 11:27:52,2026-09-07,其他(具体查看招聘信息),,,,,硕士及以上,,2026-10-08 00:00:00,,https://job.spdb.com.cn/,https://jiuye.uestc.edu.cn/career/recruitment/online/fxhybcycwgld,verified,https://jiuye.uestc.edu.cn/career/recruitment/online,
afd6ed25fa25bf936c8e3a9151af51dc39c65250246d628b8c6319aca05ef023,2026-09-08 09:28:01,2026-09-08 09:28:01,需求信息,上海浦东发展银行股份有限公司,浦发银行2027年度校园招聘启事,科技储备生,2026-09-07 11:27:52,2026-09-07,其他(具体查看招聘信息),,,,,本科及以上,,2026-10-08 00:00:00,,https://job.spdb.com.cn/,https://jiuye.uestc.edu.cn/career/recruitment/online/fxhybcycwgld,verified,https://jiuye.uestc.edu.cn/career/recruitment/online,
677c423cd507f3c11a2168c1f1b4e36257dfd723155c7bc06eb783ed8c617a0a,2026-09-08 09:28:01,2026-09-08 09:28:01,需求信息,上海浦东发展银行股份有限公司,浦发银行2027年度校园招聘启事,风险储备生,2026-09-07 11:27:52,2026-09-07,其他(具体查看招聘信息),,,,,本科及以上,,2026-10-08 00:00:00,,https://job.spdb.com.cn/,https://jiuye.uestc.edu.cn/career/recruitment/online/fxhybcycwgld,verified,https://jiuye.uestc.edu.cn/career/recruitment/online,
b5c8bbcca5577bcdf24061aeaeeee31e31c03db8d7ce59c4b3f01f45679ae6b2,2026-09-08 09:28:01,2026-09-08 09:28:01,需求信息,上海浦东发展银行股份有限公司,浦发银行2027年度校园招聘启事,业务储备生,2026-09-07 11:27:52,2026-09-07,其他(具体查看招聘信息),,,,,本科及以上,,2026-10-08 00:00:00,,https://job.spdb.com.cn/,https://jiuye.uestc.edu.cn/career/recruitment/online/fxhybcycwgld,verified,https://jiuye.uestc.edu.cn/career/recruitment/online,
6006e5c2e00f169ec7f78181438030005fcc28b33445dc5cea38e6f3d78328c3,2026-09-08 09:28:01,2026-09-08 09:28:01,需求信息,上海浦东发展银行股份有限公司,浦发银行2027年度校园招聘启事,管理培训生(科技金融),2026-09-07 11:27:52,2026-09-07,其他(具体查看招聘信息),,,,,本科及以上,,2026-10-08 00:00:00,,https://job.spdb.com.cn/,https://jiuye.uestc.edu.cn/career/recruitment/online/fxhybcycwgld,verified,https://jiuye.uestc.edu.cn/career/recruitment/online,
25a9a4164aea49638dc6b692e5d08556a8188526996c296a58e895d23bdd9019,2026-09-08 09:28:01,2026-09-08 09:28:01,需求信息,上海浦东发展银行股份有限公司,浦发银行2027年度校园招聘启事,管理培训生,2026-09-07 11:27:52,2026-09-07,其他(具体查看招聘信息),,,,,硕士及以上,,2026-10-08 00:00:00,,https://job.spdb.com.cn/,https://jiuye.uestc.edu.cn/career/recruitment/online/fxhybcycwgld,verified,https://jiuye.uestc.edu.cn/career/recruitment/online,
7ff4cb17f47ff5c05ae7d1a9cc30d8e23d5cd7bbd1c76e0bf1f9d6533fef526c,2026-09-08 09:28:01,2026-09-08 09:28:01,需求信息,上海浦东发展银行股份有限公司,浦发银行2027年度校园招聘启事,业务储备生(公司业务方向),2026-09-07 11:27:52,2026-09-07,其他(具体查看招聘信息),,,,,本科及以上,,2026-10-08 00:00:00,,https://job.spdb.com.cn/,https://jiuye.uestc.edu.cn/career/recruitment/online/fxhybcycwgld,verified,https://jiuye.uestc.edu.cn/career/recruitment/online,
fcd0925d7bd5df08a8eac58d5e43d745445293186f516adc4ee1971b212c7d2b,2026-09-08 09:28:01,2026-09-08 09:28:01,需求信息,上海浦东发展银行股份有限公司,浦发银行2027年度校园招聘启事,业务储备生(财富管理方向),2026-09-07 11:27:52,2026-09-07,其他(具体查看招聘信息),,,,,本科及以上,,2026-10-08 00:00:00,,https://job.spdb.com.cn/,https://jiuye.uestc.edu.cn/career/recruitment/online/fxhybcycwgld,verified,https://jiuye.uestc.edu.cn/career/recruitment/online,
0ec02a3d68fb6de53ac08c4f33a3417da6344c1a1a74c1d4bfa83c077a6c9094,2026-09-08 09:28:01,2026-09-08 09:28:01,需求信息,上海浦东发展银行股份有限公司,浦发银行2027年度校园招聘启事,业务储备生(综合运营方向),2026-09-07 11:27:52,2026-09-07,其他(具体查看招聘信息),,,,,本科及以上,,2026-10-08 00:00:00,,https://job.spdb.com.cn/,https://jiuye.uestc.edu.cn/career/recruitment/online/fxhybcycwgld,verified,https://jiuye.uestc.edu.cn/career/recruitment/online,
8bd371539b2c913294e9db33d53d7475190d4ba60049a6d9d4f437a500c3d661,2026-09-08 09:28:01,2026-09-08 09:28:01,需求信息,上海浦东发展银行股份有限公司,浦发银行2027年度校园招聘启事,业务储备生(营销方向),2026-09-07 11:27:52,2026-09-07,其他(具体查看招聘信息),,,,,本科及以上,,2026-10-08 00:00:00,,https://job.spdb.com.cn/,https://jiuye.uestc.edu.cn/career/recruitment/online/fxhybcycwgld,verified,https://jiuye.uestc.edu.cn/career/recruitment/online,
5135a48382d2dfa18e5aee1c1751fdd65ee8c2cba0387fa698f16b7e3af86d82,2026-09-08 09:28:01,2026-09-08 09:28:01,需求信息,上海浦东发展银行股份有限公司,浦发银行2027年度校园招聘启事,业务储备生(零售业务方向),2026-09-07 11:27:52,2026-09-07,其他(具体查看招聘信息),,,,,本科及以上,,2026-10-08 00:00:00,,https://job.spdb.com.cn/,https://jiuye.uestc.edu.cn/career/recruitment/online/fxhybcycwgld,verified,https://jiuye.uestc.edu.cn/career/recruitment/online,
5e2848893fc0235f138d9f5fec44a9fd62ceedb2d62ddf08eb83c202cc4c6d2f,2026-09-08 09:28:01,2026-09-08 09:28:01,需求信息,上海浦东发展银行股份有限公司,浦发银行2027年度校园招聘启事,管理培训生(含法律方向),2026-09-07 11:27:52,2026-09-07,其他(具体查看招聘信息),,,,,硕士及以上,,2026-10-08 00:00:00,,https://job.spdb.com.cn/,https://jiuye.uestc.edu.cn/career/recruitment/online/fxhybcycwgld,verified,https://jiuye.uestc.edu.cn/career/recruitment/online,
12146c562f214402668b6cab616e43309fd24babcf6f2202605527d0adbb7831,2026-09-08 09:28:01,2026-09-08 09:28:01,需求信息,上海浦东发展银行股份有限公司,浦发银行2027年度校园招聘启事,财富管理岗,2026-09-07 11:27:52,2026-09-07,其他(具体查看招聘信息),,,,,硕士及以上,,2026-10-08 00:00:00,,https://job.spdb.com.cn/,https://jiuye.uestc.edu.cn/career/recruitment/online/fxhybcycwgld,verified,https://jiuye.uestc.edu.cn/career/recruitment/online,
73a6be2ace41727e2fe7b2caafa0011ca286aaaf6c71c60610176b05777bc1c7,2026-09-08 09:28:01,2026-09-08 09:28:01,需求信息,上海浦东发展银行股份有限公司,浦发银行2027年度校园招聘启事,投资研究岗,2026-09-07 11:27:52,2026-09-07,其他(具体查看招聘信息),,,,,硕士及以上,,2026-10-08 00:00:00,,https://job.spdb.com.cn/,https://jiuye.uestc.edu.cn/career/recruitment/online/fxhybcycwgld,verified,https://jiuye.uestc.edu.cn/career/recruitment/online,
9523337016f650354a4792b57d32a683a6b1228c3b03f40301d27e7e8d603b17,2026-09-08 09:28:01,2026-09-08 09:28:01,需求信息,上海浦东发展银行股份有限公司,浦发银行2027年度校园招聘启事,信托投行岗,2026-09-07 11:27:52,2026-09-07,其他(具体查看招聘信息),,,,,硕士及以上,,2026-10-08 00:00:00,,https://job.spdb.com.cn/,https://jiuye.uestc.edu.cn/career/recruitment/online/fxhybcycwgld,verified,https://jiuye.uestc.edu.cn/career/recruitment/online,
9a1b63e11dd9a0f7088d26da2b6866228d14f72ed1dbb3a54e2d70e133e33933,2026-09-08 09:28:01,2026-09-08 09:28:01,需求信息,上海浦东发展银行股份有限公司,浦发银行2027年度校园招聘启事,财务运营岗,2026-09-07 11:27:52,2026-09-07,其他(具体查看招聘信息),,,,,硕士及以上,,2026-10-08 00:00:00,,https://job.spdb.com.cn/,https://jiuye.uestc.edu.cn/career/recruitment/online/fxhybcycwgld,verified,https://jiuye.uestc.edu.cn/career/recruitment/online,
305ebd1617d63fcf76daa9a4a3b9b75ebf6a549463bd5d62b1c58ff310e52208,2026-09-08 09:28:01,2026-09-08 09:28:01,需求信息,上海浦东发展银行股份有限公司,浦发银行2027年度校园招聘启事,风控合规岗,2026-09-07 11:27:52,2026-09-07,其他(具体查看招聘信息),,,,,硕士及以上,,2026-10-08 00:00:00,,https://job.spdb.com.cn/,https://jiuye.uestc.edu.cn/career/recruitment/online/fxhybcycwgld,verified,https://jiuye.uestc.edu.cn/career/recruitment/online,
c802dc2cebce41737e122130b2d8f6f82d613af840bc4cd2132e16c90c2d6d3f,2026-09-08 09:28:01,2026-09-08 09:28:01,需求信息,上海浦东发展银行股份有限公司,浦发银行2027年度校园招聘启事,数智科技岗,2026-09-07 11:27:52,2026-09-07,其他(具体查看招聘信息),,,,,硕士及以上,,2026-10-08 00:00:00,,https://job.spdb.com.cn/,https://jiuye.uestc.edu.cn/career/recruitment/online/fxhybcycwgld,verified,https://jiuye.uestc.edu.cn/career/recruitment/online,
96f9fd117367bce2d91c9edfb1187080504a326099552c239ba64d7a4f02a049,2026-09-08 09:28:01,2026-09-08 09:28:01,需求信息,上海浦东发展银行股份有限公司,浦发银行2027年度校园招聘启事,综合职能岗,2026-09-07 11:27:52,2026-09-07,其他(具体查看招聘信息),,,,,硕士及以上,,2026-10-08 00:00:00,,https://job.spdb.com.cn/,https://jiuye.uestc.edu.cn/career/recruitment/online/fxhybcycwgld,verified,https://jiuye.uestc.edu.cn/career/recruitment/online,
03cb629df7008f37f2c88ce69532c5e23a067a301531a839e9d402912aea5ac8,2026-09-08 09:28:01,2026-09-08 09:28:01,需求信息,上海浦东发展银行股份有限公司,浦发银行2027年度校园招聘启事,国际业务岗,2026-09-07 11:27:52,2026-09-07,其他(具体查看招聘信息),,,,,硕士及以上,,2026-10-08 00:00:00,,https://job.spdb.com.cn/,https://jiuye.uestc.edu.cn/career/recruitment/online/fxhybcycwgld,verified,https://jiuye.uestc.edu.cn/career/recruitment/online,
9192fe9139718be589a55a41de765cde805d8c78f486e5678c0286d355a664e6,2026-09-08 09:28:01,2026-09-08 09:28:01,需求信息,上海浦东发展银行股份有限公司,浦发银行2027年度校园招聘启事,客户经理岗,2026-09-07 11:27:52,2026-09-07,其他(具体查看招聘信息),,,,,硕士及以上,,2026-10-08 00:00:00,,https://job.spdb.com.cn/,https://jiuye.uestc.edu.cn/career/recruitment/online/fxhybcycwgld,verified,https://jiuye.uestc.edu.cn/career/recruitment/online,
ef4171cbe57b0c26e6da37177eff0206879cc80b0d0e314ace1c6c7b183f2a9f,2026-09-08 09:28:01,2026-09-08 09:28:01,需求信息,上海浦东发展银行股份有限公司,浦发银行2027年度校园招聘启事,法律合规岗,2026-09-07 11:27:52,2026-09-07,其他(具体查看招聘信息),,,,,硕士及以上,,2026-10-08 00:00:00,,https://job.spdb.com.cn/,https://jiuye.uestc.edu.cn/career/recruitment/online/fxhybcycwgld,verified,https://jiuye.uestc.edu.cn/career/recruitment/online,
a7d46e7c684f4291a4ac458d292a92c187b3a269f183b4497fe06b12d4799081,2026-09-08 09:28:01,2026-09-08 09:28:01,需求信息,上海浦东发展银行股份有限公司,浦发银行2027年度校园招聘启事,信息技术岗,2026-09-07 11:27:52,2026-09-07,其他(具体查看招聘信息),,,,,硕士及以上,,2026-10-08 00:00:00,,https://job.spdb.com.cn/,https://jiuye.uestc.edu.cn/career/recruitment/online/fxhybcycwgld,verified,https://jiuye.uestc.edu.cn/career/recruitment/online,
1044469fb7279a8172adc9a483954534d2f971c4eddf179325d12181702d9544,2026-09-08 09:28:01,2026-09-08 09:28:01,需求信息,上海浦东发展银行股份有限公司,浦发银行2027年度校园招聘启事,集中交易岗,2026-09-07 11:27:52,2026-09-07,其他(具体查看招聘信息),,,,,硕士及以上,,2026-10-08 00:00:00,,https://job.spdb.com.cn/,https://jiuye.uestc.edu.cn/career/recruitment/online/fxhybcycwgld,verified,https://jiuye.uestc.edu.cn/career/recruitment/online,
92d40caf59545f99d7f2f682d17940d6ac7b627108fcb5b6477a617dccf6326f,2026-09-08 09:28:01,2026-09-08 09:28:01,需求信息,上海浦东发展银行股份有限公司,浦发银行2027年度校园招聘启事,研究岗(含投资研究、信用研究),2026-09-07 11:27:52,2026-09-07,其他(具体查看招聘信息),,,,,硕士及以上,,2026-10-08 00:00:00,,https://job.spdb.com.cn/,https://jiuye.uestc.edu.cn/career/recruitment/online/fxhybcycwgld,verified,https://jiuye.uestc.edu.cn/career/recruitment/online,
8d830ddcfb1c50663f9da7fe7301edd4854d3ba1fa72286a4c19f93660184db3,2026-09-08 09:28:01,2026-09-08 09:28:01,需求信息,上海浦东发展银行股份有限公司,浦发银行2027年度校园招聘启事,渠道销售岗,2026-09-07 11:27:52,2026-09-07,其他(具体查看招聘信息),,,,,硕士及以上,,2026-10-08 00:00:00,,https://job.spdb.com.cn/,https://jiuye.uestc.edu.cn/career/recruitment/online/fxhybcycwgld,verified,https://jiuye.uestc.edu.cn/career/recruitment/online,
f5b6f7556dbad660f9069dc96635bda9eb24653f1cba254a75400745b35b2178,2026-09-08 09:28:01,2026-09-08 09:28:01,需求信息,上海浦东发展银行股份有限公司,浦发银行2027年度校园招聘启事,科技开发岗,2026-09-07 11:27:52,2026-09-07,其他(具体查看招聘信息),,,,,硕士及以上,,2026-10-08 00:00:00,,https://job.spdb.com.cn/,https://jiuye.uestc.edu.cn/career/recruitment/online/fxhybcycwgld,verified,https://jiuye.uestc.edu.cn/career/recruitment/online,
2e82db0c9c082f3c5cf3da27d60f4af8bd7e775ce43ca77448ad18e995ae5bcb,2026-09-08 09:28:01,2026-09-08 09:28:01,需求信息,上海浦东发展银行股份有限公司,浦发银行2027年度校园招聘启事,运营管理岗,2026-09-07 11:27:52,2026-09-07,其他(具体查看招聘信息),,,,,硕士及以上,,2026-10-08 00:00:00,,https://job.spdb.com.cn/,https://jiuye.uestc.edu.cn/career/recruitment/online/fxhybcycwgld,verified,https://jiuye.uestc.edu.cn/career/recruitment/online,
63af8a13b2d661950a20148c7b5c29c4c0e6a115d46f8c32ee06b1c180317c08,2026-09-08 09:28:01,2026-09-08 09:28:01,需求信息,上海浦东发展银行股份有限公司,浦发银行2027年度校园招聘启事,经纪人助理,2026-09-07 11:27:52,2026-09-07,其他(具体查看招聘信息),,,,,硕士及以上,,2026-10-08 00:00:00,,https://job.spdb.com.cn/,https://jiuye.uestc.edu.cn/career/recruitment/online/fxhybcycwgld,verified,https://jiuye.uestc.edu.cn/career/recruitment/online,
3542ee797f6eb7d7197e0ac0e5a156939899989431804e0d741d023883a0a639,2026-09-08 09:28:01,2026-09-08 09:28:01,需求信息,上海浦东发展银行股份有限公司,浦发银行2027年度校园招聘启事,国际业务部研究员,2026-09-07 11:27:52,2026-09-07,其他(具体查看招聘信息),,,,,硕士及以上,,2026-10-08 00:00:00,,https://job.spdb.com.cn/,https://jiuye.uestc.edu.cn/career/recruitment/online/fxhybcycwgld,verified,https://jiuye.uestc.edu.cn/career/recruitment/online,
cf7fe5784c445b8f13bcf8e445a4ce6a46c79b5b358b57801433a8397fdc02ce,2026-09-08 09:28:01,2026-09-08 09:28:01,需求信息,上海浦东发展银行股份有限公司,浦发银行2027年度校园招聘启事,多元资产配置部研究员,2026-09-07 11:27:52,2026-09-07,其他(具体查看招聘信息),,,,,硕士及以上,,2026-10-08 00:00:00,,https://job.spdb.com.cn/,https://jiuye.uestc.edu.cn/career/recruitment/online/fxhybcycwgld,verified,https://jiuye.uestc.edu.cn/career/recruitment/online,
6e4c50ca43ca0f5c91ca573bf20d0b2e811f277f68d46f4bf16e168d62733970,2026-09-08 09:28:01,2026-09-08 09:28:01,需求信息,上海浦东发展银行股份有限公司,浦发银行2027年度校园招聘启事,固定收益投资部研究员,2026-09-07 11:27:52,2026-09-07,其他(具体查看招聘信息),,,,,硕士及以上,,2026-10-08 00:00:00,,https://job.spdb.com.cn/,https://jiuye.uestc.edu.cn/career/recruitment/online/fxhybcycwgld,verified,https://jiuye.uestc.edu.cn/career/recruitment/online,
4b755ef7a0639b66ac0402f318d72c07ea71039f079e76541fee9f845d0c3e6d,2026-09-08 09:28:01,2026-09-08 09:28:01,需求信息,上海浦东发展银行股份有限公司,浦发银行2027年度校园招聘启事,权益研究部研究员,2026-09-07 11:27:52,2026-09-07,其他(具体查看招聘信息),,,,,硕士及以上,,2026-10-08 00:00:00,,https://job.spdb.com.cn/,https://jiuye.uestc.edu.cn/career/recruitment/online/fxhybcycwgld,verified,https://jiuye.uestc.edu.cn/career/recruitment/online,
93027865ff2ef0e54d90557367b5a6985879dd9c313c4c60417198d1b3d36817,2026-09-08 09:28:01,2026-09-08 09:28:01,需求信息,上海浦东发展银行股份有限公司,浦发银行2027年度校园招聘启事,业务销售岗,2026-09-07 11:27:52,2026-09-07,其他(具体查看招聘信息),,,,,硕士及以上,,2026-10-08 00:00:00,,https://job.spdb.com.cn/,https://jiuye.uestc.edu.cn/career/recruitment/online/fxhybcycwgld,verified,https://jiuye.uestc.edu.cn/career/recruitment/online,
10eb7289880d9384a2b9dda64b7e2f2b537eb580b9ecc31989ee526f4513c455,2026-09-08 09:28:01,2026-09-08 09:28:01,需求信息,上海浦东发展银行股份有限公司,浦发银行2027年度校园招聘启事,"高级分析师,创新金融",2026-09-07 11:27:52,2026-09-07,其他(具体查看招聘信息),,,,,本科及以上,,2026-10-08 00:00:00,,https://job.spdb.com.cn/,https://jiuye.uestc.edu.cn/career/recruitment/online/fxhybcycwgld,verified,https://jiuye.uestc.edu.cn/career/recruitment/online,
b3cfd67e8fdc2d2d776ca9f74ec4a4020405d5af37602e84ec40ed8d22a72cd2,2026-09-08 09:28:01,2026-09-08 09:28:01,需求信息,上海浦东发展银行股份有限公司,浦发银行2027年度校园招聘启事,软件工程师岗,2026-09-07 11:27:52,2026-09-07,其他(具体查看招聘信息),,,,,本科及以上,,2026-10-08 00:00:00,,https://job.spdb.com.cn/,https://jiuye.uestc.edu.cn/career/recruitment/online/fxhybcycwgld,verified,https://jiuye.uestc.edu.cn/career/recruitment/online,
333a5d59873b5dcae7f48b0db4adad408175a05cd2ef3a57dc754c7cb19b2400,2026-09-08 09:28:01,2026-09-08 09:28:01,需求信息,上海浦东发展银行股份有限公司,浦发银行2027年度校园招聘启事,产品经理岗,2026-09-07 11:27:52,2026-09-07,其他(具体查看招聘信息),,,,,本科及以上,,2026-10-08 00:00:00,,https://job.spdb.com.cn/,https://jiuye.uestc.edu.cn/career/recruitment/online/fxhybcycwgld,verified,https://jiuye.uestc.edu.cn/career/recruitment/online,
c9b913dc17d1e00bfae9db43533e09df893fa00fd197d3137a9d514c5fda81ee,2026-09-08 09:28:01,2026-09-08 09:28:01,需求信息,上海浦东发展银行股份有限公司,浦发银行2027年度校园招聘启事,AI应用工程师岗,2026-09-07 11:27:52,2026-09-07,其他(具体查看招聘信息),,,,,本科及以上,,2026-10-08 00:00:00,,https://job.spdb.com.cn/,https://jiuye.uestc.edu.cn/career/recruitment/online/fxhybcycwgld,verified,https://jiuye.uestc.edu.cn/career/recruitment/online,
5c948fdcb26c0306686dce1c1c5c32c48c3e99eefcede40ad5c135ec064c93f5,2026-09-08 09:28:01,2026-09-08 09:28:01,需求信息,上海浦东发展银行股份有限公司,浦发银行2027年度校园招聘启事,AI算法工程师岗,2026-09-07 11:27:52,2026-09-07,其他(具体查看招聘信息),,,,,硕士及以上,,2026-10-08 00:00:00,,https://job.spdb.com.cn/,https://jiuye.uestc.edu.cn/career/recruitment/online/fxhybcycwgld,verified,https://jiuye.uestc.edu.cn/career/recruitment/online,
a8169409d166ccd59bea5aa5b7fc239f3f91ce2e6ae19fd0035d5e99ffab21f8,2026-09-08 09:28:01,2026-09-08 09:28:01,需求信息,上海浦东发展银行股份有限公司,浦发银行2027年度校园招聘启事,AI产品经理岗,2026-09-07 11:27:52,2026-09-07,其他(具体查看招聘信息),,,,,硕士及以上,,2026-10-08 00:00:00,,https://job.spdb.com.cn/,https://jiuye.uestc.edu.cn/career/recruitment/online/fxhybcycwgld,verified,https://jiuye.uestc.edu.cn/career/recruitment/online,
2d1fae6f309168c8764616a6c77e487510d25727a44f8d80461af552bec288c0,2026-09-08 09:28:01,2026-09-08 09:28:01,需求信息,上海浦东发展银行股份有限公司,浦发银行2027年度校园招聘启事,AI治理岗,2026-09-07 11:27:52,2026-09-07,其他(具体查看招聘信息),,,,,本科及以上,,2026-10-08 00:00:00,,https://job.spdb.com.cn/,https://jiuye.uestc.edu.cn/career/recruitment/online/fxhybcycwgld,verified,https://jiuye.uestc.edu.cn/career/recruitment/online,
97564cd0f5860aeaf177a1b32923b420d2784f2da4a1aa71c5aff46b8bcbc2f4,2026-09-08 09:28:01,2026-09-08 09:28:01,需求信息,上海浦东发展银行股份有限公司,浦发银行2027年度校园招聘启事,数据工程师,2026-09-07 11:27:52,2026-09-07,其他(具体查看招聘信息),,,,,硕士及以上,,2026-10-08 00:00:00,,https://job.spdb.com.cn/,https://jiuye.uestc.edu.cn/career/recruitment/online/fxhybcycwgld,verified,https://jiuye.uestc.edu.cn/career/recruitment/online,
76332c2de3739d485c6a5ec9b79110a079eb789209cc8fcff3edd61778491696,2026-09-08 09:28:01,2026-09-08 09:28:01,需求信息,中建八局新型建造工程有限公司,2027届校园招聘简章,未明确列出,2026-09-07 11:26:58,2026-09-08,"上海市:浦东新区,北京市:朝阳区,山东省:济南市,陕西省:西安市,广东省:广州市",,,,,本科、硕士、博士,,2026-11-30 00:00:00,,https://job.cscec8b.com.cn/recruitment/job/detail/id/2771,https://jiuye.uestc.edu.cn/career/recruitment/online/fxhu3o7g1loh,verified,https://jiuye.uestc.edu.cn/career/recruitment/online,
a34fd517de3fb92287487dea168b371b99759da117f5dc18b302d4c85894474e,2026-09-08 09:28:01,2026-09-08 09:28:01,需求信息,广州凡拓数字创意科技股份有限公司,七、校园大使(实习)(Base地:线上/本校),未明确列出,2026-09-07 11:25:17,2026-09-07,广东省:广州市,,,,,硕士、博士、本科,,2027-02-28 00:00:00,,,https://jiuye.uestc.edu.cn/career/recruitment/online/fxhuojhkmvb6,verified,https://jiuye.uestc.edu.cn/career/recruitment/online,
b1084969fd0a957381258c9c7e3c29be3763d93c9f8346f74326e7e8d27ff5f1,2026-09-08 09:28:01,2026-09-08 09:28:01,需求信息,象限(天津)科技有限公司,,未明确列出,2026-09-07 11:21:31,2026-09-07,天津市:武清区,,,,,本科,,2026-12-31 00:00:00,,,https://jiuye.uestc.edu.cn/career/recruitment/online/fxhxcf45lhc1,verified,https://jiuye.uestc.edu.cn/career/recruitment/online,
ab141dffb7a59faf6a5540cf18ced6feccf6f7afebbcc6224d62ae09d7bc9288,2026-09-08 09:28:01,2026-09-08 09:28:01,需求信息,北京极智嘉科技股份有限公司,,未明确列出,2026-09-07 11:21:08,2026-09-07,其他(具体查看招聘信息),,,,,本科、硕士、博士,,2026-11-25 00:00:00,,https://app.mokahr.com/campus_apply/geekplus,https://jiuye.uestc.edu.cn/career/recruitment/online/fxhth803r401,verified,https://jiuye.uestc.edu.cn/career/recruitment/online,
007b3158cc352a51f67773e9a45737b3bf6b4a6009b8e9033aecbb1bcc29dd71,2026-09-08 09:28:01,2026-09-08 09:28:01,需求信息,国机金刚石(河南)有限公司,国机金刚石(河南)有限公司2027届校园招聘简章,未明确列出,2026-09-07 11:14:29,2026-09-07,河南省:郑州市,,,,,本科、硕士、博士,,2027-06-30 00:00:00,,http://diamondgroup2027.zhaopin.com/,https://jiuye.uestc.edu.cn/career/recruitment/online/fxhxbocirn5t,verified,https://jiuye.uestc.edu.cn/career/recruitment/online,
e9e0a35b2ffa439e12f868a00e4038fa7831930aaaa1ffac272f284a41cf85c0,2026-09-08 09:28:01,2026-09-08 09:28:01,需求信息,象限(天津)科技有限公司,,未明确列出,2026-09-07 10:30:18,2026-09-07,天津市:武清区,,,,,本科,,2026-12-31 00:00:00,,,https://jiuye.uestc.edu.cn/career/recruitment/online/fxht66umxq0x,verified,https://jiuye.uestc.edu.cn/career/recruitment/online,
66d1cc6be70ed8ce7d48077ce132d29279cfe80a97c812d5c9272604596188df,2026-09-08 09:28:01,2026-09-08 09:28:01,需求信息,珠海格力电子元器件有限公司,四、欢迎应聘格力,产品设计方向,2026-09-07 10:29:27,2026-09-07,广东省:珠海市,,,,,硕士、本科,,2026-12-31 00:00:00,,,https://jiuye.uestc.edu.cn/career/recruitment/online/fxhoyl9hge0x,verified,https://jiuye.uestc.edu.cn/career/recruitment/online,
99c89b1774186a39249b7c337d6d966579f5a6371d55b0d43c1af589fe3e4f82,2026-09-08 09:28:01,2026-09-08 09:28:01,需求信息,珠海格力电子元器件有限公司,四、欢迎应聘格力,研发方向,2026-09-07 10:29:27,2026-09-07,广东省:珠海市,,,,,硕士、本科,,2026-12-31 00:00:00,,,https://jiuye.uestc.edu.cn/career/recruitment/online/fxhoyl9hge0x,verified,https://jiuye.uestc.edu.cn/career/recruitment/online,
2e6072d3e263e4613ad20e83f3149e6dea6d47a8ff4800271196d4afdf2b9039,2026-09-08 09:28:01,2026-09-08 09:28:01,需求信息,珠海格力电子元器件有限公司,四、欢迎应聘格力,工艺方向,2026-09-07 10:29:27,2026-09-07,广东省:珠海市,,,,,硕士、本科,,2026-12-31 00:00:00,,,https://jiuye.uestc.edu.cn/career/recruitment/online/fxhoyl9hge0x,verified,https://jiuye.uestc.edu.cn/career/recruitment/online,
efd667ce3673636b41de05c98122d61bce5f9413a0e929192979e04d60071675,2026-09-08 09:28:01,2026-09-08 09:28:01,需求信息,珠海格力电子元器件有限公司,四、欢迎应聘格力,设备方向,2026-09-07 10:29:27,2026-09-07,广东省:珠海市,,,,,硕士、本科,,2026-12-31 00:00:00,,,https://jiuye.uestc.edu.cn/career/recruitment/online/fxhoyl9hge0x,verified,https://jiuye.uestc.edu.cn/career/recruitment/online,
759cbabf597d9c95bfbd2e86f10f029870656f8fa4269487889d29a38ba0a13f,2026-09-08 09:28:01,2026-09-08 09:28:01,需求信息,珠海格力电子元器件有限公司,四、欢迎应聘格力,生产方向,2026-09-07 10:29:27,2026-09-07,广东省:珠海市,,,,,硕士、本科,,2026-12-31 00:00:00,,,https://jiuye.uestc.edu.cn/career/recruitment/online/fxhoyl9hge0x,verified,https://jiuye.uestc.edu.cn/career/recruitment/online,
bceca5a1c72fb766a37d9f4fc1368be5724d145f037f24df1b03420ce9c55be2,2026-09-08 09:28:01,2026-09-08 09:28:01,需求信息,珠海格力电子元器件有限公司,四、欢迎应聘格力,检测方向,2026-09-07 10:29:27,2026-09-07,广东省:珠海市,,,,,硕士、本科,,2026-12-31 00:00:00,,,https://jiuye.uestc.edu.cn/career/recruitment/online/fxhoyl9hge0x,verified,https://jiuye.uestc.edu.cn/career/recruitment/online,
61fdc4a48e9080a9a7c78cf73ab0c048afe914e9b1d5e01faf316faca223ff54,2026-09-08 09:28:01,2026-09-08 09:28:01,需求信息,珠海格力电子元器件有限公司,四、欢迎应聘格力,质量技术方向,2026-09-07 10:29:27,2026-09-07,广东省:珠海市,,,,,硕士、本科,,2026-12-31 00:00:00,,,https://jiuye.uestc.edu.cn/career/recruitment/online/fxhoyl9hge0x,verified,https://jiuye.uestc.edu.cn/career/recruitment/online,
736a19ffb3e64472b52f1bddb7304565dd109daafb1d008dd7ecffc24a62cedf,2026-09-08 09:28:01,2026-09-08 09:28:01,需求信息,珠海格力电子元器件有限公司,四、欢迎应聘格力,生产运营方向,2026-09-07 10:29:27,2026-09-07,广东省:珠海市,,,,,硕士、本科,,2026-12-31 00:00:00,,,https://jiuye.uestc.edu.cn/career/recruitment/online/fxhoyl9hge0x,verified,https://jiuye.uestc.edu.cn/career/recruitment/online,
26a72c50001a1cc924b841a60aa5569f342ed5d904af438c30417d456a018416,2026-09-08 09:28:01,2026-09-08 09:28:01,需求信息,珠海格力电子元器件有限公司,四、欢迎应聘格力,物流方向,2026-09-07 10:29:27,2026-09-07,广东省:珠海市,,,,,硕士、本科,,2026-12-31 00:00:00,,,https://jiuye.uestc.edu.cn/career/recruitment/online/fxhoyl9hge0x,verified,https://jiuye.uestc.edu.cn/career/recruitment/online,
063b1174945ea91bf5c18725bc4296f6cbf2785c20e9dd9876ba179d6bab6d8e,2026-09-08 09:28:01,2026-09-08 09:28:01,需求信息,珠海格力电子元器件有限公司,四、欢迎应聘格力,厂务方向,2026-09-07 10:29:27,2026-09-07,广东省:珠海市,,,,,硕士、本科,,2026-12-31 00:00:00,,,https://jiuye.uestc.edu.cn/career/recruitment/online/fxhoyl9hge0x,verified,https://jiuye.uestc.edu.cn/career/recruitment/online,
d0a82735593f2305c7e05785b13ce7671846efcd285b7e52755e66928d0b80db,2026-09-08 09:28:01,2026-09-08 09:28:01,需求信息,珠海格力电子元器件有限公司,四、欢迎应聘格力,信息技术方向,2026-09-07 10:29:27,2026-09-07,广东省:珠海市,,,,,硕士、本科,,2026-12-31 00:00:00,,,https://jiuye.uestc.edu.cn/career/recruitment/online/fxhoyl9hge0x,verified,https://jiuye.uestc.edu.cn/career/recruitment/online,
402a54be5f5dde5d5fa10b865fda65ce33508a8ecbcdcaeb8fea0679d5c5cc9d,2026-09-08 09:28:01,2026-09-08 09:28:01,需求信息,珠海格力电子元器件有限公司,四、欢迎应聘格力,销售方向,2026-09-07 10:29:27,2026-09-07,广东省:珠海市,,,,,硕士、本科,,2026-12-31 00:00:00,,,https://jiuye.uestc.edu.cn/career/recruitment/online/fxhoyl9hge0x,verified,https://jiuye.uestc.edu.cn/career/recruitment/online,
ced9321a41b192eeb0b8be87ece04fa579be31580d06404bd4bd792a6f26f0d1,2026-09-08 09:28:01,2026-09-08 09:28:01,需求信息,珠海格力电子元器件有限公司,四、欢迎应聘格力,采购方向,2026-09-07 10:29:27,2026-09-07,广东省:珠海市,,,,,硕士、本科,,2026-12-31 00:00:00,,,https://jiuye.uestc.edu.cn/career/recruitment/online/fxhoyl9hge0x,verified,https://jiuye.uestc.edu.cn/career/recruitment/online,
a9bfd950a44d7bcd36b9202d94b2af9b10f4045e6bb39194dbc7c927b40c9add,2026-09-08 09:28:01,2026-09-08 09:28:01,需求信息,珠海格力电子元器件有限公司,四、欢迎应聘格力,财务方向,2026-09-07 10:29:27,2026-09-07,广东省:珠海市,,,,,硕士、本科,,2026-12-31 00:00:00,,,https://jiuye.uestc.edu.cn/career/recruitment/online/fxhoyl9hge0x,verified,https://jiuye.uestc.edu.cn/career/recruitment/online,
4ab7768431cb60f1e9aeca6f305e12310c6c561f645aef8f55d883ee573ac3df,2026-09-08 09:28:01,2026-09-08 09:28:01,需求信息,珠海格力电子元器件有限公司,四、欢迎应聘格力,人力/行政方向,2026-09-07 10:29:27,2026-09-07,广东省:珠海市,,,,,硕士、本科,,2026-12-31 00:00:00,,,https://jiuye.uestc.edu.cn/career/recruitment/online/fxhoyl9hge0x,verified,https://jiuye.uestc.edu.cn/career/recruitment/online,
f9def9c6db231cbb8e0b0ba3c2a4d77b1260200280550c809d0d8bae523dfc6b,2026-09-08 09:28:01,2026-09-08 09:28:01,需求信息,山东省城市商业银行合作联盟有限公司,2027年校园招聘简章,未明确列出,2026-09-07 10:27:25,2026-09-10,山东省:济南市,,,,,本科、硕士,,2027-05-31 00:00:00,,,https://jiuye.uestc.edu.cn/career/recruitment/online/fxhlv5rqsete,verified,https://jiuye.uestc.edu.cn/career/recruitment/online,
92ca967f4a913f8203c36bfef7c657b403670164464e879225148b718d1de8c8,2026-09-09 09:18:04,2026-09-09 09:18:04,现场招聘,陕西军工,2026年陕西军工人才专场招聘,未明确列出,2026-09-08 10:30:11,2026-09-15,陕西省:西安市,2026-09-15,09:00,12:00,【清】学生活动中心广场,本科、硕士、博士,,,,,https://jiuye.uestc.edu.cn/career/recruitment/group/fxldsr1cwe81,verified,https://jiuye.uestc.edu.cn/career/recruitment/group,
90f2c5ef1df7dce918fded6d386ec89ce0d30bc429f5170c5035f36bd726edea,2026-09-09 09:18:04,2026-09-09 09:18:04,现场招聘,广东军辉达进出口贸易有限公司,广东军辉达进出口贸易有限公司招聘简章,未明确列出,2026-09-08 11:28:41,2026-09-15,其他(具体查看招聘信息),2026-09-15,14:00,,,本科、硕士,,,,https://meeting.tencent.com/dm/islh3zgiBcx0,https://jiuye.uestc.edu.cn/career/recruitment/aerial/fxlinq4zffnm,verified,https://jiuye.uestc.edu.cn/career/recruitment/aerial,
cd2cc6fa3c6a57c7e81281c7a96eaf580d4ec77bc71c0871c92c6c539fe39b30,2026-09-09 09:18:04,2026-09-09 09:18:04,现场招聘,广东军辉达进出口贸易有限公司,广东军辉达进出口贸易有限公司招聘简章,未明确列出,2026-09-08 11:31:29,2026-09-17,其他(具体查看招聘信息),2026-09-17,14:00,,,硕士、本科,,,,https://meeting.tencent.com/dm/FjwD0VcAHWNJ,https://jiuye.uestc.edu.cn/career/recruitment/aerial/fxlita1ie6te,verified,https://jiuye.uestc.edu.cn/career/recruitment/aerial,
d21dc02d994801ee978cbcf1e3414fd61685cfe41d9fa2f58efbe284a089508e,2026-09-09 09:18:04,2026-09-09 09:18:04,现场招聘,英特仿真科技(深圳)有限公司成都分公司,【将工业软件攥在国人手中】,未明确列出,2026-09-08 11:18:17,2026-09-17,"其他(具体查看招聘信息),北京市:海淀区,四川省:成都市,陕西省:西安市,北京市:海淀区",2026-09-17,18:00,,,硕士、博士,,,,https://meeting.tencent.com/dm/29qhgQsui9sC,https://jiuye.uestc.edu.cn/career/recruitment/aerial/fxlfwrwibu9u,verified,https://jiuye.uestc.edu.cn/career/recruitment/aerial,
a720a4d516a2a59feedb1fc0529865536267c4b6808895f4076e676f778983f5,2026-09-09 09:18:04,2026-09-09 09:18:04,现场招聘,北京小米移动软件有限公司,【空中宣讲】「小米27届全球校园招聘空中宣讲会-走进小米」,未明确列出,2026-09-08 11:21:46,2026-09-17,其他(具体查看招聘信息),2026-09-17,19:00,,,本科、硕士、博士,,,,,https://jiuye.uestc.edu.cn/career/recruitment/aerial/fxlevacypz42,verified,https://jiuye.uestc.edu.cn/career/recruitment/aerial,
8e5015f8fe13a6e43158155df883691288ad45ae75823ccb23c8fd007a1fb081,2026-09-09 09:18:04,2026-09-09 09:18:04,现场招聘,北京蓝箭鸿擎科技有限公司,——鸿擎科技2027全球校园招聘,未明确列出,2026-09-08 14:48:20,2026-09-18,其他(具体查看招聘信息),2026-09-18,14:00,15:00,【清】学生活动中心220,硕士、博士,,,,https://qcnhg4ksaiwt.jobs.feishu.cn/257870,https://jiuye.uestc.edu.cn/career/recruitment/onsite/fxm0btrwl05e,verified,https://jiuye.uestc.edu.cn/career/recruitment/onsite,
dc5cd293930115a659872942bbce7b68aa2c8b3434369140011ac1c504ded9b7,2026-09-09 09:18:04,2026-09-09 09:18:04,现场招聘,恒烁半导体(合肥)股份有限公司,2027届校园招聘简章,未明确列出,2026-09-08 11:14:38,2026-09-18,其他(具体查看招聘信息),2026-09-18,19:30,21:00,【清】品学楼B205,本科、硕士、博士,,,,http://zbitsemi.zhaopin.com/,https://jiuye.uestc.edu.cn/career/recruitment/onsite/fxlhhcnmacjl,verified,https://jiuye.uestc.edu.cn/career/recruitment/onsite,
cd5093fe80d73aadbfc39a8de33039376be17cf196e175c209e11054a0e9ab43,2026-09-09 09:18:04,2026-09-09 09:18:04,现场招聘,深圳市锐明技术股份有限公司,,未明确列出,2026-09-08 17:00:36,2026-09-20,"四川省:成都市,广东省:深圳市,重庆市:九龙坡区",2026-09-20,16:30,18:00,【清】学生活动中心220,本科、硕士,,,,,https://jiuye.uestc.edu.cn/career/recruitment/onsite/fxm4m9jtiww2,verified,https://jiuye.uestc.edu.cn/career/recruitment/onsite,
213d23ba1f72eb3b016fe2c5d3f0598ab3d38dc203e0f2cc5aaf35d421c20294,2026-09-09 09:18:04,2026-09-09 09:18:04,现场招聘,成都宝洁有限公司,宝洁2027校园招聘全职管理岗全面启动!,未明确列出,2026-09-08 11:12:02,2026-09-21,其他(具体查看招聘信息),2026-09-21,19:30,21:00,【清】立人楼B120,本科、硕士、博士,,,,,https://jiuye.uestc.edu.cn/career/recruitment/onsite/fxlah185abya,verified,https://jiuye.uestc.edu.cn/career/recruitment/onsite,
669352532dcebe5c63cc394fe237a705e679a557bf36cb4952db7bd606975f24,2026-09-09 09:18:04,2026-09-09 09:18:04,现场招聘,云鼎科技股份有限公司,,未明确列出,2026-09-08 16:31:48,2026-09-22,其他(具体查看招聘信息),2026-09-22,09:30,11:00,【清】品学楼B109,本科、硕士、博士,,,,https://zhaopin.shandong-energy.com/recruit,https://jiuye.uestc.edu.cn/career/recruitment/onsite/fxm7oh7ccf7m,verified,https://jiuye.uestc.edu.cn/career/recruitment/onsite,
c0f09c9c2fda65d2ca452a5f32122deb4d71d8318408dc05229ebc59a9eac1e6,2026-09-09 09:18:04,2026-09-09 09:18:04,现场招聘,中国石油天然气股份有限公司吐哈油田分公司,,数智化与信息工程,2026-09-08 20:22:22,2026-09-22,成都市,2026-09-22,10:00,11:30,【清】品学楼B108,硕士研究生博士研究生,,,,,https://jiuye.uestc.edu.cn/career/recruitment/onsite/fxmppvkjxp1e,verified,https://jiuye.uestc.edu.cn/career/recruitment/onsite,
702154003a146edd3ada13c0bbfa6d91118b0db052f7aa2b9ac49af19504ad56,2026-09-09 09:18:04,2026-09-09 09:18:04,现场招聘,中电科网络安全科技股份有限公司,——电科网安2027届秋季校园招聘简章,AI算法工程师,2026-09-08 18:03:47,2026-09-22,四川省:成都市,2026-09-22,15:00,17:00,【清】品学楼B109,硕士/博士,计算机/人工智能相关专业,,,https://westone.zhiye.com/Campus,https://jiuye.uestc.edu.cn/career/recruitment/onsite/fxm5cjxr3oxu,verified,https://jiuye.uestc.edu.cn/career/recruitment/onsite,
4861d081772fdbae003807a7bdb4b7aa49b0144f1f83cba27c4b5f6fc870f4ac,2026-09-09 09:18:04,2026-09-09 09:18:04,现场招聘,中电科网络安全科技股份有限公司,——电科网安2027届秋季校园招聘简章,密码算法设计工程师,2026-09-08 18:03:47,2026-09-22,四川省:成都市,2026-09-22,15:00,17:00,【清】品学楼B109,硕士/博士,密码科学与技术/应用数学专业,,,https://westone.zhiye.com/Campus,https://jiuye.uestc.edu.cn/career/recruitment/onsite/fxm5cjxr3oxu,verified,https://jiuye.uestc.edu.cn/career/recruitment/onsite,
c001ae747e3a49b847eb48d752a3ae7305bf8c1beb8c746649f48861b902f119,2026-09-09 09:18:04,2026-09-09 09:18:04,现场招聘,中电科网络安全科技股份有限公司,——电科网安2027届秋季校园招聘简章,软件工程师,2026-09-08 18:03:47,2026-09-22,四川省:成都市,2026-09-22,15:00,17:00,【清】品学楼B109,硕士,计算机/通信/网络等相关专业,,,https://westone.zhiye.com/Campus,https://jiuye.uestc.edu.cn/career/recruitment/onsite/fxm5cjxr3oxu,verified,https://jiuye.uestc.edu.cn/career/recruitment/onsite,
0668f963cd30a690f5d288e80d205e6e495c918b9d72adc9f17dfbaedda840ae,2026-09-09 09:18:04,2026-09-09 09:18:04,现场招聘,中电科网络安全科技股份有限公司,——电科网安2027届秋季校园招聘简章,安全开发工程师,2026-09-08 18:03:47,2026-09-22,四川省:成都市,2026-09-22,15:00,17:00,【清】品学楼B109,硕士,计算机/通信/网络安全等相关专业,,,https://westone.zhiye.com/Campus,https://jiuye.uestc.edu.cn/career/recruitment/onsite/fxm5cjxr3oxu,verified,https://jiuye.uestc.edu.cn/career/recruitment/onsite,
2d649f789015799d3ace3f9a1f377557d314ebbf0f590748aa22dec513d71901,2026-09-09 09:18:04,2026-09-09 09:18:04,现场招聘,中电科网络安全科技股份有限公司,——电科网安2027届秋季校园招聘简章,安全研究员,2026-09-08 18:03:47,2026-09-22,四川省:成都市,2026-09-22,15:00,17:00,【清】品学楼B109,本科,网络安全相关专业,,,https://westone.zhiye.com/Campus,https://jiuye.uestc.edu.cn/career/recruitment/onsite/fxm5cjxr3oxu,verified,https://jiuye.uestc.edu.cn/career/recruitment/onsite,
c7569f612e934e24cde720a555b2df7b07259d278e9e913e026648b37955c9c0,2026-09-09 09:18:04,2026-09-09 09:18:04,现场招聘,中电科网络安全科技股份有限公司,——电科网安2027届秋季校园招聘简章,算法工程师,2026-09-08 18:03:47,2026-09-22,四川省:成都市,2026-09-22,15:00,17:00,【清】品学楼B109,硕士,应用数学及相关专业,,,https://westone.zhiye.com/Campus,https://jiuye.uestc.edu.cn/career/recruitment/onsite/fxm5cjxr3oxu,verified,https://jiuye.uestc.edu.cn/career/recruitment/onsite,
7e0b4cd65708f2e42e0f14a5755fcccd5c0f470a56e0fd58872942fe1ab2b015,2026-09-09 09:18:04,2026-09-09 09:18:04,现场招聘,中电科网络安全科技股份有限公司,——电科网安2027届秋季校园招聘简章,售前咨询,2026-09-08 18:03:47,2026-09-22,四川省:成都市,2026-09-22,15:00,17:00,【清】品学楼B109,硕士,计算机/人工智能,,,https://westone.zhiye.com/Campus,https://jiuye.uestc.edu.cn/career/recruitment/onsite/fxm5cjxr3oxu,verified,https://jiuye.uestc.edu.cn/career/recruitment/onsite,
8c342f5b5015c724e769d34d64fa1f04e5f16140f49ca8505eafced9a1d8dd0c,2026-09-09 09:18:04,2026-09-09 09:18:04,现场招聘,中电科网络安全科技股份有限公司,——电科网安2027届秋季校园招聘简章,销售,2026-09-08 18:03:47,2026-09-22,四川省:成都市,2026-09-22,15:00,17:00,【清】品学楼B109,本科,计算机/通信/网络等相关专业,,,https://westone.zhiye.com/Campus,https://jiuye.uestc.edu.cn/career/recruitment/onsite/fxm5cjxr3oxu,verified,https://jiuye.uestc.edu.cn/career/recruitment/onsite,
bcd3ffc9b1faedd53e439948c15221011666271f3631ec34a766d370f1c7a575,2026-09-09 09:18:04,2026-09-09 09:18:04,现场招聘,中电科网络安全科技股份有限公司,——电科网安2027届秋季校园招聘简章,工程技术,2026-09-08 18:03:47,2026-09-22,四川省:成都市,2026-09-22,15:00,17:00,【清】品学楼B109,本科,计算机/信息安全等相关专业,,,https://westone.zhiye.com/Campus,https://jiuye.uestc.edu.cn/career/recruitment/onsite/fxm5cjxr3oxu,verified,https://jiuye.uestc.edu.cn/career/recruitment/onsite,
b86d5af355436d787ecf176b9a37cb612051d51bf8a9799a8904a5345387f164,2026-09-09 09:18:04,2026-09-09 09:18:04,现场招聘,中电科网络安全科技股份有限公司,——电科网安2027届秋季校园招聘简章,芯片前端设计,2026-09-08 18:03:47,2026-09-22,四川省:成都市,2026-09-22,15:00,17:00,【清】品学楼B109,硕士,微电子/电子工程等相关专业,,,https://westone.zhiye.com/Campus,https://jiuye.uestc.edu.cn/career/recruitment/onsite/fxm5cjxr3oxu,verified,https://jiuye.uestc.edu.cn/career/recruitment/onsite,
8f579d22d9236338f435c42548b2b98d7c17c5efbcf2345fc37cbadf1ba392cd,2026-09-09 09:18:04,2026-09-09 09:18:04,现场招聘,中电科网络安全科技股份有限公司,——电科网安2027届秋季校园招聘简章,芯片电路验证,2026-09-08 18:03:47,2026-09-22,四川省:成都市,2026-09-22,15:00,17:00,【清】品学楼B109,硕士,微电子/电子工程等相关专业,,,https://westone.zhiye.com/Campus,https://jiuye.uestc.edu.cn/career/recruitment/onsite/fxm5cjxr3oxu,verified,https://jiuye.uestc.edu.cn/career/recruitment/onsite,
ca90edbf9502a4ca0caff83069b5421f51c78790bfc85ff59a43f9a8ecaaf36a,2026-09-09 09:18:04,2026-09-09 09:18:04,现场招聘,中电科网络安全科技股份有限公司,——电科网安2027届秋季校园招聘简章,芯片系统验证,2026-09-08 18:03:47,2026-09-22,四川省:成都市,2026-09-22,15:00,17:00,【清】品学楼B109,硕士,微电子/电子工程等相关专业,,,https://westone.zhiye.com/Campus,https://jiuye.uestc.edu.cn/career/recruitment/onsite/fxm5cjxr3oxu,verified,https://jiuye.uestc.edu.cn/career/recruitment/onsite,
f93d0a425bebfc1af9092f58f1fb7c081fd9e7bd28cae1a04b461f1a0b994fac,2026-09-09 09:18:04,2026-09-09 09:18:04,现场招聘,国睿科技股份有限公司,国睿科技股份有限公司2027届校园招聘,雷达系统设计,2026-09-08 09:44:46,2026-09-23,江苏省:南京市,2026-09-23,09:30,11:30,【清】品学楼B108,硕士研究生及以上学历 (博士优先),,,,,https://jiuye.uestc.edu.cn/career/recruitment/onsite/fxl8dm5vgb9d,verified,https://jiuye.uestc.edu.cn/career/recruitment/onsite,
22168b3806fae37663b5e82c4ca9700bf733a558bf2e4913e77e7d787294333c,2026-09-09 09:18:04,2026-09-09 09:18:04,现场招聘,国睿科技股份有限公司,国睿科技股份有限公司2027届校园招聘,雷达信号/数据处理,2026-09-08 09:44:46,2026-09-23,江苏省:南京市,2026-09-23,09:30,11:30,【清】品学楼B108,硕士研究生及以上学历 (博士优先),,,,,https://jiuye.uestc.edu.cn/career/recruitment/onsite/fxl8dm5vgb9d,verified,https://jiuye.uestc.edu.cn/career/recruitment/onsite,
3c6bc677232cc7b539db47d39e5857fe0067a10b4e1d4342afdb66f7df9412b2,2026-09-09 09:18:04,2026-09-09 09:18:04,现场招聘,国睿科技股份有限公司,国睿科技股份有限公司2027届校园招聘,电讯设计,2026-09-08 09:44:46,2026-09-23,江苏省:南京市,2026-09-23,09:30,11:30,【清】品学楼B108,硕士研究生及以上学历 (博士优先),,,,,https://jiuye.uestc.edu.cn/career/recruitment/onsite/fxl8dm5vgb9d,verified,https://jiuye.uestc.edu.cn/career/recruitment/onsite,
6264c070ca54ee2e10b5e875426bb0b5d57c3b52e5f0d4da081b077219aafa06,2026-09-09 09:18:04,2026-09-09 09:18:04,现场招聘,国睿科技股份有限公司,国睿科技股份有限公司2027届校园招聘,软件研发,2026-09-08 09:44:46,2026-09-23,江苏省:南京市,2026-09-23,09:30,11:30,【清】品学楼B108,硕士研究生及以上学历 (博士优先),,,,,https://jiuye.uestc.edu.cn/career/recruitment/onsite/fxl8dm5vgb9d,verified,https://jiuye.uestc.edu.cn/career/recruitment/onsite,
87b776f733c6a737697eb1367a93cd0110711a193997a05eaf5f150d1695b3b3,2026-09-09 09:18:04,2026-09-09 09:18:04,现场招聘,国睿科技股份有限公司,国睿科技股份有限公司2027届校园招聘,产品规划设计,2026-09-08 09:44:46,2026-09-23,江苏省:南京市,2026-09-23,09:30,11:30,【清】品学楼B108,硕士研究生及以上学历 (博士优先),,,,,https://jiuye.uestc.edu.cn/career/recruitment/onsite/fxl8dm5vgb9d,verified,https://jiuye.uestc.edu.cn/career/recruitment/onsite,
cddbce4c8037fb074b8f7741d415c37c48042a0581b087398e708181c3752f66,2026-09-09 09:18:04,2026-09-09 09:18:04,现场招聘,国睿科技股份有限公司,国睿科技股份有限公司2027届校园招聘,器件研发设计,2026-09-08 09:44:46,2026-09-23,江苏省:南京市,2026-09-23,09:30,11:30,【清】品学楼B108,硕士研究生及以上学历 (博士优先),,,,,https://jiuye.uestc.edu.cn/career/recruitment/onsite/fxl8dm5vgb9d,verified,https://jiuye.uestc.edu.cn/career/recruitment/onsite,
fa97a5f3e13edeab31de4ea85cd008c21d6604838bb99a2326cfb0a9e2a26b7b,2026-09-09 09:18:04,2026-09-09 09:18:04,现场招聘,国睿科技股份有限公司,国睿科技股份有限公司2027届校园招聘,电源研发设计,2026-09-08 09:44:46,2026-09-23,江苏省:南京市,2026-09-23,09:30,11:30,【清】品学楼B108,硕士研究生及以上学历 (博士优先),,,,,https://jiuye.uestc.edu.cn/career/recruitment/onsite/fxl8dm5vgb9d,verified,https://jiuye.uestc.edu.cn/career/recruitment/onsite,
872fdd5fb9c50efd5d2d392d299b78c7c7399b1dbf556e5d103046488ccc20ba,2026-09-09 09:18:04,2026-09-09 09:18:04,现场招聘,国睿科技股份有限公司,国睿科技股份有限公司2027届校园招聘,结构工艺设计,2026-09-08 09:44:46,2026-09-23,江苏省:南京市,2026-09-23,09:30,11:30,【清】品学楼B108,硕士研究生及以上学历 (博士优先),,,,,https://jiuye.uestc.edu.cn/career/recruitment/onsite/fxl8dm5vgb9d,verified,https://jiuye.uestc.edu.cn/career/recruitment/onsite,
c38e42ab0ef9bb56bbb9e6f6fe1812f049d9a84a0dd3378498e3821a902bee55,2026-09-09 09:18:04,2026-09-09 09:18:04,现场招聘,国睿科技股份有限公司,国睿科技股份有限公司2027届校园招聘,产品测试工程师,2026-09-08 09:44:46,2026-09-23,江苏省:南京市,2026-09-23,09:30,11:30,【清】品学楼B108,硕士研究生及以上学历,,,,,https://jiuye.uestc.edu.cn/career/recruitment/onsite/fxl8dm5vgb9d,verified,https://jiuye.uestc.edu.cn/career/recruitment/onsite,
e932890831e48e39677c955e02fcf5e0537af75c8a8022f0942b8400fa951ddc,2026-09-09 09:18:04,2026-09-09 09:18:04,现场招聘,国睿科技股份有限公司,国睿科技股份有限公司2027届校园招聘,解决方案顾问,2026-09-08 09:44:46,2026-09-23,江苏省:南京市,2026-09-23,09:30,11:30,【清】品学楼B108,硕士研究生及以上学历,,,,,https://jiuye.uestc.edu.cn/career/recruitment/onsite/fxl8dm5vgb9d,verified,https://jiuye.uestc.edu.cn/career/recruitment/onsite,
28f9a8ca2f9b269522d792f1d0019af0e4249ea908074d11b1db4ea25b3aaa23,2026-09-09 09:18:04,2026-09-09 09:18:04,现场招聘,国睿科技股份有限公司,国睿科技股份有限公司2027届校园招聘,售前技术顾问,2026-09-08 09:44:46,2026-09-23,江苏省:南京市,2026-09-23,09:30,11:30,【清】品学楼B108,硕士研究生及以上学历,,,,,https://jiuye.uestc.edu.cn/career/recruitment/onsite/fxl8dm5vgb9d,verified,https://jiuye.uestc.edu.cn/career/recruitment/onsite,
a6d165c39c4acae177b92698e75edd39247a05ad5f28d5d82e558c8280149f6a,2026-09-09 09:18:04,2026-09-09 09:18:04,现场招聘,中电科网络安全科技股份有限公司,——电科网安2027届秋季校园招聘简章,AI算法工程师,2026-09-08 18:03:39,2026-09-23,其他(具体查看招聘信息),2026-09-23,15:00,17:00,【清】立人楼B118,硕士/博士,计算机/人工智能相关专业,,,https://westone.zhiye.com/Campus,https://jiuye.uestc.edu.cn/career/recruitment/onsite/fxm5hjedhcsi,verified,https://jiuye.uestc.edu.cn/career/recruitment/onsite,
8647a26554a8004966e784aabf0cc7b664175f2af08a5f6c4f586ea7147535bf,2026-09-09 09:18:04,2026-09-09 09:18:04,现场招聘,中电科网络安全科技股份有限公司,——电科网安2027届秋季校园招聘简章,密码算法设计工程师,2026-09-08 18:03:39,2026-09-23,其他(具体查看招聘信息),2026-09-23,15:00,17:00,【清】立人楼B118,硕士/博士,密码科学与技术/应用数学专业,,,https://westone.zhiye.com/Campus,https://jiuye.uestc.edu.cn/career/recruitment/onsite/fxm5hjedhcsi,verified,https://jiuye.uestc.edu.cn/career/recruitment/onsite,
371334843ba3c490e52b09260f3830962325b9366a99e1dcdb604bdf819365f0,2026-09-09 09:18:04,2026-09-09 09:18:04,现场招聘,中电科网络安全科技股份有限公司,——电科网安2027届秋季校园招聘简章,软件工程师,2026-09-08 18:03:39,2026-09-23,其他(具体查看招聘信息),2026-09-23,15:00,17:00,【清】立人楼B118,硕士,计算机/通信/网络等相关专业,,,https://westone.zhiye.com/Campus,https://jiuye.uestc.edu.cn/career/recruitment/onsite/fxm5hjedhcsi,verified,https://jiuye.uestc.edu.cn/career/recruitment/onsite,
ac50d03b037973cc92466b61ff35ffb8c73097f3154a259924bc3b75a1eb1abb,2026-09-09 09:18:04,2026-09-09 09:18:04,现场招聘,中电科网络安全科技股份有限公司,——电科网安2027届秋季校园招聘简章,安全开发工程师,2026-09-08 18:03:39,2026-09-23,其他(具体查看招聘信息),2026-09-23,15:00,17:00,【清】立人楼B118,硕士,计算机/通信/网络安全等相关专业,,,https://westone.zhiye.com/Campus,https://jiuye.uestc.edu.cn/career/recruitment/onsite/fxm5hjedhcsi,verified,https://jiuye.uestc.edu.cn/career/recruitment/onsite,
3c42f81412c93be973b00e2052a717c395f3f55ef181371572f2a0cefc33ea97,2026-09-09 09:18:04,2026-09-09 09:18:04,现场招聘,中电科网络安全科技股份有限公司,——电科网安2027届秋季校园招聘简章,安全研究员,2026-09-08 18:03:39,2026-09-23,其他(具体查看招聘信息),2026-09-23,15:00,17:00,【清】立人楼B118,本科,网络安全相关专业,,,https://westone.zhiye.com/Campus,https://jiuye.uestc.edu.cn/career/recruitment/onsite/fxm5hjedhcsi,verified,https://jiuye.uestc.edu.cn/career/recruitment/onsite,
c4c8acacad1cf596661d19b6289d64b3af4bbdd60bafcb8500ca090cf31e33c5,2026-09-09 09:18:04,2026-09-09 09:18:04,现场招聘,中电科网络安全科技股份有限公司,——电科网安2027届秋季校园招聘简章,算法工程师,2026-09-08 18:03:39,2026-09-23,其他(具体查看招聘信息),2026-09-23,15:00,17:00,【清】立人楼B118,硕士,应用数学及相关专业,,,https://westone.zhiye.com/Campus,https://jiuye.uestc.edu.cn/career/recruitment/onsite/fxm5hjedhcsi,verified,https://jiuye.uestc.edu.cn/career/recruitment/onsite,
22aa09cee8d1a50ba951546328c77271a45e6c26c9ce55b1a773a63fd3ca9f6d,2026-09-09 09:18:04,2026-09-09 09:18:04,现场招聘,中电科网络安全科技股份有限公司,——电科网安2027届秋季校园招聘简章,售前咨询,2026-09-08 18:03:39,2026-09-23,其他(具体查看招聘信息),2026-09-23,15:00,17:00,【清】立人楼B118,硕士,计算机/人工智能,,,https://westone.zhiye.com/Campus,https://jiuye.uestc.edu.cn/career/recruitment/onsite/fxm5hjedhcsi,verified,https://jiuye.uestc.edu.cn/career/recruitment/onsite,
87f1e96367c8d9aafca4f73c57113bc155e12c482a4b87c50b24526217b349cb,2026-09-09 09:18:04,2026-09-09 09:18:04,现场招聘,中电科网络安全科技股份有限公司,——电科网安2027届秋季校园招聘简章,销售,2026-09-08 18:03:39,2026-09-23,其他(具体查看招聘信息),2026-09-23,15:00,17:00,【清】立人楼B118,本科,计算机/通信/网络等相关专业,,,https://westone.zhiye.com/Campus,https://jiuye.uestc.edu.cn/career/recruitment/onsite/fxm5hjedhcsi,verified,https://jiuye.uestc.edu.cn/career/recruitment/onsite,
25e87f3cb50a71ac55bbde280cd97567b51422d776911db61401457323a1e5a6,2026-09-09 09:18:04,2026-09-09 09:18:04,现场招聘,中电科网络安全科技股份有限公司,——电科网安2027届秋季校园招聘简章,工程技术,2026-09-08 18:03:39,2026-09-23,其他(具体查看招聘信息),2026-09-23,15:00,17:00,【清】立人楼B118,本科,计算机/信息安全等相关专业,,,https://westone.zhiye.com/Campus,https://jiuye.uestc.edu.cn/career/recruitment/onsite/fxm5hjedhcsi,verified,https://jiuye.uestc.edu.cn/career/recruitment/onsite,
88218be869fa90e6d0034d1f9386a061a44b410c58c7d9d039f3a533374c5543,2026-09-09 09:18:04,2026-09-09 09:18:04,现场招聘,中电科网络安全科技股份有限公司,——电科网安2027届秋季校园招聘简章,芯片前端设计,2026-09-08 18:03:39,2026-09-23,其他(具体查看招聘信息),2026-09-23,15:00,17:00,【清】立人楼B118,硕士,微电子/电子工程等相关专业,,,https://westone.zhiye.com/Campus,https://jiuye.uestc.edu.cn/career/recruitment/onsite/fxm5hjedhcsi,verified,https://jiuye.uestc.edu.cn/career/recruitment/onsite,
575166e7700a2cae37aa73bbd6982139b648ee938b2e942c2efaf5f86a743eff,2026-09-09 09:18:04,2026-09-09 09:18:04,现场招聘,中电科网络安全科技股份有限公司,——电科网安2027届秋季校园招聘简章,芯片电路验证,2026-09-08 18:03:39,2026-09-23,其他(具体查看招聘信息),2026-09-23,15:00,17:00,【清】立人楼B118,硕士,微电子/电子工程等相关专业,,,https://westone.zhiye.com/Campus,https://jiuye.uestc.edu.cn/career/recruitment/onsite/fxm5hjedhcsi,verified,https://jiuye.uestc.edu.cn/career/recruitment/onsite,
9eb1b0fc2890aeda7bc60b60934263ec8d3259daf2f5086db8ad32606479cf50,2026-09-09 09:18:04,2026-09-09 09:18:04,现场招聘,中电科网络安全科技股份有限公司,——电科网安2027届秋季校园招聘简章,芯片系统验证,2026-09-08 18:03:39,2026-09-23,其他(具体查看招聘信息),2026-09-23,15:00,17:00,【清】立人楼B118,硕士,微电子/电子工程等相关专业,,,https://westone.zhiye.com/Campus,https://jiuye.uestc.edu.cn/career/recruitment/onsite/fxm5hjedhcsi,verified,https://jiuye.uestc.edu.cn/career/recruitment/onsite,
0f1ab150ae67a6163ed9c8d4b6fea7775cf0cba6feb8752445839f6a48c65561,2026-09-09 09:18:04,2026-09-09 09:18:04,现场招聘,中自科技股份有限公司,,未明确列出,2026-09-09 09:13:36,2026-09-23,四川省:成都市,2026-09-23,15:00,17:00,【清】立人楼B120,本科、硕士、博士、博士后,,,,https://www.sinocat.com.cn/,https://jiuye.uestc.edu.cn/career/recruitment/onsite/fxopwl8ngwld,verified,https://jiuye.uestc.edu.cn/career/recruitment/onsite,
38e7c4680c7796798775d4423c1bf218403c76ce881d28d26e6eff0f337d0f75,2026-09-09 09:18:04,2026-09-09 09:18:04,现场招聘,芯联集成电路制造股份有限公司,芯联集成电路制造股份有限公司2027届校园招聘,研发工艺整合工程师,2026-09-08 17:03:25,2026-09-23,绍兴,2026-09-23,19:30,21:00,【清】品学楼B109,硕士及以上,集成电路/微电子/物理学类/材料类等相关理工类专业,,,https://smec.zhiye.com/campus/jobs,https://jiuye.uestc.edu.cn/career/recruitment/onsite/fxm3rjtq4b9d,verified,https://jiuye.uestc.edu.cn/career/recruitment/onsite,
3e4d7937b60d8a6ee84ca5a3e64acaccfbe0377cf856217dd916388d19fafc97,2026-09-09 09:18:04,2026-09-09 09:18:04,现场招聘,芯联集成电路制造股份有限公司,芯联集成电路制造股份有限公司2027届校园招聘,应用测试工程师,2026-09-08 17:03:25,2026-09-23,绍兴&上海,2026-09-23,19:30,21:00,【清】品学楼B109,硕士及以上,电子信息/计算机/自动化/通信工程/电力电子等相关专业,,,https://smec.zhiye.com/campus/jobs,https://jiuye.uestc.edu.cn/career/recruitment/onsite/fxm3rjtq4b9d,verified,https://jiuye.uestc.edu.cn/career/recruitment/onsite,
89adfddd87fd33a517274130542fac47866c1d28b8a62cc1130ebe428564cc61,2026-09-09 09:18:04,2026-09-09 09:18:04,现场招聘,芯联集成电路制造股份有限公司,芯联集成电路制造股份有限公司2027届校园招聘,模型工程师,2026-09-08 17:03:25,2026-09-23,绍兴&上海,2026-09-23,19:30,21:00,【清】品学楼B109,硕士及以上,集成电路/微电子/物理学类/材料类/通信/计算机/电子信息等相关专业,,,https://smec.zhiye.com/campus/jobs,https://jiuye.uestc.edu.cn/career/recruitment/onsite/fxm3rjtq4b9d,verified,https://jiuye.uestc.edu.cn/career/recruitment/onsite,
7099575553e9079be0d0bd10b00187f994e1c6e19f8d457e9ac5a90c657e13e0,2026-09-09 09:18:04,2026-09-09 09:18:04,现场招聘,芯联集成电路制造股份有限公司,芯联集成电路制造股份有限公司2027届校园招聘,IP设计工程师,2026-09-08 17:03:25,2026-09-23,绍兴&上海,2026-09-23,19:30,21:00,【清】品学楼B109,硕士及以上,集成电路/微电子/物理学类/材料类/通信/计算机/电子信息等相关专业,,,https://smec.zhiye.com/campus/jobs,https://jiuye.uestc.edu.cn/career/recruitment/onsite/fxm3rjtq4b9d,verified,https://jiuye.uestc.edu.cn/career/recruitment/onsite,
3a3fdca92d74dd99932b1eceb6a68d480c28b14528707a8414503db3c4a6aecd,2026-09-09 09:18:04,2026-09-09 09:18:04,现场招聘,芯联集成电路制造股份有限公司,芯联集成电路制造股份有限公司2027届校园招聘,工艺设计套件开发工程师,2026-09-08 17:03:25,2026-09-23,绍兴&上海,2026-09-23,19:30,21:00,【清】品学楼B109,硕士及以上,集成电路/微电子/物理学类/材料类/通信/计算机/电子信息等相关专业,,,https://smec.zhiye.com/campus/jobs,https://jiuye.uestc.edu.cn/career/recruitment/onsite/fxm3rjtq4b9d,verified,https://jiuye.uestc.edu.cn/career/recruitment/onsite,
0728434328a2cb3a5d9d6938b7fee79e8e938488fabb901485ae2a47863fff80,2026-09-09 09:18:04,2026-09-09 09:18:04,现场招聘,芯联集成电路制造股份有限公司,芯联集成电路制造股份有限公司2027届校园招聘,传感器应用工程师,2026-09-08 17:03:25,2026-09-23,上海张江,2026-09-23,19:30,21:00,【清】品学楼B109,硕士及以上,电力电子、电子科学与技术、电子信息工程等相关专业,,,https://smec.zhiye.com/campus/jobs,https://jiuye.uestc.edu.cn/career/recruitment/onsite/fxm3rjtq4b9d,verified,https://jiuye.uestc.edu.cn/career/recruitment/onsite,
c1324a9cfe6eda1b0354c5907b434f0eb2b9229a3020daa7f12e97d1ecaacf51,2026-09-09 09:18:04,2026-09-09 09:18:04,现场招聘,芯联集成电路制造股份有限公司,芯联集成电路制造股份有限公司2027届校园招聘,光学修正工程师,2026-09-08 17:03:25,2026-09-23,绍兴,2026-09-23,19:30,21:00,【清】品学楼B109,硕士及以上,理工类专业,,,https://smec.zhiye.com/campus/jobs,https://jiuye.uestc.edu.cn/career/recruitment/onsite/fxm3rjtq4b9d,verified,https://jiuye.uestc.edu.cn/career/recruitment/onsite,
48a2983c685d41e5f579fd3c3e02608276958cde2759c3af0a31f87fa6ddd445,2026-09-09 09:18:04,2026-09-09 09:18:04,现场招聘,芯联集成电路制造股份有限公司,芯联集成电路制造股份有限公司2027届校园招聘,数据处理工程师,2026-09-08 17:03:25,2026-09-23,绍兴,2026-09-23,19:30,21:00,【清】品学楼B109,本科及以上,理工类专业,,,https://smec.zhiye.com/campus/jobs,https://jiuye.uestc.edu.cn/career/recruitment/onsite/fxm3rjtq4b9d,verified,https://jiuye.uestc.edu.cn/career/recruitment/onsite,
b8a665d673bd7d352ee754e358e8ac64b8a75c1d0b507cfe28917936f1c91bda,2026-09-09 09:18:04,2026-09-09 09:18:04,现场招聘,芯联集成电路制造股份有限公司,芯联集成电路制造股份有限公司2027届校园招聘,客户管理工程师,2026-09-08 17:03:25,2026-09-23,绍兴,2026-09-23,19:30,21:00,【清】品学楼B109,本科及以上,理工类专业,,,https://smec.zhiye.com/campus/jobs,https://jiuye.uestc.edu.cn/career/recruitment/onsite/fxm3rjtq4b9d,verified,https://jiuye.uestc.edu.cn/career/recruitment/onsite,
11e53512dac92ced162d7b1b32c900a17b06db0b5205fff634d12ce6ff531fbb,2026-09-09 09:18:04,2026-09-09 09:18:04,现场招聘,芯联集成电路制造股份有限公司,芯联集成电路制造股份有限公司2027届校园招聘,产品工程师,2026-09-08 17:03:25,2026-09-23,绍兴,2026-09-23,19:30,21:00,【清】品学楼B109,硕士及以上,集成电路/微电子/物理学类/材料类等相关理工类专业,,,https://smec.zhiye.com/campus/jobs,https://jiuye.uestc.edu.cn/career/recruitment/onsite/fxm3rjtq4b9d,verified,https://jiuye.uestc.edu.cn/career/recruitment/onsite,
87cc2658c2ca8eff63d7e3722fcc44074dff411d4d0c38e870e082fb5f9bd700,2026-09-09 09:18:04,2026-09-09 09:18:04,现场招聘,芯联集成电路制造股份有限公司,芯联集成电路制造股份有限公司2027届校园招聘,产品管理,2026-09-08 17:03:25,2026-09-23,绍兴,2026-09-23,19:30,21:00,【清】品学楼B109,硕士及以上,集成电路/微电子/物理学类/材料类等相关理工类专业,,,https://smec.zhiye.com/campus/jobs,https://jiuye.uestc.edu.cn/career/recruitment/onsite/fxm3rjtq4b9d,verified,https://jiuye.uestc.edu.cn/career/recruitment/onsite,
26f7a8e625a73ee33861f62b556f74cc6fbded3e64426ff344c0a0c7e3c466e2,2026-09-09 09:18:04,2026-09-09 09:18:04,现场招聘,芯联集成电路制造股份有限公司,芯联集成电路制造股份有限公司2027届校园招聘,器件设计工程师,2026-09-08 17:03:25,2026-09-23,绍兴/上海,2026-09-23,19:30,21:00,【清】品学楼B109,硕士及以上,电子信息/计算机/自动化/通信工程/电力电子等相关专业,,,https://smec.zhiye.com/campus/jobs,https://jiuye.uestc.edu.cn/career/recruitment/onsite/fxm3rjtq4b9d,verified,https://jiuye.uestc.edu.cn/career/recruitment/onsite,
3446efca61bf381185b9ecae1e4acb7956ad9934eaf288f53c6a3ef95e7e2a36,2026-09-09 09:18:04,2026-09-09 09:18:04,现场招聘,芯联集成电路制造股份有限公司,芯联集成电路制造股份有限公司2027届校园招聘,封装设计工程师,2026-09-08 17:03:25,2026-09-23,绍兴,2026-09-23,19:30,21:00,【清】品学楼B109,硕士及以上,电子信息/计算机/自动化/通信工程/电力电子等相关专业,,,https://smec.zhiye.com/campus/jobs,https://jiuye.uestc.edu.cn/career/recruitment/onsite/fxm3rjtq4b9d,verified,https://jiuye.uestc.edu.cn/career/recruitment/onsite,
e481f364eb52f6514828849673804b770e8299a3e996b1fe0a787fe1114deaf1,2026-09-09 09:18:04,2026-09-09 09:18:04,现场招聘,芯联集成电路制造股份有限公司,芯联集成电路制造股份有限公司2027届校园招聘,应用工程师,2026-09-08 17:03:25,2026-09-23,绍兴,2026-09-23,19:30,21:00,【清】品学楼B109,硕士及以上,电力电子、电气工程、自动化、控制科学与工程、电子科学与技术、通信工程、电力传动相关专业,,,https://smec.zhiye.com/campus/jobs,https://jiuye.uestc.edu.cn/career/recruitment/onsite/fxm3rjtq4b9d,verified,https://jiuye.uestc.edu.cn/career/recruitment/onsite,
24afa3bcde3b071aab6c7ec49394f537bd1febb7ed6cdf9e4c7d41fca793f285,2026-09-09 09:18:04,2026-09-09 09:18:04,现场招聘,芯联集成电路制造股份有限公司,芯联集成电路制造股份有限公司2027届校园招聘,封装研发工程师,2026-09-08 17:03:25,2026-09-23,绍兴,2026-09-23,19:30,21:00,【清】品学楼B109,硕士及以上,电力电子、电气工程、自动化、控制科学与工程、电子科学与技术、通信工程、电力传动相关专业,,,https://smec.zhiye.com/campus/jobs,https://jiuye.uestc.edu.cn/career/recruitment/onsite/fxm3rjtq4b9d,verified,https://jiuye.uestc.edu.cn/career/recruitment/onsite,
379ad84f4c11763ea6382c5661fa439b82b9c5dff9343f65035ad87c4070848e,2026-09-09 09:18:04,2026-09-09 09:18:04,现场招聘,芯联集成电路制造股份有限公司,芯联集成电路制造股份有限公司2027届校园招聘,系统应用工程师,2026-09-08 17:03:25,2026-09-23,绍兴,2026-09-23,19:30,21:00,【清】品学楼B109,硕士及以上,电力电子、电气工程、自动化、控制科学与工程、电子科学与技术、通信工程、电力传动相关专业,,,https://smec.zhiye.com/campus/jobs,https://jiuye.uestc.edu.cn/career/recruitment/onsite/fxm3rjtq4b9d,verified,https://jiuye.uestc.edu.cn/career/recruitment/onsite,
f5874be2d798c302cff3e22955b1c2b8ebe836cc86ecdf7364ace8da5af2257c,2026-09-09 09:18:04,2026-09-09 09:18:04,现场招聘,芯联集成电路制造股份有限公司,芯联集成电路制造股份有限公司2027届校园招聘,现场应用工程师,2026-09-08 17:03:25,2026-09-23,绍兴,2026-09-23,19:30,21:00,【清】品学楼B109,硕士及以上,理工类专业,,,https://smec.zhiye.com/campus/jobs,https://jiuye.uestc.edu.cn/career/recruitment/onsite/fxm3rjtq4b9d,verified,https://jiuye.uestc.edu.cn/career/recruitment/onsite,
2111a1c824b3febf0ee0b51a05df3133b7de33721b40495ee09580d9459d9894,2026-09-09 09:18:04,2026-09-09 09:18:04,现场招聘,芯联集成电路制造股份有限公司,芯联集成电路制造股份有限公司2027届校园招聘,设备工程师/ 封装设备工程师,2026-09-08 17:03:25,2026-09-23,绍兴,2026-09-23,19:30,21:00,【清】品学楼B109,本科及以上,电子信息/通信工程/机械/自动化/电气/机器人/物联网等理工类相关专业,,,https://smec.zhiye.com/campus/jobs,https://jiuye.uestc.edu.cn/career/recruitment/onsite/fxm3rjtq4b9d,verified,https://jiuye.uestc.edu.cn/career/recruitment/onsite,
3eb01a964bd00ebc4033fcfb8321d59cb3fdd5581dede082788508ced03deed0,2026-09-09 09:18:04,2026-09-09 09:18:04,现场招聘,芯联集成电路制造股份有限公司,芯联集成电路制造股份有限公司2027届校园招聘,生产管理/ 封装生产管理,2026-09-08 17:03:25,2026-09-23,绍兴,2026-09-23,19:30,21:00,【清】品学楼B109,本科及以上,工业工程/自动化/电气/电子信息/材料类/管理类/土木类等理工类相关专业,,,https://smec.zhiye.com/campus/jobs,https://jiuye.uestc.edu.cn/career/recruitment/onsite/fxm3rjtq4b9d,verified,https://jiuye.uestc.edu.cn/career/recruitment/onsite,
43c72b061968f6d7602d11cd347b57a6b047442ea8ae01eba22bf54ec32961e6,2026-09-09 09:18:04,2026-09-09 09:18:04,现场招聘,芯联集成电路制造股份有限公司,芯联集成电路制造股份有限公司2027届校园招聘,工艺工程师/封装工艺工程师,2026-09-08 17:03:25,2026-09-23,绍兴,2026-09-23,19:30,21:00,【清】品学楼B109,硕士及以上,"半导体,微电子,集成电路,电子信息,材料类,物理学类,光电类等相关专业",,,https://smec.zhiye.com/campus/jobs,https://jiuye.uestc.edu.cn/career/recruitment/onsite/fxm3rjtq4b9d,verified,https://jiuye.uestc.edu.cn/career/recruitment/onsite,
dd2252d6c3c049822552c095da470a6bb20dc025e38e832e9881a9f919435852,2026-09-09 09:18:04,2026-09-09 09:18:04,现场招聘,芯联集成电路制造股份有限公司,芯联集成电路制造股份有限公司2027届校园招聘,工艺整合工程师,2026-09-08 17:03:25,2026-09-23,绍兴,2026-09-23,19:30,21:00,【清】品学楼B109,硕士及以上,集成电路/微电子/物理学类/材料类等相关理工类专业,,,https://smec.zhiye.com/campus/jobs,https://jiuye.uestc.edu.cn/career/recruitment/onsite/fxm3rjtq4b9d,verified,https://jiuye.uestc.edu.cn/career/recruitment/onsite,
7e6132eb39460ba5995cd24dd271a78999a8e6167b3f99a0c001fd575a997bcf,2026-09-09 09:18:04,2026-09-09 09:18:04,现场招聘,芯联集成电路制造股份有限公司,芯联集成电路制造股份有限公司2027届校园招聘,良率工程师,2026-09-08 17:03:25,2026-09-23,绍兴,2026-09-23,19:30,21:00,【清】品学楼B109,硕士及以上,集成电路/微电子/物理学类/材料类等相关理工类专业,,,https://smec.zhiye.com/campus/jobs,https://jiuye.uestc.edu.cn/career/recruitment/onsite/fxm3rjtq4b9d,verified,https://jiuye.uestc.edu.cn/career/recruitment/onsite,
0d0c282e28fe3e88190da6234e72b5ad5773db5fa8a3035e872ad0f9131ab81a,2026-09-09 09:18:04,2026-09-09 09:18:04,现场招聘,芯联集成电路制造股份有限公司,芯联集成电路制造股份有限公司2027届校园招聘,供应商管理,2026-09-08 17:03:25,2026-09-23,绍兴,2026-09-23,19:30,21:00,【清】品学楼B109,硕士及以上,"半导体,微电子,集成电路,电子信息,材料类,物理学类,光电类等相关专业",,,https://smec.zhiye.com/campus/jobs,https://jiuye.uestc.edu.cn/career/recruitment/onsite/fxm3rjtq4b9d,verified,https://jiuye.uestc.edu.cn/career/recruitment/onsite,
effc9d7b38f811da6d6c0512804ae6c7a5663ac2895870d5ce3d848944ca2e0c,2026-09-09 09:18:04,2026-09-09 09:18:04,现场招聘,芯联集成电路制造股份有限公司,芯联集成电路制造股份有限公司2027届校园招聘,测试工艺工程师,2026-09-08 17:03:25,2026-09-23,绍兴,2026-09-23,19:30,21:00,【清】品学楼B109,硕士及以上,"半导体,微电子,集成电路,电子信息,材料类,物理学类,光电类等相关专业",,,https://smec.zhiye.com/campus/jobs,https://jiuye.uestc.edu.cn/career/recruitment/onsite/fxm3rjtq4b9d,verified,https://jiuye.uestc.edu.cn/career/recruitment/onsite,
50697379a4e043320f7584a3d59c62a8aee649b34cb6baf06af23deca24bfcc4,2026-09-09 09:18:04,2026-09-09 09:18:04,现场招聘,芯联集成电路制造股份有限公司,芯联集成电路制造股份有限公司2027届校园招聘,测试设备工程师,2026-09-08 17:03:25,2026-09-23,绍兴,2026-09-23,19:30,21:00,【清】品学楼B109,本科及以上,"半导体,微电子,集成电路,电子信息,材料类,物理学类,光电类等相关专业",,,https://smec.zhiye.com/campus/jobs,https://jiuye.uestc.edu.cn/career/recruitment/onsite/fxm3rjtq4b9d,verified,https://jiuye.uestc.edu.cn/career/recruitment/onsite,
d798d6ca1fb9270ee744cdc0a63b9a0dedf8b117b9594aa04a58f07c1093d324,2026-09-09 09:18:04,2026-09-09 09:18:04,现场招聘,芯联集成电路制造股份有限公司,芯联集成电路制造股份有限公司2027届校园招聘,工业工程师/ 价值工程师,2026-09-08 17:03:25,2026-09-23,绍兴,2026-09-23,19:30,21:00,【清】品学楼B109,硕士及以上,工业工程/机械设计与制造/管理科学与工程/大数据/计算机等理工类相关专业,,,https://smec.zhiye.com/campus/jobs,https://jiuye.uestc.edu.cn/career/recruitment/onsite/fxm3rjtq4b9d,verified,https://jiuye.uestc.edu.cn/career/recruitment/onsite,
30bc9f27610ae1e6b15e96764818280d0796384549a241aa0feeee43acce57f3,2026-09-09 09:18:04,2026-09-09 09:18:04,现场招聘,芯联集成电路制造股份有限公司,芯联集成电路制造股份有限公司2027届校园招聘,生产计划工程师,2026-09-08 17:03:25,2026-09-23,绍兴,2026-09-23,19:30,21:00,【清】品学楼B109,硕士及以上,"理工类,物流相关专业",,,https://smec.zhiye.com/campus/jobs,https://jiuye.uestc.edu.cn/career/recruitment/onsite/fxm3rjtq4b9d,verified,https://jiuye.uestc.edu.cn/career/recruitment/onsite,
55472cf452f007956ecc7e8d32fd69ed5dca796053bc456465a88e2f9abf2e89,2026-09-09 09:18:04,2026-09-09 09:18:04,现场招聘,芯联集成电路制造股份有限公司,芯联集成电路制造股份有限公司2027届校园招聘,成本优化工程师,2026-09-08 17:03:25,2026-09-23,绍兴,2026-09-23,19:30,21:00,【清】品学楼B109,硕士及以上,"工业工程,物流,理工类",,,https://smec.zhiye.com/campus/jobs,https://jiuye.uestc.edu.cn/career/recruitment/onsite/fxm3rjtq4b9d,verified,https://jiuye.uestc.edu.cn/career/recruitment/onsite,
c76eb3579ce2e0ba0ac189b2d76103c6c5ef5d665783e530be89e63b7d6c8469,2026-09-09 09:18:04,2026-09-09 09:18:04,现场招聘,芯联集成电路制造股份有限公司,芯联集成电路制造股份有限公司2027届校园招聘,质量工程师,2026-09-08 17:03:25,2026-09-23,绍兴,2026-09-23,19:30,21:00,【清】品学楼B109,硕士及以上,电子信息类/材料类/物理学类/化学类等理工类相关专业,,,https://smec.zhiye.com/campus/jobs,https://jiuye.uestc.edu.cn/career/recruitment/onsite/fxm3rjtq4b9d,verified,https://jiuye.uestc.edu.cn/career/recruitment/onsite,
a975eb6d8897abf1b731ced27b9321017cf20b3e06e8477372e558e52f3d5889,2026-09-09 09:18:04,2026-09-09 09:18:04,现场招聘,芯联集成电路制造股份有限公司,芯联集成电路制造股份有限公司2027届校园招聘,可靠性工程师/失效分析工程师,2026-09-08 17:03:25,2026-09-23,上海临港,2026-09-23,19:30,21:00,【清】品学楼B109,硕士及以上,"半导体,微电子,集成电路,电子信息,材料类,物理学类,光电类等相关专业",,,https://smec.zhiye.com/campus/jobs,https://jiuye.uestc.edu.cn/career/recruitment/onsite/fxm3rjtq4b9d,verified,https://jiuye.uestc.edu.cn/career/recruitment/onsite,
eb228da71f8cb35a98aa4d7add6dd21abce8cc9ac01a519d6f2444161088a411,2026-09-09 09:18:04,2026-09-09 09:18:04,现场招聘,芯联集成电路制造股份有限公司,芯联集成电路制造股份有限公司2027届校园招聘,失效分析/可靠性实验室运营工程师,2026-09-08 17:03:25,2026-09-23,上海临港,2026-09-23,19:30,21:00,【清】品学楼B109,本科及以上,理工类专业,,,https://smec.zhiye.com/campus/jobs,https://jiuye.uestc.edu.cn/career/recruitment/onsite/fxm3rjtq4b9d,verified,https://jiuye.uestc.edu.cn/career/recruitment/onsite,
aec18f0592fc5e36a25db16227cc8d5580b7d46cf6af9fa7e67612d1ce56ccc7,2026-09-09 09:18:04,2026-09-09 09:18:04,现场招聘,芯联集成电路制造股份有限公司,芯联集成电路制造股份有限公司2027届校园招聘,厂务工程师,2026-09-08 17:03:25,2026-09-23,绍兴,2026-09-23,19:30,21:00,【清】品学楼B109,本科及以上,机械/电气/化学(气体相关)/动力/水利/环境等工程类相关专业,,,https://smec.zhiye.com/campus/jobs,https://jiuye.uestc.edu.cn/career/recruitment/onsite/fxm3rjtq4b9d,verified,https://jiuye.uestc.edu.cn/career/recruitment/onsite,
0149709d77c4807b508afad39a8c06fd3f62c1488369354d5d8ff315415807cb,2026-09-09 09:18:04,2026-09-09 09:18:04,现场招聘,芯联集成电路制造股份有限公司,芯联集成电路制造股份有限公司2027届校园招聘,仓储管理,2026-09-08 17:03:25,2026-09-23,绍兴,2026-09-23,19:30,21:00,【清】品学楼B109,本科及以上,物流管理/仓储管理/供应链/财务/经济等相关专业,,,https://smec.zhiye.com/campus/jobs,https://jiuye.uestc.edu.cn/career/recruitment/onsite/fxm3rjtq4b9d,verified,https://jiuye.uestc.edu.cn/career/recruitment/onsite,
7d5b0fd64fa89e861aee1806e53c7e7f36ed7d16435d4a9643d0a00aaafce48b,2026-09-09 09:18:04,2026-09-09 09:18:04,现场招聘,芯联集成电路制造股份有限公司,芯联集成电路制造股份有限公司2027届校园招聘,治具间管理员,2026-09-08 17:03:25,2026-09-23,绍兴,2026-09-23,19:30,21:00,【清】品学楼B109,本科及以上,"财会、物流、仓储管理等相关专业,物流",,,https://smec.zhiye.com/campus/jobs,https://jiuye.uestc.edu.cn/career/recruitment/onsite/fxm3rjtq4b9d,verified,https://jiuye.uestc.edu.cn/career/recruitment/onsite,
7154c237d6c8ce88d02effa0179be397d80cc8b9cba4b9695f3192fb6c9348d1,2026-09-09 09:18:04,2026-09-09 09:18:04,现场招聘,芯联集成电路制造股份有限公司,芯联集成电路制造股份有限公司2027届校园招聘,销售工程师,2026-09-08 17:03:25,2026-09-23,绍兴,2026-09-23,19:30,21:00,【清】品学楼B109,硕士及以上,"工商管理/市场营销/财会类/小语种等相关专业(形象气质佳,性格外向,沟通能力强的不限制专业)",,,https://smec.zhiye.com/campus/jobs,https://jiuye.uestc.edu.cn/career/recruitment/onsite/fxm3rjtq4b9d,verified,https://jiuye.uestc.edu.cn/career/recruitment/onsite,
8b8a8d9e37abd88242748bdaa663bf4e804bad4d80d211cf57639d60b60910f8,2026-09-09 09:18:04,2026-09-09 09:18:04,现场招聘,芯联集成电路制造股份有限公司,芯联集成电路制造股份有限公司2027届校园招聘,项目管理工程师,2026-09-08 17:03:25,2026-09-23,绍兴,2026-09-23,19:30,21:00,【清】品学楼B109,硕士及以上,集成电路、微电子、电子信息、项目管理、材料、物理等理工类专业,,,https://smec.zhiye.com/campus/jobs,https://jiuye.uestc.edu.cn/career/recruitment/onsite/fxm3rjtq4b9d,verified,https://jiuye.uestc.edu.cn/career/recruitment/onsite,
4b73267bb55f8a3543cde1d848da88b3dff1e3ee08f91ad4305c6eb2dd9bcb19,2026-09-09 09:18:04,2026-09-09 09:18:04,现场招聘,中车株洲电力机车有限公司,中车株洲电力机车有限公司2027届校园招聘简章,未明确列出,2026-09-08 14:36:30,2026-09-28,湖南省:株洲市,2026-09-28,16:30,17:00,【清】立人楼B117,本科、硕士、博士,,,,https://crrc-zj.hotjob.cn/,https://jiuye.uestc.edu.cn/career/recruitment/onsite/fxlxeelouxa9,verified,https://jiuye.uestc.edu.cn/career/recruitment/onsite,
f7279c500354b47ef131a2f04056c27ad598985bc64bfcbbc2ba2b974b0955aa,2026-09-09 09:18:04,2026-09-09 09:18:04,现场招聘,中国船舶集团有限公司七五〇试验场,中国船舶集团有限公司湖海试验中心七五〇场2027届校园招聘公告,未明确列出,2026-09-07 17:01:17,2026-10-09,云南省:昆明市,2026-10-09,09:30,11:30,【清水河校区】学生活动中心220,硕士、博士,,,,,https://jiuye.uestc.edu.cn/career/recruitment/onsite/fxigzf92h69u,verified,https://jiuye.uestc.edu.cn/career/recruitment/onsite,
2ac604ebf519fe7ff52169450c6a35338419266064a75eb4e799612eec8ea568,2026-09-09 09:18:04,2026-09-09 09:18:04,现场招聘,北京平行线根源教育科技有限公司,三、招聘岗位:寻找未来的教育发光者,未明确列出,2026-09-06 13:06:53,2026-09-11,"河南省:郑州市,四川省:成都市,广东省:广州市,广东省:深圳市",2026-09-11,15:00,,,本科、硕士,,,,https://channels-aladin.wxqcloud.qq.com/aladin/html/fad8ecb3-d8ee-4e8f-8217-162a701abc26.html,https://jiuye.uestc.edu.cn/career/recruitment/aerial/fx3p7ae8eu4h,verified,https://jiuye.uestc.edu.cn/career/recruitment/aerial,
1d94c6d14f7af35a3b43b4df14e8232096b3c0e9fab9cb079e33f4723f0d6fa4,2026-09-09 09:18:04,2026-09-09 09:18:04,现场招聘,中研博硕2026年秋季全国博士、硕士研究生专场暨国防军工类专场巡回双选会——电子科技大学站,中研博硕2026年秋季全国博士、硕士研究生专场暨国防军工类专场巡回双选会——电子科技大学站,未明确列出,2026-08-31 11:17:31,2026-09-14,其他(具体查看招聘信息),2026-09-14,09:00,12:00,【清】学生活动中心一楼圆厅,本科、硕士、博士、博士后,,,,https://www.91boshuo.com/public/meetingDetail?hxid=2070064767831715842,https://jiuye.uestc.edu.cn/career/recruitment/group/fwsydi8zfvgh,verified,https://jiuye.uestc.edu.cn/career/recruitment/group,
c7f31477f8e3a95c6d746cf77aaec963c16e572f752f3368a81c4ec95332b4f5,2026-09-09 09:18:04,2026-09-09 09:18:04,需求信息,三星(中国)投资有限公司,邀你同行 共赴星途,未明确列出,2026-09-08 20:26:15,2026-09-08,其他(具体查看招聘信息),,,,,本科、硕士、博士后、博士,,2026-12-31 00:00:00,,https://dearsamsung.zhiye.com/,https://jiuye.uestc.edu.cn/career/recruitment/online/fxmtf8iwtji9,verified,https://jiuye.uestc.edu.cn/career/recruitment/online,
2556f21e4c60e73a79596b1f350389ca8f90fae0cea91ed809dd1430e6656d98,2026-09-09 09:18:04,2026-09-09 09:18:04,需求信息,顾家家居股份有限公司,顾家家居股份有限公司2027届校园招聘简章,未明确列出,2026-09-08 20:00:33,2026-09-08,浙江省:杭州市,,,,,本科、硕士、博士、博士后,,2027-07-01 00:00:00,,https://gw.kukahome.com/,https://jiuye.uestc.edu.cn/career/recruitment/online/fxmo8m5ru136,verified,https://jiuye.uestc.edu.cn/career/recruitment/online,
f575fc4dedbc47262de2cf97235705af653a71bace929f67e7558e1ac7e9c1ed,2026-09-09 09:18:04,2026-09-09 09:18:04,需求信息,广东高驰运动科技有限公司,高驰运动科技2027届校园招聘简章,硬件开发,2026-09-08 19:07:22,2026-09-08,广东省:东莞市,,,,,本科、硕士,,2026-11-30 00:00:00,,https://coros.com/cn/careers,https://jiuye.uestc.edu.cn/career/recruitment/online/fxhz7j6ehcld,verified,https://jiuye.uestc.edu.cn/career/recruitment/online,
2ddcfe8dcab034bbd1394ab82c222383f80b4ca010ec2592f763e6dccf1e3f4d,2026-09-09 09:18:04,2026-09-09 09:18:04,需求信息,广东高驰运动科技有限公司,高驰运动科技2027届校园招聘简章,语音算法,2026-09-08 19:07:22,2026-09-08,广东省:东莞市,,,,,本科、硕士,,2026-11-30 00:00:00,,https://coros.com/cn/careers,https://jiuye.uestc.edu.cn/career/recruitment/online/fxhz7j6ehcld,verified,https://jiuye.uestc.edu.cn/career/recruitment/online,
b4834020c88dd5407b9062cd2f93f7bdba03acca9eec281c6f14608dc583a661,2026-09-09 09:18:04,2026-09-09 09:18:04,需求信息,广东高驰运动科技有限公司,高驰运动科技2027届校园招聘简章,地图导航引擎类工程师,2026-09-08 19:07:22,2026-09-08,广东省:东莞市,,,,,本科、硕士,,2026-11-30 00:00:00,,https://coros.com/cn/careers,https://jiuye.uestc.edu.cn/career/recruitment/online/fxhz7j6ehcld,verified,https://jiuye.uestc.edu.cn/career/recruitment/online,
5c48f061535a0ff0804b0edba364e0089555c6bdec2b75a4209f6b7f7c361261,2026-09-09 09:18:04,2026-09-09 09:18:04,需求信息,广东高驰运动科技有限公司,高驰运动科技2027届校园招聘简章,嵌入式BSP、自动化工程师,2026-09-08 19:07:22,2026-09-08,广东省:东莞市,,,,,本科、硕士,,2026-11-30 00:00:00,,https://coros.com/cn/careers,https://jiuye.uestc.edu.cn/career/recruitment/online/fxhz7j6ehcld,verified,https://jiuye.uestc.edu.cn/career/recruitment/online,
e87c5c0c8071bfa9bedb49679c972f4ae945cd645fdd6c3c9ae9e419cb9f31d3,2026-09-09 09:18:04,2026-09-09 09:18:04,需求信息,广东高驰运动科技有限公司,高驰运动科技2027届校园招聘简章,结构设计,2026-09-08 19:07:22,2026-09-08,广东省:东莞市,,,,,本科、硕士,,2026-11-30 00:00:00,,https://coros.com/cn/careers,https://jiuye.uestc.edu.cn/career/recruitment/online/fxhz7j6ehcld,verified,https://jiuye.uestc.edu.cn/career/recruitment/online,
538f0c2ab3b82e91a4ef41c08a98c451b89a619a2870a322eb2bba706801e2d9,2026-09-09 09:18:04,2026-09-09 09:18:04,需求信息,广东高驰运动科技有限公司,高驰运动科技2027届校园招聘简章,硬件测试,2026-09-08 19:07:22,2026-09-08,广东省:东莞市,,,,,本科、硕士,,2026-11-30 00:00:00,,https://coros.com/cn/careers,https://jiuye.uestc.edu.cn/career/recruitment/online/fxhz7j6ehcld,verified,https://jiuye.uestc.edu.cn/career/recruitment/online,
d276210991396e020c19590b0f277e636766d68b29e4cf8d5d99654f3cbd84f3,2026-09-09 09:18:04,2026-09-09 09:18:04,需求信息,广东高驰运动科技有限公司,高驰运动科技2027届校园招聘简章,研发质量,2026-09-08 19:07:22,2026-09-08,广东省:东莞市,,,,,本科、硕士,,2026-11-30 00:00:00,,https://coros.com/cn/careers,https://jiuye.uestc.edu.cn/career/recruitment/online/fxhz7j6ehcld,verified,https://jiuye.uestc.edu.cn/career/recruitment/online,
970118f6ef1d34979165e5c4466c40a1843c0755ff67aa84ff2f32246715aebb,2026-09-09 09:18:04,2026-09-09 09:18:04,需求信息,广东高驰运动科技有限公司,高驰运动科技2027届校园招聘简章,软件开发工程师,2026-09-08 19:07:22,2026-09-08,广东省:东莞市,,,,,本科、硕士,,2026-11-30 00:00:00,,https://coros.com/cn/careers,https://jiuye.uestc.edu.cn/career/recruitment/online/fxhz7j6ehcld,verified,https://jiuye.uestc.edu.cn/career/recruitment/online,
2abbb4078bbce55449846a9ec4e00a833c7bb702ed0927dffa10932aa56630c2,2026-09-09 09:18:04,2026-09-09 09:18:04,需求信息,广东高驰运动科技有限公司,高驰运动科技2027届校园招聘简章,PE工程师,2026-09-08 19:07:22,2026-09-08,广东省:东莞市,,,,,本科、硕士,,2026-11-30 00:00:00,,https://coros.com/cn/careers,https://jiuye.uestc.edu.cn/career/recruitment/online/fxhz7j6ehcld,verified,https://jiuye.uestc.edu.cn/career/recruitment/online,
427cda0c309e99ec7020f5656c2153cccf3dc43c1cd09f6180ef29ddd73996e4,2026-09-09 09:18:04,2026-09-09 09:18:04,需求信息,广东高驰运动科技有限公司,高驰运动科技2027届校园招聘简章,NPI工程师,2026-09-08 19:07:22,2026-09-08,广东省:东莞市,,,,,本科、硕士,,2026-11-30 00:00:00,,https://coros.com/cn/careers,https://jiuye.uestc.edu.cn/career/recruitment/online/fxhz7j6ehcld,verified,https://jiuye.uestc.edu.cn/career/recruitment/online,
4e3718284e0ff3f8ad4bf9aadd87c095d47bc7343bd85aab6d5ce9b27af5dd42,2026-09-09 09:18:04,2026-09-09 09:18:04,需求信息,广东高驰运动科技有限公司,高驰运动科技2027届校园招聘简章,供应商质量工程师,2026-09-08 19:07:22,2026-09-08,广东省:东莞市,,,,,本科、硕士,,2026-11-30 00:00:00,,https://coros.com/cn/careers,https://jiuye.uestc.edu.cn/career/recruitment/online/fxhz7j6ehcld,verified,https://jiuye.uestc.edu.cn/career/recruitment/online,
b489832213edd05679e79643b553dacf128378b127b85457bcf9de4bab3d3417,2026-09-09 09:18:04,2026-09-09 09:18:04,需求信息,广东高驰运动科技有限公司,高驰运动科技2027届校园招聘简章,亚洲/欧美市场管培生,2026-09-08 19:07:22,2026-09-08,广东省:东莞市,,,,,本科、硕士,,2026-11-30 00:00:00,,https://coros.com/cn/careers,https://jiuye.uestc.edu.cn/career/recruitment/online/fxhz7j6ehcld,verified,https://jiuye.uestc.edu.cn/career/recruitment/online,
40c7aa8b3ea023305e9a89c42b041252999b842fd6c6a3a1356861fd5b726868,2026-09-09 09:18:04,2026-09-09 09:18:04,需求信息,广东高驰运动科技有限公司,高驰运动科技2027届校园招聘简章,财务BP、采购、设计、软件测试类,2026-09-08 19:07:22,2026-09-08,广东省:东莞市,,,,,本科、硕士,,2026-11-30 00:00:00,,https://coros.com/cn/careers,https://jiuye.uestc.edu.cn/career/recruitment/online/fxhz7j6ehcld,verified,https://jiuye.uestc.edu.cn/career/recruitment/online,
602d02aeebbb83abac232e8d9b85d2587535e1b2902f225db9757b224b6bb444,2026-09-09 09:18:04,2026-09-09 09:18:04,需求信息,北京卓镭激光技术股份有限公司,卓镭激光2027届校园招聘,销售工程师,2026-09-08 19:05:47,2026-09-08,"北京市:顺义区,陕西省:西安市,广东省:深圳市",,,,,硕士,光学、光学工程、物理学、电子科学与技术等相关专业,2027-07-31 13:50:05,,,https://jiuye.uestc.edu.cn/career/recruitment/online/fxlwv3hl2o76,verified,https://jiuye.uestc.edu.cn/career/recruitment/online,
c33b2cabd5e873b13bb2dac0402344e055efa9e2c22995e5f2b31ebbe1d9deaa,2026-09-09 09:18:04,2026-09-09 09:18:04,需求信息,北京卓镭激光技术股份有限公司,卓镭激光2027届校园招聘,激光工程师,2026-09-08 19:05:47,2026-09-08,"北京市:顺义区,陕西省:西安市,广东省:深圳市",,,,,硕士/博士,光学、光学工程、物理学、电子科学与技术等相关专业,2027-07-31 13:50:05,,,https://jiuye.uestc.edu.cn/career/recruitment/online/fxlwv3hl2o76,verified,https://jiuye.uestc.edu.cn/career/recruitment/online,
f4276e18e7227bfe72abf8562369e527be37c0452e29558d06d664a5e7731807,2026-09-09 09:18:04,2026-09-09 09:18:04,需求信息,北京卓镭激光技术股份有限公司,卓镭激光2027届校园招聘,结构工程师,2026-09-08 19:05:47,2026-09-08,"北京市:顺义区,陕西省:西安市,广东省:深圳市",,,,,硕士,机械工程、机械设计制造及其自动化等专业,2027-07-31 13:50:05,,,https://jiuye.uestc.edu.cn/career/recruitment/online/fxlwv3hl2o76,verified,https://jiuye.uestc.edu.cn/career/recruitment/online,
be5e158b0a154d4ff51d7e15b827a5c609908b99717a689a502a84d5a1b5faa8,2026-09-09 09:18:04,2026-09-09 09:18:04,需求信息,北京卓镭激光技术股份有限公司,卓镭激光2027届校园招聘,硬件工程师,2026-09-08 19:05:47,2026-09-08,"北京市:顺义区,陕西省:西安市,广东省:深圳市",,,,,硕士,电子、微电子、自动化、光电信息等专业,2027-07-31 13:50:05,,,https://jiuye.uestc.edu.cn/career/recruitment/online/fxlwv3hl2o76,verified,https://jiuye.uestc.edu.cn/career/recruitment/online,
0f7bb8fa8455eb6997bd50bb1ef855b7b3521b8791a27bb93768fde512e6a5df,2026-09-09 09:18:04,2026-09-09 09:18:04,需求信息,北京卓镭激光技术股份有限公司,卓镭激光2027届校园招聘,软件工程师,2026-09-08 19:05:47,2026-09-08,"北京市:顺义区,陕西省:西安市,广东省:深圳市",,,,,硕士,通信、电子、计算机类等专业,2027-07-31 13:50:05,,,https://jiuye.uestc.edu.cn/career/recruitment/online/fxlwv3hl2o76,verified,https://jiuye.uestc.edu.cn/career/recruitment/online,
fa49befc1df5c7d4b60430d57072531fa1213120309f91bfbfe4bd3351815979,2026-09-09 09:18:04,2026-09-09 09:18:04,需求信息,北京卓镭激光技术股份有限公司,卓镭激光2027届校园招聘,技术支持工程师,2026-09-08 19:05:47,2026-09-08,"北京市:顺义区,陕西省:西安市,广东省:深圳市",,,,,本科/硕士,光学、光学工程、物理学、电子科学与技术等相关专业,2027-07-31 13:50:05,,,https://jiuye.uestc.edu.cn/career/recruitment/online/fxlwv3hl2o76,verified,https://jiuye.uestc.edu.cn/career/recruitment/online,
1594ad9733ff188044c69be853cb070f4d70c8e558e0a3672bd9808248a1e446,2026-09-09 09:18:04,2026-09-09 09:18:04,需求信息,北京卓镭激光技术股份有限公司,卓镭激光2027届校园招聘,激光生产,2026-09-08 19:05:47,2026-09-08,"北京市:顺义区,陕西省:西安市,广东省:深圳市",,,,,本科,光电信息科学与工程、电子科学与技术等理工类专业,2027-07-31 13:50:05,,,https://jiuye.uestc.edu.cn/career/recruitment/online/fxlwv3hl2o76,verified,https://jiuye.uestc.edu.cn/career/recruitment/online,
85559d71d930dd1b30a2675b71ba1a1fe50ae018f9b7fcd30f24d74a4b411e7b,2026-09-09 09:18:04,2026-09-09 09:18:04,需求信息,北京卓镭激光技术股份有限公司,卓镭激光2027届校园招聘,机电技术,2026-09-08 19:05:47,2026-09-08,"北京市:顺义区,陕西省:西安市,广东省:深圳市",,,,,本科,电子科学与技术、电气工程及其自动化等理工类专业,2027-07-31 13:50:05,,,https://jiuye.uestc.edu.cn/career/recruitment/online/fxlwv3hl2o76,verified,https://jiuye.uestc.edu.cn/career/recruitment/online,
f1cd6394c891f7d0651d24c14d87c8c8f326f2a735c36327a2f420da98482444,2026-09-09 09:18:04,2026-09-09 09:18:04,需求信息,天健会计师事务所(特殊普通合伙)四川分所,,财务审计(2027校招),2026-09-08 18:57:51,2026-09-08,四川省:成都市,,,,,本科、硕士,,2027-04-30 00:00:00,,,https://jiuye.uestc.edu.cn/career/recruitment/online/fxly4li2jfnm,verified,https://jiuye.uestc.edu.cn/career/recruitment/online,
c15406487c69f939af287dafff9914a772d0d5eca83c2859e76919e7dabfff50,2026-09-09 09:18:04,2026-09-09 09:18:04,需求信息,北京趣加科技有限公司,【2027届校招FunPlus官方交流群】 群号:1084473460,未明确列出,2026-09-08 18:41:12,2026-09-08,北京市:朝阳区,,,,,本科、硕士、博士,,2026-11-30 00:00:00,,https://campus.funplus.com.cn/,https://jiuye.uestc.edu.cn/career/recruitment/online/fxly5l5wcphe,verified,https://jiuye.uestc.edu.cn/career/recruitment/online,
98a6b60081b337b7e7804313de94d8f95dcff5d6e7fdfc08b32fe04bd5b9247b,2026-09-09 09:18:04,2026-09-09 09:18:04,需求信息,申能(集团)有限公司,申能集团2027届校园招聘简章,设备点检、处理厂生产运行,2026-09-08 18:37:36,2026-09-08,上海市:闵行区,,,,,硕士,能源动力类、电气类、自动化类、化工类、矿业类、油气储运等相关专业,2027-08-31 17:57:39,,https://shenergy.zhiye.com/custom/campus?hideMenu=1,https://jiuye.uestc.edu.cn/career/recruitment/online/fxmhwh86gtmq,verified,https://jiuye.uestc.edu.cn/career/recruitment/online,
865c90a502ace60222ddedc795f56c0901b86c72b5af3138eed8bd0a8f9ef0a1,2026-09-09 09:18:04,2026-09-09 09:18:04,需求信息,申能(集团)有限公司,申能集团2027届校园招聘简章,电力交易,2026-09-08 18:37:36,2026-09-08,上海市:闵行区,,,,,硕士,数学类、计算机类、统计学类、工商管理类相关专业,2027-08-31 17:57:39,,https://shenergy.zhiye.com/custom/campus?hideMenu=1,https://jiuye.uestc.edu.cn/career/recruitment/online/fxmhwh86gtmq,verified,https://jiuye.uestc.edu.cn/career/recruitment/online,
ff05e0fbe3b7ad0acaa33d3031888ed3eb57240942430a7400691c169b8d0d81,2026-09-09 09:18:04,2026-09-09 09:18:04,需求信息,申能(集团)有限公司,申能集团2027届校园招聘简章,集控巡操,2026-09-08 18:37:36,2026-09-08,上海市:闵行区,,,,,本科、硕士,能源动力类、电气类、自动化类、机械类、化学类等理工科相关专业,2027-08-31 17:57:39,,https://shenergy.zhiye.com/custom/campus?hideMenu=1,https://jiuye.uestc.edu.cn/career/recruitment/online/fxmhwh86gtmq,verified,https://jiuye.uestc.edu.cn/career/recruitment/online,
ab979af8bde8acf9668318bbf7274705d12e337a1442d3eb78d31926953e5c22,2026-09-09 09:18:04,2026-09-09 09:18:04,需求信息,申能(集团)有限公司,申能集团2027届校园招聘简章,工程管理,2026-09-08 18:37:36,2026-09-08,上海市:闵行区,,,,,本科、硕士,能源动力类、电气类、自动化类、机械类、化学类等理工科相关专业,2027-08-31 17:57:39,,https://shenergy.zhiye.com/custom/campus?hideMenu=1,https://jiuye.uestc.edu.cn/career/recruitment/online/fxmhwh86gtmq,verified,https://jiuye.uestc.edu.cn/career/recruitment/online,
c0052e0bd114698d4014c6d6a1d651c5c64d3c9dd29f53f043002feffc427ba1,2026-09-09 09:18:04,2026-09-09 09:18:04,需求信息,申能(集团)有限公司,申能集团2027届校园招聘简章,运维管理,2026-09-08 18:37:36,2026-09-08,上海市:闵行区,,,,,本科、硕士,能源动力类、电气类、自动化类、机械类、化学类等理工科相关专业,2027-08-31 17:57:39,,https://shenergy.zhiye.com/custom/campus?hideMenu=1,https://jiuye.uestc.edu.cn/career/recruitment/online/fxmhwh86gtmq,verified,https://jiuye.uestc.edu.cn/career/recruitment/online,
1c09edc3c3617eff6d1b1880ca3913c5fedd64b536d4de7f513440d476df31a1,2026-09-09 09:18:04,2026-09-09 09:18:04,需求信息,申能(集团)有限公司,申能集团2027届校园招聘简章,计划管理,2026-09-08 18:37:36,2026-09-08,上海市:闵行区,,,,,本科、硕士,能源动力类、电气类、自动化类、机械类、化学类等理工科相关专业,2027-08-31 17:57:39,,https://shenergy.zhiye.com/custom/campus?hideMenu=1,https://jiuye.uestc.edu.cn/career/recruitment/online/fxmhwh86gtmq,verified,https://jiuye.uestc.edu.cn/career/recruitment/online,
78e4c9ceb6d55dba168bb0846cc2469912a15969837be64ad43314e5754cbb65,2026-09-09 09:18:04,2026-09-09 09:18:04,需求信息,申能(集团)有限公司,申能集团2027届校园招聘简章,调运管理,2026-09-08 18:37:36,2026-09-08,上海市:闵行区,,,,,本科、硕士,能源动力类、电气类、自动化类、机械类、化学类等理工科相关专业,2027-08-31 17:57:39,,https://shenergy.zhiye.com/custom/campus?hideMenu=1,https://jiuye.uestc.edu.cn/career/recruitment/online/fxmhwh86gtmq,verified,https://jiuye.uestc.edu.cn/career/recruitment/online,
8114fe171bdaa25d8730e6618e20971fcc0d85ae6fcfa7b83470ae5dcf7c8311,2026-09-09 09:18:04,2026-09-09 09:18:04,需求信息,申能(集团)有限公司,申能集团2027届校园招聘简章,质量管理,2026-09-08 18:37:36,2026-09-08,上海市:闵行区,,,,,本科、硕士,能源动力类、电气类、自动化类、机械类、化学类等理工科相关专业,2027-08-31 17:57:39,,https://shenergy.zhiye.com/custom/campus?hideMenu=1,https://jiuye.uestc.edu.cn/career/recruitment/online/fxmhwh86gtmq,verified,https://jiuye.uestc.edu.cn/career/recruitment/online,
c532eaf049313df2bf3c711741e25f5cbf55bf592cd6a38ce74240e20611e8df,2026-09-09 09:18:04,2026-09-09 09:18:04,需求信息,申能(集团)有限公司,申能集团2027届校园招聘简章,管培生,2026-09-08 18:37:36,2026-09-08,上海市:闵行区,,,,,硕士,理工类、电子信息类、财务管理、人力资源管理相关专业,2027-08-31 17:57:39,,https://shenergy.zhiye.com/custom/campus?hideMenu=1,https://jiuye.uestc.edu.cn/career/recruitment/online/fxmhwh86gtmq,verified,https://jiuye.uestc.edu.cn/career/recruitment/online,
3ee1fb0e02ae408099c211ab6da090da05cc9eeaa1c5f8d779e9baec69f78721,2026-09-09 09:18:04,2026-09-09 09:18:04,需求信息,申能(集团)有限公司,申能集团2027届校园招聘简章,储备人才,2026-09-08 18:37:36,2026-09-08,上海市:闵行区,,,,,硕士,化学工程与工艺、机械与动力工程相关专业,2027-08-31 17:57:39,,https://shenergy.zhiye.com/custom/campus?hideMenu=1,https://jiuye.uestc.edu.cn/career/recruitment/online/fxmhwh86gtmq,verified,https://jiuye.uestc.edu.cn/career/recruitment/online,
11c1f844cc38d3f05dbddad929181efb3f4d0b5b3ac56d5bbfa891c651f0050f,2026-09-09 09:18:04,2026-09-09 09:18:04,需求信息,申能(集团)有限公司,申能集团2027届校园招聘简章,安全督查,2026-09-08 18:37:36,2026-09-08,上海市:闵行区,,,,,本科、硕士,能源动力类、电气类、自动化类、机械类、安全科学与工程类、油气储运等理工科相关专业,2027-08-31 17:57:39,,https://shenergy.zhiye.com/custom/campus?hideMenu=1,https://jiuye.uestc.edu.cn/career/recruitment/online/fxmhwh86gtmq,verified,https://jiuye.uestc.edu.cn/career/recruitment/online,
2c0265e3c54581eca80bacc83217e5cf659c21194d5a1b0961d13064e964fd76,2026-09-09 09:18:04,2026-09-09 09:18:04,需求信息,申能(集团)有限公司,申能集团2027届校园招聘简章,中压巡检员,2026-09-08 18:37:36,2026-09-08,上海市:闵行区,,,,,本科、硕士,能源动力类、电气类、自动化类、机械类、安全科学与工程类、油气储运等理工科相关专业,2027-08-31 17:57:39,,https://shenergy.zhiye.com/custom/campus?hideMenu=1,https://jiuye.uestc.edu.cn/career/recruitment/online/fxmhwh86gtmq,verified,https://jiuye.uestc.edu.cn/career/recruitment/online,
de6397e155568c84d567cdb6507f21792a9821171fbf7e35e67e763e46e03256,2026-09-09 09:18:04,2026-09-09 09:18:04,需求信息,申能(集团)有限公司,申能集团2027届校园招聘简章,电气管理,2026-09-08 18:37:36,2026-09-08,上海市:闵行区,,,,,本科、硕士,能源动力类、电气类、自动化类、机械类、安全科学与工程类、油气储运等理工科相关专业,2027-08-31 17:57:39,,https://shenergy.zhiye.com/custom/campus?hideMenu=1,https://jiuye.uestc.edu.cn/career/recruitment/online/fxmhwh86gtmq,verified,https://jiuye.uestc.edu.cn/career/recruitment/online,
f2877554a3df12bc922679b512cd64f2690a845d381edcf0bceb91ab37485795,2026-09-09 09:18:04,2026-09-09 09:18:04,需求信息,申能(集团)有限公司,申能集团2027届校园招聘简章,安装维修,2026-09-08 18:37:36,2026-09-08,上海市:闵行区,,,,,本科、硕士,能源动力类、电气类、自动化类、机械类、安全科学与工程类、油气储运等理工科相关专业,2027-08-31 17:57:39,,https://shenergy.zhiye.com/custom/campus?hideMenu=1,https://jiuye.uestc.edu.cn/career/recruitment/online/fxmhwh86gtmq,verified,https://jiuye.uestc.edu.cn/career/recruitment/online,
827bd0f6e5561dd6b08d9741b686c6a4fb3e5f6956db12b221277106883a1e74,2026-09-09 09:18:04,2026-09-09 09:18:04,需求信息,申能(集团)有限公司,申能集团2027届校园招聘简章,操作工,2026-09-08 18:37:36,2026-09-08,上海市:闵行区,,,,,本科、硕士,能源动力类、电气类、自动化类、机械类、安全科学与工程类、油气储运等理工科相关专业,2027-08-31 17:57:39,,https://shenergy.zhiye.com/custom/campus?hideMenu=1,https://jiuye.uestc.edu.cn/career/recruitment/online/fxmhwh86gtmq,verified,https://jiuye.uestc.edu.cn/career/recruitment/online,
a0932df7faec8d4de5b47fe3a1fd13eb09c87c192b575281767aa224ac865a17,2026-09-09 09:18:04,2026-09-09 09:18:04,需求信息,申能(集团)有限公司,申能集团2027届校园招聘简章,输配管理,2026-09-08 18:37:36,2026-09-08,上海市:闵行区,,,,,本科、硕士,能源动力类、电气类、自动化类、机械类、安全科学与工程类、油气储运等理工科相关专业,2027-08-31 17:57:39,,https://shenergy.zhiye.com/custom/campus?hideMenu=1,https://jiuye.uestc.edu.cn/career/recruitment/online/fxmhwh86gtmq,verified,https://jiuye.uestc.edu.cn/career/recruitment/online,
848ad7d6bb4738f50ac477fb2483ad0c7f5d601a0f422664493887d76d9901c3,2026-09-09 09:18:04,2026-09-09 09:18:04,需求信息,申能(集团)有限公司,申能集团2027届校园招聘简章,检修员,2026-09-08 18:37:36,2026-09-08,上海市:闵行区,,,,,本科、硕士,能源动力类、电气类、自动化类、机械类、安全科学与工程类、油气储运等理工科相关专业,2027-08-31 17:57:39,,https://shenergy.zhiye.com/custom/campus?hideMenu=1,https://jiuye.uestc.edu.cn/career/recruitment/online/fxmhwh86gtmq,verified,https://jiuye.uestc.edu.cn/career/recruitment/online,
9e8ca25f1de16d0bc4153c81a180ebc8ac0544d2bae1a0de7ac947d73b86f6f8,2026-09-09 09:18:04,2026-09-09 09:18:04,需求信息,申能(集团)有限公司,申能集团2027届校园招聘简章,抢险维修工,2026-09-08 18:37:36,2026-09-08,上海市:闵行区,,,,,本科、硕士,能源动力类、电气类、自动化类、机械类、安全科学与工程类、油气储运等理工科相关专业,2027-08-31 17:57:39,,https://shenergy.zhiye.com/custom/campus?hideMenu=1,https://jiuye.uestc.edu.cn/career/recruitment/online/fxmhwh86gtmq,verified,https://jiuye.uestc.edu.cn/career/recruitment/online,
c32de7e7913ba8e9d66786a7cf3f370bca62b24b906fd71c176ab6641fae03fa,2026-09-09 09:18:04,2026-09-09 09:18:04,需求信息,申能(集团)有限公司,申能集团2027届校园招聘简章,会计核算岗,2026-09-08 18:37:36,2026-09-08,上海市:闵行区,,,,,本科、硕士,会计、审计类相关专业,2027-08-31 17:57:39,,https://shenergy.zhiye.com/custom/campus?hideMenu=1,https://jiuye.uestc.edu.cn/career/recruitment/online/fxmhwh86gtmq,verified,https://jiuye.uestc.edu.cn/career/recruitment/online,
703a57eee94665d6389f490c27b4e0378e8dac87e2622709c955e9528dfd9e7d,2026-09-09 09:18:04,2026-09-09 09:18:04,需求信息,申能(集团)有限公司,申能集团2027届校园招聘简章,总公司管培生(个人客户方向、团体客户方向、战略企划方向、精算、财务方向),2026-09-08 18:37:36,2026-09-08,上海市:闵行区,,,,,硕士,精算、数学、统计、保险、会计学、财务管理、税务、经济学类、财政学类、金融学类、经济与贸易类等相关专业,2027-08-31 17:57:39,,https://shenergy.zhiye.com/custom/campus?hideMenu=1,https://jiuye.uestc.edu.cn/career/recruitment/online/fxmhwh86gtmq,verified,https://jiuye.uestc.edu.cn/career/recruitment/online,
a69a4ef1e9da906053f931d260c09620f86bc3126b9cebf65ce66322a029a59d,2026-09-09 09:18:04,2026-09-09 09:18:04,需求信息,申能(集团)有限公司,申能集团2027届校园招聘简章,总公司管培生(运营方向),2026-09-08 18:37:36,2026-09-08,上海市:闵行区,,,,,硕士,法学类、力学类、机械类、能源动力类、土木类、临床医学类、法医学类等相关专业,2027-08-31 17:57:39,,https://shenergy.zhiye.com/custom/campus?hideMenu=1,https://jiuye.uestc.edu.cn/career/recruitment/online/fxmhwh86gtmq,verified,https://jiuye.uestc.edu.cn/career/recruitment/online,
08d66c74202023195ff3607b2a50db611b19efbcc8d674a0a8402dc34c3e4484,2026-09-09 09:18:04,2026-09-09 09:18:04,需求信息,申能(集团)有限公司,申能集团2027届校园招聘简章,总公司管培生(科创方向),2026-09-08 18:37:36,2026-09-08,上海市:闵行区,,,,,硕士,计算机科学与技术、软件工程、电子信息、信息安全、人工智能、通信工程、数据科学、大数据、数学、统计、经济等相关专业,2027-08-31 17:57:39,,https://shenergy.zhiye.com/custom/campus?hideMenu=1,https://jiuye.uestc.edu.cn/career/recruitment/online/fxmhwh86gtmq,verified,https://jiuye.uestc.edu.cn/career/recruitment/online,
32c4c90f7e26ac866d5077451f556f445179dd987f641df3d7c5b00ebea97e98,2026-09-09 09:18:04,2026-09-09 09:18:04,需求信息,申能(集团)有限公司,申能集团2027届校园招聘简章,总公司管培生(法律方向、党务纪检方向、人力资源方向、行政方向),2026-09-08 18:37:36,2026-09-08,上海市:闵行区,,,,,硕士,马克思主义理论、政治学、法律、法学、审计、人力资源管理、公共管理、行政管理、工商管理、社会学、汉语言文学、新闻传播学、经济、保险、金融等相关专业,2027-08-31 17:57:39,,https://shenergy.zhiye.com/custom/campus?hideMenu=1,https://jiuye.uestc.edu.cn/career/recruitment/online/fxmhwh86gtmq,verified,https://jiuye.uestc.edu.cn/career/recruitment/online,
5bd54183c715a02ceff987e7ea2f5a11e41ba3fedbcc24ad7d93be23fbd8a443,2026-09-09 09:18:04,2026-09-09 09:18:04,需求信息,申能(集团)有限公司,申能集团2027届校园招聘简章,分公司管培生(业务发展方向、综合管理方向),2026-09-08 18:37:36,2026-09-08,上海市:闵行区,,,,,本科、硕士,能源、电力、化工、材料、计算机、数据科学、精算、数学、统计、保险、车辆工程、汽车电子、机械类、土木工程、金融、经济、管理等相关专业,2027-08-31 17:57:39,,https://shenergy.zhiye.com/custom/campus?hideMenu=1,https://jiuye.uestc.edu.cn/career/recruitment/online/fxmhwh86gtmq,verified,https://jiuye.uestc.edu.cn/career/recruitment/online,
abfeb40da424776cb2da7b4e76660511d64b6f786ee37a628ab609843ab84977,2026-09-09 09:18:04,2026-09-09 09:18:04,需求信息,申能(集团)有限公司,申能集团2027届校园招聘简章,研发工程师(全国重点实验室),2026-09-08 18:37:36,2026-09-08,上海市:闵行区,,,,,硕士、博士,材料、力学、电气绝缘、电线电缆、通信等相关专业,2027-08-31 17:57:39,,https://shenergy.zhiye.com/custom/campus?hideMenu=1,https://jiuye.uestc.edu.cn/career/recruitment/online/fxmhwh86gtmq,verified,https://jiuye.uestc.edu.cn/career/recruitment/online,
8d85ea20294611a55f3bba632bee8163d93765a05f516f4b254d97b43519edc2,2026-09-09 09:18:04,2026-09-09 09:18:04,需求信息,申能(集团)有限公司,申能集团2027届校园招聘简章,研发工程师,2026-09-08 18:37:36,2026-09-08,上海市:闵行区,,,,,硕士,电气、金属材料、材料加工及成型、无机材料及成型、电气工程及其自动化等相关专业,2027-08-31 17:57:39,,https://shenergy.zhiye.com/custom/campus?hideMenu=1,https://jiuye.uestc.edu.cn/career/recruitment/online/fxmhwh86gtmq,verified,https://jiuye.uestc.edu.cn/career/recruitment/online,
f9a25d92bcace3e229dd7d5223d598d7439db338d4a2b8eb1cd06cfaf30d08bc,2026-09-09 09:18:04,2026-09-09 09:18:04,需求信息,申能(集团)有限公司,申能集团2027届校园招聘简章,项目研发工程师,2026-09-08 18:37:36,2026-09-08,上海市:闵行区,,,,,硕士,电气、金属材料、材料加工及成型、无机材料及成型、电气工程及其自动化等相关专业,2027-08-31 17:57:39,,https://shenergy.zhiye.com/custom/campus?hideMenu=1,https://jiuye.uestc.edu.cn/career/recruitment/online/fxmhwh86gtmq,verified,https://jiuye.uestc.edu.cn/career/recruitment/online,
f12ef1b93c3d52fa46735016ac512395573e43e74de3c8ab896d96c43a1156b0,2026-09-09 09:18:04,2026-09-09 09:18:04,需求信息,申能(集团)有限公司,申能集团2027届校园招聘简章,检测员、采样员,2026-09-08 18:37:36,2026-09-08,上海市:闵行区,,,,,本科、硕士,环境科学与工程类、化学类、生物科学类、能源动力类、化工与制药类等相关专业,2027-08-31 17:57:39,,https://shenergy.zhiye.com/custom/campus?hideMenu=1,https://jiuye.uestc.edu.cn/career/recruitment/online/fxmhwh86gtmq,verified,https://jiuye.uestc.edu.cn/career/recruitment/online,
8836c47e621043e42c6eb69187eae2cc6bdacf5d68120e45a05574fc4ea7c50e,2026-09-09 09:18:04,2026-09-09 09:18:04,需求信息,申能(集团)有限公司,申能集团2027届校园招聘简章,技术研发工程师(密封胶方向),2026-09-08 18:37:36,2026-09-08,上海市:闵行区,,,,,本科、硕士,高分子材料、化学工程、材料科学与工程、金属材料工程、材料成型及控制工程等相关专业,2027-08-31 17:57:39,,https://shenergy.zhiye.com/custom/campus?hideMenu=1,https://jiuye.uestc.edu.cn/career/recruitment/online/fxmhwh86gtmq,verified,https://jiuye.uestc.edu.cn/career/recruitment/online,
b4c2d867f9d13c08a17ce8dc566eebeccbb2541809ab84bda2b6a710d9100b54,2026-09-09 09:18:04,2026-09-09 09:18:04,需求信息,申能(集团)有限公司,申能集团2027届校园招聘简章,导体工艺工程师,2026-09-08 18:37:36,2026-09-08,上海市:闵行区,,,,,本科、硕士,高分子材料、化学工程、材料科学与工程、金属材料工程、材料成型及控制工程等相关专业,2027-08-31 17:57:39,,https://shenergy.zhiye.com/custom/campus?hideMenu=1,https://jiuye.uestc.edu.cn/career/recruitment/online/fxmhwh86gtmq,verified,https://jiuye.uestc.edu.cn/career/recruitment/online,
61e59b873dfd42c101121f118e036e3aa9661cc8ccaa2c196e39e76b70b3db97,2026-09-09 09:18:04,2026-09-09 09:18:04,需求信息,申能(集团)有限公司,申能集团2027届校园招聘简章,技术研发工程师(连接器方向),2026-09-08 18:37:36,2026-09-08,上海市:闵行区,,,,,本科、硕士,机械设计、电子工程、材料科学、金属、电气、通信等相关专业,2027-08-31 17:57:39,,https://shenergy.zhiye.com/custom/campus?hideMenu=1,https://jiuye.uestc.edu.cn/career/recruitment/online/fxmhwh86gtmq,verified,https://jiuye.uestc.edu.cn/career/recruitment/online,
7bc0ef95cba80fd59616aec7964a437cf95fa43dabfe01afff9791e19f2d782f,2026-09-09 09:18:04,2026-09-09 09:18:04,需求信息,申能(集团)有限公司,申能集团2027届校园招聘简章,项目工程师,2026-09-08 18:37:36,2026-09-08,上海市:闵行区,,,,,本科、硕士,机械设计、电子工程、材料科学、金属、电气、通信等相关专业,2027-08-31 17:57:39,,https://shenergy.zhiye.com/custom/campus?hideMenu=1,https://jiuye.uestc.edu.cn/career/recruitment/online/fxmhwh86gtmq,verified,https://jiuye.uestc.edu.cn/career/recruitment/online,
91908b9975272604308dcb08b0f678a018a98f1513404db741ca903861a0c402,2026-09-09 09:18:04,2026-09-09 09:18:04,需求信息,申能(集团)有限公司,申能集团2027届校园招聘简章,标准化专员,2026-09-08 18:37:36,2026-09-08,上海市:闵行区,,,,,本科、硕士,标准化工程、材料类、机械类、电气类相关专业,2027-08-31 17:57:39,,https://shenergy.zhiye.com/custom/campus?hideMenu=1,https://jiuye.uestc.edu.cn/career/recruitment/online/fxmhwh86gtmq,verified,https://jiuye.uestc.edu.cn/career/recruitment/online,
23a2373dfaf2c8ea2602070797528a7734e04ea71aa0ca06142fcd83821d5123,2026-09-09 09:18:04,2026-09-09 09:18:04,需求信息,申能(集团)有限公司,申能集团2027届校园招聘简章,试验技术工程师,2026-09-08 18:37:36,2026-09-08,上海市:闵行区,,,,,本科、硕士,电线电缆、电气工程、电子信息工程、智能电网信息工程、大功率半导体科学与工程、测控技术与仪器、材料类专业,2027-08-31 17:57:39,,https://shenergy.zhiye.com/custom/campus?hideMenu=1,https://jiuye.uestc.edu.cn/career/recruitment/online/fxmhwh86gtmq,verified,https://jiuye.uestc.edu.cn/career/recruitment/online,
85d6c4220b59a0c640fc750c23e18c386b4acfd3b3f24093e95ec8f97dfac98b,2026-09-09 09:18:04,2026-09-09 09:18:04,需求信息,申能(集团)有限公司,申能集团2027届校园招聘简章,电力电子测试工程师,2026-09-08 18:37:36,2026-09-08,上海市:闵行区,,,,,本科、硕士,电线电缆、电气工程、电子信息工程、智能电网信息工程、大功率半导体科学与工程、测控技术与仪器、材料类专业,2027-08-31 17:57:39,,https://shenergy.zhiye.com/custom/campus?hideMenu=1,https://jiuye.uestc.edu.cn/career/recruitment/online/fxmhwh86gtmq,verified,https://jiuye.uestc.edu.cn/career/recruitment/online,
cd938a46ef81f2ff099d1394370385f3be20237ae0fdfac5a27fec8c49b164b6,2026-09-09 09:18:04,2026-09-09 09:18:04,需求信息,申能(集团)有限公司,申能集团2027届校园招聘简章,机械检修、生产运行,2026-09-08 18:37:36,2026-09-08,上海市:闵行区,,,,,本科、硕士,过程装备与控制工程、机械类、能源与动力工程、化学工程与工艺、油气储运、电气工程及其自动化等相关专业,2027-08-31 17:57:39,,https://shenergy.zhiye.com/custom/campus?hideMenu=1,https://jiuye.uestc.edu.cn/career/recruitment/online/fxmhwh86gtmq,verified,https://jiuye.uestc.edu.cn/career/recruitment/online,
eb54f72b02c0e6c0a2daeb9832d3d75b96854a849eabe1f1996a4f0b9000a21f,2026-09-09 09:18:04,2026-09-09 09:18:04,需求信息,申能(集团)有限公司,申能集团2027届校园招聘简章,新兴能源投资管理,2026-09-08 18:37:36,2026-09-08,上海市:闵行区,,,,,硕士,机械类、材料类、能源动力类、电气类、化工与制药类等相关专业,2027-08-31 17:57:39,,https://shenergy.zhiye.com/custom/campus?hideMenu=1,https://jiuye.uestc.edu.cn/career/recruitment/online/fxmhwh86gtmq,verified,https://jiuye.uestc.edu.cn/career/recruitment/online,
97b1d4a6d77e91f2eaab46c15b3530a872b9326243b1d43f3b1ac015b8965b6e,2026-09-09 09:18:04,2026-09-09 09:18:04,需求信息,申能(集团)有限公司,申能集团2027届校园招聘简章,不动产运营管理,2026-09-08 18:37:36,2026-09-08,上海市:闵行区,,,,,硕士,房地产经营管理、工程管理、建筑学、土木工程、城市规划等相关专业,2027-08-31 17:57:39,,https://shenergy.zhiye.com/custom/campus?hideMenu=1,https://jiuye.uestc.edu.cn/career/recruitment/online/fxmhwh86gtmq,verified,https://jiuye.uestc.edu.cn/career/recruitment/online,
54952b844549ef403538e75608695c5e5a57af4b3fd412583516ef06b25ea4f6,2026-09-09 09:18:04,2026-09-09 09:18:04,需求信息,申能(集团)有限公司,申能集团2027届校园招聘简章,信息技术研发,2026-09-08 18:37:36,2026-09-08,上海市:闵行区,,,,,硕士,计算机、软件、人工智能、网络安全等相关专业,2027-08-31 17:57:39,,https://shenergy.zhiye.com/custom/campus?hideMenu=1,https://jiuye.uestc.edu.cn/career/recruitment/online/fxmhwh86gtmq,verified,https://jiuye.uestc.edu.cn/career/recruitment/online,
f652202720230413c80cb671cda580588e6f2a08d51d2c89fdac707541898d0a,2026-09-09 09:18:04,2026-09-09 09:18:04,需求信息,申能(集团)有限公司,申能集团2027届校园招聘简章,设计员、车间班组管理,2026-09-08 18:37:36,2026-09-08,上海市:闵行区,,,,,本科、硕士,过程装备及控制工程、机械设计制造及自动化、机械工程相关专业,2027-08-31 17:57:39,,https://shenergy.zhiye.com/custom/campus?hideMenu=1,https://jiuye.uestc.edu.cn/career/recruitment/online/fxmhwh86gtmq,verified,https://jiuye.uestc.edu.cn/career/recruitment/online,
1bdf35d41de893b97ccaacba71dc2b0719968e1c1d99827de8b607dbded7a502,2026-09-09 09:18:04,2026-09-09 09:18:04,需求信息,申能(集团)有限公司,申能集团2027届校园招聘简章,销售员,2026-09-08 18:37:36,2026-09-08,上海市:闵行区,,,,,本科、硕士,工商管理、经济学类、市场营销等相关专业,2027-08-31 17:57:39,,https://shenergy.zhiye.com/custom/campus?hideMenu=1,https://jiuye.uestc.edu.cn/career/recruitment/online/fxmhwh86gtmq,verified,https://jiuye.uestc.edu.cn/career/recruitment/online,
b264e5c3151b9135641d932ec86e810658758c71990d4251cddc75c97804bc72,2026-09-09 09:18:04,2026-09-09 09:18:04,需求信息,申能(集团)有限公司,申能集团2027届校园招聘简章,数智化管培生-人力资源方向、招标代理方向,2026-09-08 18:37:36,2026-09-08,上海市:闵行区,,,,,硕士,人力资源管理、经济学、统计学、物流管理、物流工程、采购管理、供应链管理等相关专业,2027-08-31 17:57:39,,https://shenergy.zhiye.com/custom/campus?hideMenu=1,https://jiuye.uestc.edu.cn/career/recruitment/online/fxmhwh86gtmq,verified,https://jiuye.uestc.edu.cn/career/recruitment/online,
1c40cc59c41c55c53fb352990f299c61d87abc520db84ebdfde55e62a3ab3203,2026-09-09 09:18:04,2026-09-09 09:18:04,需求信息,申能(集团)有限公司,申能集团2027届校园招聘简章,业务管理专员、会计,2026-09-08 18:37:36,2026-09-08,上海市:闵行区,,,,,本科、硕士,经济学类、统计学类、管理科学与工程类、金融学类、工商管理类相关专业,2027-08-31 17:57:39,,https://shenergy.zhiye.com/custom/campus?hideMenu=1,https://jiuye.uestc.edu.cn/career/recruitment/online/fxmhwh86gtmq,verified,https://jiuye.uestc.edu.cn/career/recruitment/online,
670fb3dca85d883003483391d2aa881b1be9f0c25b7327f2beca208ef17c72d4,2026-09-09 09:18:04,2026-09-09 09:18:04,需求信息,申能(集团)有限公司,申能集团2027届校园招聘简章,工艺设计岗、煤气化制甲醇/生物质气化工艺研发技术岗,2026-09-08 18:37:36,2026-09-08,上海市:闵行区,,,,,硕士,化学工程、化学工程与技术、环境工程、环境科学与工程、能源化学工程、应用化学、能源与动力工程、化工过程装备等相关专业,2027-08-31 17:57:39,,https://shenergy.zhiye.com/custom/campus?hideMenu=1,https://jiuye.uestc.edu.cn/career/recruitment/online/fxmhwh86gtmq,verified,https://jiuye.uestc.edu.cn/career/recruitment/online,
37303d1896352dc0c0ef7633834752656133555369c813b150f238426399e5a4,2026-09-09 09:18:04,2026-09-09 09:18:04,需求信息,申能(集团)有限公司,申能集团2027届校园招聘简章,研发工程师、环保技术岗-运维,2026-09-08 18:37:36,2026-09-08,上海市:闵行区,,,,,本科、硕士,给排水、环境科学与工程类等相关专业,2027-08-31 17:57:39,,https://shenergy.zhiye.com/custom/campus?hideMenu=1,https://jiuye.uestc.edu.cn/career/recruitment/online/fxmhwh86gtmq,verified,https://jiuye.uestc.edu.cn/career/recruitment/online,
e0092387c1c41aeb9b1cc58eb91157c1245408a4668ff4d4013c60420f2ef48b,2026-09-09 09:18:04,2026-09-09 09:18:04,需求信息,酷睿程(北京)科技有限公司,,算法类,2026-09-08 18:32:10,2026-09-08,北京/上海,,,,,硕士、博士、本科,,2026-12-31 18:15:26,,https://carizon.jobs.feishu.cn/421026/position/list,https://jiuye.uestc.edu.cn/career/recruitment/online/fxmjl95epg5e,verified,https://jiuye.uestc.edu.cn/career/recruitment/online,
279eb18fc49ae563df192e802138b292a4ad76b42a078b0ce61ca71e4b468336,2026-09-09 09:18:04,2026-09-09 09:18:04,需求信息,酷睿程(北京)科技有限公司,,软件研发类,2026-09-08 18:32:10,2026-09-08,上海,,,,,硕士、博士、本科,,2026-12-31 18:15:26,,https://carizon.jobs.feishu.cn/421026/position/list,https://jiuye.uestc.edu.cn/career/recruitment/online/fxmjl95epg5e,verified,https://jiuye.uestc.edu.cn/career/recruitment/online,
c4acaa3e881f9c7c74ad36ef7508d065a84be3f2f3652bac8328924b48ec160b,2026-09-09 09:18:04,2026-09-09 09:18:04,需求信息,酷睿程(北京)科技有限公司,,测试类,2026-09-08 18:32:10,2026-09-08,北京/上海,,,,,硕士、博士、本科,,2026-12-31 18:15:26,,https://carizon.jobs.feishu.cn/421026/position/list,https://jiuye.uestc.edu.cn/career/recruitment/online/fxmjl95epg5e,verified,https://jiuye.uestc.edu.cn/career/recruitment/online,
4fc5dae75d4642c5f54004b9c2aaf374562ab43dda710f6ecd723113b400f443,2026-09-09 09:18:04,2026-09-09 09:18:04,需求信息,武汉数字工程研究所(中国船舶集团有限公司第七〇九研究所),2027年校园招聘,未明确列出,2026-09-08 17:57:21,2026-09-08,湖北省:武汉市,,,,,硕士、博士,,2027-06-30 00:00:00,http://u.51job.com/imARNrn,http://u.51job.com/imARNrn,https://jiuye.uestc.edu.cn/career/recruitment/online/fxm2a964u802,verified,https://jiuye.uestc.edu.cn/career/recruitment/online,
4a11d1f8689be1452da9490d2dfcbb180136b077ad4b1cdd637f794c59a1414c,2026-09-09 09:18:04,2026-09-09 09:18:04,需求信息,广州越秀资本控股集团有限公司,越秀资本2027届秋季校园招聘简章,未明确列出,2026-09-08 17:54:38,2026-09-08,广东省:广州市,,,,,本科、硕士、博士、博士后,,2027-07-01 00:00:00,,http://finance-recruit.yuexiu.com/,https://jiuye.uestc.edu.cn/career/recruitment/online/fxm3xrkxohkx,verified,https://jiuye.uestc.edu.cn/career/recruitment/online,
ec2a9112af73aaf2977a106d2d99f036af1a54428c3dc79786b9e0dfc77027bc,2026-09-09 09:18:04,2026-09-09 09:18:04,需求信息,中航科创有限公司,中航科创2027届校园招聘正式启动,未明确列出,2026-09-08 17:53:47,2026-09-08,上海市:徐汇区,,,,,硕士、博士、博士后,,2026-11-30 00:00:00,,http://avicsz.zhiye.com/,https://jiuye.uestc.edu.cn/career/recruitment/online/fxmfrp2bhgch,verified,https://jiuye.uestc.edu.cn/career/recruitment/online,
c50c008381dc5262f6340755717123d94d946add5af6732bfe0f3b569c1ce47d,2026-09-09 09:18:04,2026-09-09 09:18:04,需求信息,中国汽车工程研究院股份有限公司,中国汽研2027届校园招聘,未明确列出,2026-09-08 17:16:29,2026-09-08,重庆市:渝北区,,,,,本科、硕士、博士,,2026-12-31 00:00:00,,https://wecruit.hotjob.cn/SU6603d5a01eb8054100c60436/pb/index.html,https://jiuye.uestc.edu.cn/career/recruitment/online/fxm80uw2mwht,verified,https://jiuye.uestc.edu.cn/career/recruitment/online,
abefd54d743b8ba772e1a985180ab6db0f319e6bb7c7575ff4606bacae428069,2026-09-09 09:18:04,2026-09-09 09:18:04,需求信息,广东亿源通科技科技股份有限公司,,未明确列出,2026-09-08 17:15:32,2026-09-08,广东省:清远市,,,,,本科,,2026-12-31 00:00:00,,,https://jiuye.uestc.edu.cn/career/recruitment/online/fxm86bqq2g3m,verified,https://jiuye.uestc.edu.cn/career/recruitment/online,
74c11b569a0f451ec15490b24eb14d8d31e448bda647ca1089ec289b11dce29f,2026-09-09 09:18:04,2026-09-09 09:18:04,需求信息,广东亿源通科技科技股份有限公司,,未明确列出,2026-09-08 17:14:49,2026-09-08,广东省:清远市,,,,,本科,,2026-12-31 00:00:00,,,https://jiuye.uestc.edu.cn/career/recruitment/online/fxm8h9li7ima,verified,https://jiuye.uestc.edu.cn/career/recruitment/online,
4825248a48bb9cf38885f9af661c7a8b2343872a9b453c8e6182868004cc7d34,2026-09-09 09:18:04,2026-09-09 09:18:04,需求信息,新紫光集团有限公司,二、招聘岗位,IC芯片研发类,2026-09-08 17:14:33,2026-09-08,其他(具体查看招聘信息),,,,,本科、硕士、博士,,2026-10-15 00:00:00,,https://unigroup.zhaopin.com/,https://jiuye.uestc.edu.cn/career/recruitment/online/fxm8msbiehvl,verified,https://jiuye.uestc.edu.cn/career/recruitment/online,
51decbfcc9a2c70ae5b02eae2219ff5584f8b2433ee15cf0b7582684c5ba4b1d,2026-09-09 09:18:04,2026-09-09 09:18:04,需求信息,新紫光集团有限公司,二、招聘岗位,软件与AI研发类,2026-09-08 17:14:33,2026-09-08,其他(具体查看招聘信息),,,,,本科、硕士、博士,,2026-10-15 00:00:00,,https://unigroup.zhaopin.com/,https://jiuye.uestc.edu.cn/career/recruitment/online/fxm8msbiehvl,verified,https://jiuye.uestc.edu.cn/career/recruitment/online,
1aed4c8f91ed3ab2fbfefb1921cd584fcc483e271ebdd3224ed5c5f2546a87e7,2026-09-09 09:18:04,2026-09-09 09:18:04,需求信息,新紫光集团有限公司,二、招聘岗位,测试与技术质检类,2026-09-08 17:14:33,2026-09-08,其他(具体查看招聘信息),,,,,本科、硕士、博士,,2026-10-15 00:00:00,,https://unigroup.zhaopin.com/,https://jiuye.uestc.edu.cn/career/recruitment/online/fxm8msbiehvl,verified,https://jiuye.uestc.edu.cn/career/recruitment/online,
648d1b5cfac26a958ad009ae1d03f820eb053806ab6a1d655f77622962644e39,2026-09-09 09:18:04,2026-09-09 09:18:04,需求信息,新紫光集团有限公司,二、招聘岗位,工艺与生产制造类,2026-09-08 17:14:33,2026-09-08,其他(具体查看招聘信息),,,,,本科、硕士、博士,,2026-10-15 00:00:00,,https://unigroup.zhaopin.com/,https://jiuye.uestc.edu.cn/career/recruitment/online/fxm8msbiehvl,verified,https://jiuye.uestc.edu.cn/career/recruitment/online,
042368120724b554704ce8844b82d88f40335b8a7d31d418e62793494a98d80c,2026-09-09 09:18:04,2026-09-09 09:18:04,需求信息,新紫光集团有限公司,二、招聘岗位,市场销售与运营类,2026-09-08 17:14:33,2026-09-08,其他(具体查看招聘信息),,,,,本科、硕士、博士,,2026-10-15 00:00:00,,https://unigroup.zhaopin.com/,https://jiuye.uestc.edu.cn/career/recruitment/online/fxm8msbiehvl,verified,https://jiuye.uestc.edu.cn/career/recruitment/online,
9ee9e7cd0738a16331028d65449c9ccd03efef2f6aceb9a70bf8192bc8e45acf,2026-09-09 09:18:04,2026-09-09 09:18:04,需求信息,新紫光集团有限公司,二、招聘岗位,技术支持类,2026-09-08 17:14:33,2026-09-08,其他(具体查看招聘信息),,,,,本科、硕士、博士,,2026-10-15 00:00:00,,https://unigroup.zhaopin.com/,https://jiuye.uestc.edu.cn/career/recruitment/online/fxm8msbiehvl,verified,https://jiuye.uestc.edu.cn/career/recruitment/online,
7dfc53d24bef6b0845250e6315db81b8b48ae1d5b001ed27f152ad0bd63f7e04,2026-09-09 09:18:04,2026-09-09 09:18:04,需求信息,新紫光集团有限公司,二、招聘岗位,职能/管理类,2026-09-08 17:14:33,2026-09-08,其他(具体查看招聘信息),,,,,本科、硕士、博士,,2026-10-15 00:00:00,,https://unigroup.zhaopin.com/,https://jiuye.uestc.edu.cn/career/recruitment/online/fxm8msbiehvl,verified,https://jiuye.uestc.edu.cn/career/recruitment/online,
af4cfb96d905757093f6a29b4c8531dc7d88a67533bc2d310d0144265b9072d7,2026-09-09 09:18:04,2026-09-09 09:18:04,需求信息,恒丰银行股份有限公司,恒丰银行2026年下半年毕业生招聘启事,未明确列出,2026-09-08 17:14:17,2026-09-08,山东省:济南市,,,,,本科、硕士、博士,,2026-10-09 00:00:00,,https://career.hfbank.com.cn/xyzp/zwcx/index.shtml,https://jiuye.uestc.edu.cn/career/recruitment/online/fxm9axqylji9,verified,https://jiuye.uestc.edu.cn/career/recruitment/online,
442e4b57926848fdb222efbbe1857d2047350e94bba05a26b2789b1dbfdcbb3e,2026-09-09 09:18:04,2026-09-09 09:18:04,需求信息,中自科技股份有限公司,,未明确列出,2026-09-08 17:13:25,2026-09-08,四川省:成都市,,,,,本科、硕士、博士、博士后,,2027-06-15 00:00:00,,https://www.sinocat.com.cn/,https://jiuye.uestc.edu.cn/career/recruitment/online/fxmc8ftpknb5,verified,https://jiuye.uestc.edu.cn/career/recruitment/online,
b9b5fa438ae179cfbe0496ff573d25cac068e24f2a24214a8a9216b5e53775a5,2026-09-09 09:18:04,2026-09-09 09:18:04,需求信息,同道精英(天津)信息技术有限公司北京分公司,,未明确列出,2026-09-08 17:08:19,2026-09-08,北京市:朝阳区,,,,,本科,,2027-06-30 00:00:00,,https://www.duomian.com/project/13806356,https://jiuye.uestc.edu.cn/career/recruitment/online/fxmc8m2qfcoy,verified,https://jiuye.uestc.edu.cn/career/recruitment/online,
6aa27e3297e39c214691586b5d766ab5359f9101ff17959ef598e036e7e35344,2026-09-09 09:18:04,2026-09-09 09:18:04,需求信息,科华数据股份有限公司,科华集团2027届全球校园招聘简章,未明确列出,2026-09-08 17:07:02,2026-09-08,福建省:厦门市,,,,,本科、硕士,,2027-06-30 00:00:00,,,https://jiuye.uestc.edu.cn/career/recruitment/online/fxmcfcg38um9,verified,https://jiuye.uestc.edu.cn/career/recruitment/online,
2abab824b7ae3a43eea1381c38daae55e880143437039d3ac5d8ff070c487dac,2026-09-09 09:18:04,2026-09-09 09:18:04,需求信息,上海思朗科技股份有限公司,思朗科技2027校园招聘,未明确列出,2026-09-08 16:08:05,2026-09-08,上海市:静安区,,,,,硕士、博士、本科,,2027-06-10 00:00:00,,https://smartlogictech.jobs.feishu.cn/xiaozhao/m?spread=82A5QW5,https://jiuye.uestc.edu.cn/career/recruitment/online/fxm6pr8fivpe,verified,https://jiuye.uestc.edu.cn/career/recruitment/online,
faa460b5bf754374ff26c762cba7eef7eaaa3ef95a15192d49b1027d0c1a1cd6,2026-09-09 09:18:04,2026-09-09 09:18:04,需求信息,中国电子科技集团有限公司电子科学研究院,中国电子科技集团有限公司电子科学研究院2027届招聘简章,未明确列出,2026-09-08 16:00:13,2026-09-08,"广东省:深圳市,北京市:海淀区,江苏省:苏州市",,,,,硕士、博士、博士后,,2027-06-30 00:00:00,,https://v.wjx.cn/vm/YzjZv9z.aspx,https://jiuye.uestc.edu.cn/career/recruitment/online/fxm5w50tsmwx,verified,https://jiuye.uestc.edu.cn/career/recruitment/online,
dffaa59ff5ad0dac0afbf1c37cd64e075361b34cdb0f79fc806232d90d15c772,2026-09-09 09:18:04,2026-09-09 09:18:04,需求信息,镕铭微电子(上海)有限公司,镕铭微电子 2027 届校园招聘简章,AI 软件工程师,2026-09-08 15:54:17,2026-09-08,上海,,,,,本科、硕士、博士,,2027-02-01 15:30:36,,https://campus.51job.com/rongming,https://jiuye.uestc.edu.cn/career/recruitment/online/fxm4wv5s32ma,verified,https://jiuye.uestc.edu.cn/career/recruitment/online,
b074ec333d475ecb1011ff4eae13bbda20ef5eca05aab2beb4854525a1e5b95e,2026-09-09 09:18:04,2026-09-09 09:18:04,需求信息,镕铭微电子(上海)有限公司,镕铭微电子 2027 届校园招聘简章,嵌入式固件工程师,2026-09-08 15:54:17,2026-09-08,上海,,,,,本科、硕士、博士,,2027-02-01 15:30:36,,https://campus.51job.com/rongming,https://jiuye.uestc.edu.cn/career/recruitment/online/fxm4wv5s32ma,verified,https://jiuye.uestc.edu.cn/career/recruitment/online,
24e80495445fdc7492d10736131c89b30c63274d7cf5cfd7b7bcb0d840a95e33,2026-09-09 09:18:04,2026-09-09 09:18:04,需求信息,镕铭微电子(上海)有限公司,镕铭微电子 2027 届校园招聘简章,嵌入式软件工程师,2026-09-08 15:54:17,2026-09-08,上海,,,,,本科、硕士、博士,,2027-02-01 15:30:36,,https://campus.51job.com/rongming,https://jiuye.uestc.edu.cn/career/recruitment/online/fxm4wv5s32ma,verified,https://jiuye.uestc.edu.cn/career/recruitment/online,
308cacc97ce41725907379b4592d26baa54497822e10cc4e404261f8e08c9ba8,2026-09-09 09:18:04,2026-09-09 09:18:04,需求信息,镕铭微电子(上海)有限公司,镕铭微电子 2027 届校园招聘简章,数字前端设计工程师,2026-09-08 15:54:17,2026-09-08,上海,,,,,本科、硕士、博士,,2027-02-01 15:30:36,,https://campus.51job.com/rongming,https://jiuye.uestc.edu.cn/career/recruitment/online/fxm4wv5s32ma,verified,https://jiuye.uestc.edu.cn/career/recruitment/online,
8ce1656e8bdf600810d4fad4dd3b27517c1a4dbf0c23175b0abc198e2f87d753,2026-09-09 09:18:04,2026-09-09 09:18:04,需求信息,镕铭微电子(上海)有限公司,镕铭微电子 2027 届校园招聘简章,测试工程师,2026-09-08 15:54:17,2026-09-08,济南,,,,,本科、硕士、博士,,2027-02-01 15:30:36,,https://campus.51job.com/rongming,https://jiuye.uestc.edu.cn/career/recruitment/online/fxm4wv5s32ma,verified,https://jiuye.uestc.edu.cn/career/recruitment/online,
a1694efc185797a75920e0dde0794328a6000469596bea904ee45ee8ffd5efc9,2026-09-09 09:18:04,2026-09-09 09:18:04,需求信息,镕铭微电子(上海)有限公司,镕铭微电子 2027 届校园招聘简章,数字验证工程师,2026-09-08 15:54:17,2026-09-08,济南,,,,,本科、硕士、博士,,2027-02-01 15:30:36,,https://campus.51job.com/rongming,https://jiuye.uestc.edu.cn/career/recruitment/online/fxm4wv5s32ma,verified,https://jiuye.uestc.edu.cn/career/recruitment/online,
4b7fb49e92d8f1c93574bd58b8c35500a8a4bdbda3214888280449946a1afe07,2026-09-09 09:18:04,2026-09-09 09:18:04,需求信息,镕铭微电子(上海)有限公司,镕铭微电子 2027 届校园招聘简章,视频编解码算法工程师,2026-09-08 15:54:17,2026-09-08,北京,,,,,本科、硕士、博士,,2027-02-01 15:30:36,,https://campus.51job.com/rongming,https://jiuye.uestc.edu.cn/career/recruitment/online/fxm4wv5s32ma,verified,https://jiuye.uestc.edu.cn/career/recruitment/online,
0ce954cf9802c54ad8f010a4b52ab63ae8c65a1f8f9e4814bffcbe34f401e6bc,2026-09-09 09:18:04,2026-09-09 09:18:04,需求信息,浙江宁银消费金融股份有限公司,宁银消金2027届秋季校园招聘,未明确列出,2026-09-08 15:10:36,2026-09-08,其他(具体查看招聘信息),,,,,本科、硕士,,2026-10-31 00:00:00,,https://xjzhaopin.nbcb.com.cn/,https://jiuye.uestc.edu.cn/career/recruitment/online/fxlv3l1vhw5e,verified,https://jiuye.uestc.edu.cn/career/recruitment/online,
9371be453d0e302d2e57bd828dbf67a23cfac4a8517135369ce0ba8baade973e,2026-09-09 09:18:04,2026-09-09 09:18:04,需求信息,中国船舶集团第七零一研究所,,未明确列出,2026-09-08 14:43:47,2026-09-08,其他(具体查看招聘信息),,,,,硕士、博士,,2026-10-31 00:00:00,,,https://jiuye.uestc.edu.cn/career/recruitment/online/fxm0f6mr8269,verified,https://jiuye.uestc.edu.cn/career/recruitment/online,
3cbafe95b925439f09db11e2812b54e05639fa0c38cd5e39d31e2d63763c6a61,2026-09-09 09:18:04,2026-09-09 09:18:04,需求信息,广东溢达纺织有限公司,,未明确列出,2026-09-08 12:42:51,2026-09-08,"广东省:佛山市,广西壮族自治区:桂林市,江苏省:常州市",,,,,本科、硕士、博士,,2026-10-31 00:00:00,,,https://jiuye.uestc.edu.cn/career/recruitment/online/fxlp9iny4u81,verified,https://jiuye.uestc.edu.cn/career/recruitment/online,
c3f252424283551a12e124b350ece8bbd21300f64f759697890287f5b37f67e5,2026-09-09 09:18:04,2026-09-11 08:56:02,需求信息,招商银行股份有限公司大连分行,"""梦想靠岸""招商银行大连分行2027届秋季校园招聘公告",市场营销综合培养生,2026-09-10 13:45:45,2026-09-08,大连,,,,,本科及以上,专业不限,2026-10-10 00:00:00,,http://career.cmbchina.com/,https://jiuye.uestc.edu.cn/career/recruitment/online/fxl9fj3121aa,verified,https://jiuye.uestc.edu.cn/career/recruitment/online,
3175f570ab7ee15add50a76602e151805a0ece96d5391c3956887e966a102f07,2026-09-09 09:18:04,2026-09-11 08:56:02,需求信息,招商银行股份有限公司大连分行,"""梦想靠岸""招商银行大连分行2027届秋季校园招聘公告",运营柜面综合培养生,2026-09-10 13:45:45,2026-09-08,大连,,,,,本科及以上,专业不限,2026-10-10 00:00:00,,http://career.cmbchina.com/,https://jiuye.uestc.edu.cn/career/recruitment/online/fxl9fj3121aa,verified,https://jiuye.uestc.edu.cn/career/recruitment/online,
5e0cbeff15631737df48880dbe775dee20502306f6b6f5cf9353660a8ed5ce41,2026-09-09 09:18:04,2026-09-11 08:56:02,需求信息,招商银行股份有限公司大连分行,"""梦想靠岸""招商银行大连分行2027届秋季校园招聘公告",信息技术综合培养生,2026-09-10 13:45:45,2026-09-08,大连,,,,,硕士及以上,IT类专业,2026-10-10 00:00:00,,http://career.cmbchina.com/,https://jiuye.uestc.edu.cn/career/recruitment/online/fxl9fj3121aa,verified,https://jiuye.uestc.edu.cn/career/recruitment/online,
4cc517e148052a79420c6c40ce7cee049efa2ad554efbb894a792d81b3085343,2026-09-09 09:18:04,2026-09-11 08:56:02,需求信息,招商银行股份有限公司大连分行,"""梦想靠岸""招商银行大连分行2027届秋季校园招聘公告",综合培养生(二级分行、县域支行),2026-09-10 13:45:45,2026-09-08,营口、锦州、瓦房店,,,,,本科及以上,专业不限,2026-10-10 00:00:00,,http://career.cmbchina.com/,https://jiuye.uestc.edu.cn/career/recruitment/online/fxl9fj3121aa,verified,https://jiuye.uestc.edu.cn/career/recruitment/online,
6763f811e128a80b55d57e054fae911a241e22684c0f1ef8e3eb4899239391ac,2026-09-09 09:18:04,2026-09-09 09:18:04,需求信息,卓望数码技术(深圳)有限公司,卓望公司2027校园招聘,未明确列出,2026-09-08 11:37:37,2026-09-08,北京市:丰台区,,,,,本科、硕士、博士,,2027-09-07 10:05:28,,https://aspire.zhiye.com/Campus/jobs?ActivityJumpPage=PortalPage&activityGuid=6da5ef35-ac7d-497a-8dee-4924ab5925ec,https://jiuye.uestc.edu.cn/career/recruitment/online/fxlbwcm5utxd,verified,https://jiuye.uestc.edu.cn/career/recruitment/online,
c4f0122f0d544e09cd8513f08dbdbd1eb45ebd7c203cc395bcc02061eeaf3593,2026-09-09 09:18:04,2026-09-09 09:18:04,需求信息,深圳市楠菲微电子有限公司,,未明确列出,2026-09-08 11:37:12,2026-09-08,其他(具体查看招聘信息),,,,,本科、硕士,,2027-06-22 00:00:00,,,https://jiuye.uestc.edu.cn/career/recruitment/online/fxldozbf0dmp,verified,https://jiuye.uestc.edu.cn/career/recruitment/online,
9537ccf6a41c19fed711401c990e1ca081f7953b932ce0b7e592930ad595aba7,2026-09-09 09:18:04,2026-09-09 09:18:04,需求信息,三棵树涂料股份有限公司,三棵树2027届“森计划”校园招聘,未明确列出,2026-09-08 11:36:24,2026-09-08,福建省:莆田市,,,,,本科、硕士、博士,,2026-10-30 00:00:00,,https://3treesgroup.zhaopin.com/,https://jiuye.uestc.edu.cn/career/recruitment/online/fxled9facyki,verified,https://jiuye.uestc.edu.cn/career/recruitment/online,
7f33e06751a083259c9aa7b7f4f6b0b8368286ad6dc439cd0d644f3de6853d2a,2026-09-09 09:18:04,2026-09-09 09:18:04,需求信息,慧荣科技(深圳)有限公司,慧荣科技2027届校园招聘正式启动!,未明确列出,2026-09-08 11:35:22,2026-09-08,广东省:深圳市,,,,,本科、硕士,,2027-06-30 00:00:00,,https://s.51job.com/3EhEV5,https://jiuye.uestc.edu.cn/career/recruitment/online/fxlfbxhnysjl,verified,https://jiuye.uestc.edu.cn/career/recruitment/online,
a9f0978d916a1e026a9cd5f35db7eb1a77d62fe59374df69fc807df0738bf7c8,2026-09-09 09:18:04,2026-09-09 09:18:04,需求信息,英特仿真科技(深圳)有限公司成都分公司,英特仿真2027届校招岗位及空宣预告,未明确列出,2026-09-08 11:34:59,2026-09-08,其他(具体查看招聘信息),,,,,硕士、博士,,2027-06-30 00:00:00,,https://meeting.tencent.com/dm/29qhgQsui9sC,https://jiuye.uestc.edu.cn/career/recruitment/online/fxlg5hu4fapt,verified,https://jiuye.uestc.edu.cn/career/recruitment/online,
fdffef392ad390d916ccac4238058ded58cf821a36eaef9b0bf06b835d24e45e,2026-09-09 09:18:04,2026-09-09 09:18:04,需求信息,中邮消费金融有限公司,中邮消费金融有限公司2027届秋季校园招聘简章,未明确列出,2026-09-08 11:34:27,2026-09-08,广东省:广州市,,,,,本科、硕士、博士,,2026-10-07 23:59:59,,https://is35svcbne.jobs.feishu.cn/youcash,https://jiuye.uestc.edu.cn/career/recruitment/online/fxlin6tg79j6,verified,https://jiuye.uestc.edu.cn/career/recruitment/online,
886b4628db427e484a667aa083ff0f74c27b0af1a806129f5fbdc60a47257fa0,2026-09-09 09:18:04,2026-09-09 09:18:04,需求信息,太原乂邦科技有限公司,山西省太原市乂邦教育2026秋季招聘简章,未明确列出,2026-09-08 11:33:28,2026-09-08,山西省:太原市,,,,,本科、硕士,,2026-10-01 00:00:00,,,https://jiuye.uestc.edu.cn/career/recruitment/online/fxliv39txpfm,verified,https://jiuye.uestc.edu.cn/career/recruitment/online,
459241fbb864d28753dd53e1dc113f40168c3e444fa776e7650274ed82c69c36,2026-09-09 09:18:04,2026-09-09 09:18:04,需求信息,中电信量子信息科技集团有限公司,中电信量子集团 2027届校园招聘招聘简章,量子计算研究员,2026-09-08 10:05:48,2026-09-08,安徽省:合肥市,,,,,硕士、博士、博士后,,2026-11-30 00:00:00,,https://job.chinatelecom.com.cn/,https://jiuye.uestc.edu.cn/career/recruitment/online/fxlb1r5apzwh,verified,https://jiuye.uestc.edu.cn/career/recruitment/online,
4d4b859a3ba6b5c29825950cd45f614c6d1ed5cb5c939451da5ffdf88dcd5e3e,2026-09-09 09:18:04,2026-09-09 09:18:04,需求信息,中电信量子信息科技集团有限公司,中电信量子集团 2027届校园招聘招聘简章,算法开发工程师,2026-09-08 10:05:48,2026-09-08,安徽省:合肥市,,,,,硕士、博士、博士后,,2026-11-30 00:00:00,,https://job.chinatelecom.com.cn/,https://jiuye.uestc.edu.cn/career/recruitment/online/fxlb1r5apzwh,verified,https://jiuye.uestc.edu.cn/career/recruitment/online,
a5880ae6757845740ce93028a284fc370553b3e905ced384b9d3568fc8a9f4ca,2026-09-09 09:18:04,2026-09-09 09:18:04,需求信息,中电信量子信息科技集团有限公司,中电信量子集团 2027届校园招聘招聘简章,软件开发工程师,2026-09-08 10:05:48,2026-09-08,安徽省:合肥市,,,,,硕士、博士、博士后,,2026-11-30 00:00:00,,https://job.chinatelecom.com.cn/,https://jiuye.uestc.edu.cn/career/recruitment/online/fxlb1r5apzwh,verified,https://jiuye.uestc.edu.cn/career/recruitment/online,
362a51668984adce75cc20da53907df58521125f8f616290cc1ff3fc5f929f36,2026-09-09 09:18:04,2026-09-09 09:18:04,需求信息,中电信量子信息科技集团有限公司,中电信量子集团 2027届校园招聘招聘简章,硬件开发工程师,2026-09-08 10:05:48,2026-09-08,安徽省:合肥市,,,,,硕士、博士、博士后,,2026-11-30 00:00:00,,https://job.chinatelecom.com.cn/,https://jiuye.uestc.edu.cn/career/recruitment/online/fxlb1r5apzwh,verified,https://jiuye.uestc.edu.cn/career/recruitment/online,
3b5bced0cbfc8337840b7a0f40c73ca382da6f51858f10123ceac988845b9b6d,2026-09-09 09:18:04,2026-09-09 09:18:04,需求信息,中电信量子信息科技集团有限公司,中电信量子集团 2027届校园招聘招聘简章,量子通信研究员,2026-09-08 10:05:48,2026-09-08,安徽省:合肥市,,,,,硕士、博士、博士后,,2026-11-30 00:00:00,,https://job.chinatelecom.com.cn/,https://jiuye.uestc.edu.cn/career/recruitment/online/fxlb1r5apzwh,verified,https://jiuye.uestc.edu.cn/career/recruitment/online,
82b2c172cc55761cd88e1e14a07797ed398ef19a50d1ea454804a13f096bebe9,2026-09-09 09:18:04,2026-09-09 09:18:04,需求信息,中电信量子信息科技集团有限公司,中电信量子集团 2027届校园招聘招聘简章,网络与信息安全工程师,2026-09-08 10:05:48,2026-09-08,安徽省:合肥市,,,,,硕士、博士、博士后,,2026-11-30 00:00:00,,https://job.chinatelecom.com.cn/,https://jiuye.uestc.edu.cn/career/recruitment/online/fxlb1r5apzwh,verified,https://jiuye.uestc.edu.cn/career/recruitment/online,
2bdf52d3f19b78dbf897a736e780f4eaf299d9ad92ccec047133ebe7e205fd70,2026-09-09 09:18:04,2026-09-09 09:18:04,需求信息,中电信量子信息科技集团有限公司,中电信量子集团 2027届校园招聘招聘简章,后量子密码研究员,2026-09-08 10:05:48,2026-09-08,安徽省:合肥市,,,,,硕士、博士、博士后,,2026-11-30 00:00:00,,https://job.chinatelecom.com.cn/,https://jiuye.uestc.edu.cn/career/recruitment/online/fxlb1r5apzwh,verified,https://jiuye.uestc.edu.cn/career/recruitment/online,
ce58e7a2f7c3fe9f5522b20d1cc17872c09807e7198a457ceb00b56d09e34484,2026-09-09 09:18:04,2026-09-09 09:18:04,需求信息,中电信量子信息科技集团有限公司,中电信量子集团 2027届校园招聘招聘简章,抗量子密码芯片研究员,2026-09-08 10:05:48,2026-09-08,安徽省:合肥市,,,,,硕士、博士、博士后,,2026-11-30 00:00:00,,https://job.chinatelecom.com.cn/,https://jiuye.uestc.edu.cn/career/recruitment/online/fxlb1r5apzwh,verified,https://jiuye.uestc.edu.cn/career/recruitment/online,
6eb38d1cf079f3396dabfcc546a29bbafa7e3a95030597bf3f36b2557bd93ad8,2026-09-09 11:13:42,2026-09-09 11:13:42,现场招聘,火箭军直招军官,,未明确列出,2026-09-09 10:40:22,2026-09-15,其他(具体查看招聘信息),2026-09-15,16:30,18:00,【清】学生活动中心201,本科、硕士、博士,,,,,https://jiuye.uestc.edu.cn/career/recruitment/onsite/fxoz5vnyq682,verified,https://jiuye.uestc.edu.cn/career/recruitment/onsite,
97c9394866f8179bc723847adea609c76cc4e6b7bdb07a6e263653d2a0a74dc8,2026-09-09 11:13:42,2026-09-09 11:13:42,现场招聘,广西电网有限责任公司,广西电网公司2027年校园招聘简章,未明确列出,2026-09-09 09:42:13,2026-09-18,其他(具体查看招聘信息),2026-09-18,09:30,11:30,【清】立人楼B120,本科、硕士、博士,,,,,https://jiuye.uestc.edu.cn/career/recruitment/onsite/fxot83dusvep,verified,https://jiuye.uestc.edu.cn/career/recruitment/onsite,
20f27f3abbe9e792d47c01afc9d48b5de0bf4b52fa098a488f8c36ddcde1f01d,2026-09-09 11:13:42,2026-09-09 11:13:42,现场招聘,黑芝麻智能科技有限公司,黑芝麻智能2027届校园招聘,数字IC设计工程师,2026-09-09 10:39:15,2026-09-23,深圳,2026-09-23,15:00,17:00,【清】品学楼B205,本科、硕士、博士,,,,https://bsthr.zhiye.com/,https://jiuye.uestc.edu.cn/career/recruitment/onsite/fxovp60t9xq9,verified,https://jiuye.uestc.edu.cn/career/recruitment/onsite,
f437adce3cef32eca53a74c450ec3c37de57b06aaf98dc5bbde59ffcda24d920,2026-09-09 11:13:42,2026-09-09 11:13:42,现场招聘,黑芝麻智能科技有限公司,黑芝麻智能2027届校园招聘,数字IC验证工程师,2026-09-09 10:39:15,2026-09-23,深圳,2026-09-23,15:00,17:00,【清】品学楼B205,本科、硕士、博士,,,,https://bsthr.zhiye.com/,https://jiuye.uestc.edu.cn/career/recruitment/onsite/fxovp60t9xq9,verified,https://jiuye.uestc.edu.cn/career/recruitment/onsite,
83ddcdeba2bed06561a8ef94de50c6c512ce8c6356cb737e6a8b1f787b358910,2026-09-09 11:13:42,2026-09-09 11:13:42,现场招聘,黑芝麻智能科技有限公司,黑芝麻智能2027届校园招聘,DFT工程师,2026-09-09 10:39:15,2026-09-23,成都,2026-09-23,15:00,17:00,【清】品学楼B205,本科、硕士、博士,,,,https://bsthr.zhiye.com/,https://jiuye.uestc.edu.cn/career/recruitment/onsite/fxovp60t9xq9,verified,https://jiuye.uestc.edu.cn/career/recruitment/onsite,
abbb39155280f3b9a8a66b58ba6d7aa699a0d4116500ea2cc072c4855bc8f441,2026-09-09 11:13:42,2026-09-09 11:13:42,现场招聘,黑芝麻智能科技有限公司,黑芝麻智能2027届校园招聘,芯片后端设计工程师,2026-09-09 10:39:15,2026-09-23,成都,2026-09-23,15:00,17:00,【清】品学楼B205,本科、硕士、博士,,,,https://bsthr.zhiye.com/,https://jiuye.uestc.edu.cn/career/recruitment/onsite/fxovp60t9xq9,verified,https://jiuye.uestc.edu.cn/career/recruitment/onsite,
b9871cb9e9da03b471ec6890fec63cc96ea1fb808b47813b8fe40b4b0e57eb00,2026-09-09 11:13:42,2026-09-09 11:13:42,现场招聘,黑芝麻智能科技有限公司,黑芝麻智能2027届校园招聘,AI编译器及工具链开发工程师,2026-09-09 10:39:15,2026-09-23,上海,2026-09-23,15:00,17:00,【清】品学楼B205,本科、硕士、博士,,,,https://bsthr.zhiye.com/,https://jiuye.uestc.edu.cn/career/recruitment/onsite/fxovp60t9xq9,verified,https://jiuye.uestc.edu.cn/career/recruitment/onsite,
541b0aa0a509ce389f3198a19efcda13dec0c1064579dd3179934af75b2986aa,2026-09-09 11:13:42,2026-09-09 11:13:42,现场招聘,黑芝麻智能科技有限公司,黑芝麻智能2027届校园招聘,大模型推理框架及优化工程师,2026-09-09 10:39:15,2026-09-23,上海,2026-09-23,15:00,17:00,【清】品学楼B205,本科、硕士、博士,,,,https://bsthr.zhiye.com/,https://jiuye.uestc.edu.cn/career/recruitment/onsite/fxovp60t9xq9,verified,https://jiuye.uestc.edu.cn/career/recruitment/onsite,
566b86efd871cd08fc33c805e70530d587131ff29f86889446f0d490eb98aa63,2026-09-09 11:13:42,2026-09-09 11:13:42,现场招聘,黑芝麻智能科技有限公司,黑芝麻智能2027届校园招聘,算子开发与优化工程师,2026-09-09 10:39:15,2026-09-23,上海,2026-09-23,15:00,17:00,【清】品学楼B205,本科、硕士、博士,,,,https://bsthr.zhiye.com/,https://jiuye.uestc.edu.cn/career/recruitment/onsite/fxovp60t9xq9,verified,https://jiuye.uestc.edu.cn/career/recruitment/onsite,
7b391d9770e07b9b788b6e338905fcfa138ed442f819fac96ebe333c1e15e8ea,2026-09-09 11:13:42,2026-09-09 11:13:42,现场招聘,黑芝麻智能科技有限公司,黑芝麻智能2027届校园招聘,模型推理优化工程师,2026-09-09 10:39:15,2026-09-23,成都,2026-09-23,15:00,17:00,【清】品学楼B205,本科、硕士、博士,,,,https://bsthr.zhiye.com/,https://jiuye.uestc.edu.cn/career/recruitment/onsite/fxovp60t9xq9,verified,https://jiuye.uestc.edu.cn/career/recruitment/onsite,
630537a20279979845a668b96baf17b49fc9cbc072265395ba6a506550e7e0b9,2026-09-09 11:13:42,2026-09-09 11:13:42,现场招聘,黑芝麻智能科技有限公司,黑芝麻智能2027届校园招聘,AI控制算法开发工程师,2026-09-09 10:39:15,2026-09-23,武汉,2026-09-23,15:00,17:00,【清】品学楼B205,本科、硕士、博士,,,,https://bsthr.zhiye.com/,https://jiuye.uestc.edu.cn/career/recruitment/onsite/fxovp60t9xq9,verified,https://jiuye.uestc.edu.cn/career/recruitment/onsite,
d1e97e52d944357da3a8368f147660f8bcc2a623f48d31162167ba114b05a8e9,2026-09-09 11:13:42,2026-09-09 11:13:42,现场招聘,黑芝麻智能科技有限公司,黑芝麻智能2027届校园招聘,座舱应用开发工程师,2026-09-09 10:39:15,2026-09-23,武汉,2026-09-23,15:00,17:00,【清】品学楼B205,本科、硕士、博士,,,,https://bsthr.zhiye.com/,https://jiuye.uestc.edu.cn/career/recruitment/onsite/fxovp60t9xq9,verified,https://jiuye.uestc.edu.cn/career/recruitment/onsite,
b51ee31d3775fc577c64040fbff6f8b03c0657b53796dd0ef4a20548dcc53c8f,2026-09-09 11:13:42,2026-09-09 11:13:42,需求信息,小红书科技有限公司,「Build What‘s Next!」小红书2027校园招聘全球启动!,未明确列出,2026-09-09 10:31:12,2026-09-09,其他(具体查看招聘信息),,,,,本科、硕士、博士,,2027-06-30 00:00:00,,https://job.xiaohongshu.com/link?referer_code=7B001SVGKHJH,https://jiuye.uestc.edu.cn/career/recruitment/online/fxoxw5whlog2,verified,https://jiuye.uestc.edu.cn/career/recruitment/online,
b8731f20757e3d60650e0dd88c264b77d8e946c35a03b864babbe1fdf443cfb7,2026-09-09 11:13:42,2026-09-09 11:13:42,需求信息,中国邮政储蓄银行股份有限公司福建省分行,中国邮政储蓄银行福建省分行2027校园,未明确列出,2026-09-09 10:08:25,2026-09-09,福建省:福州市,,,,,本科、硕士、博士,,2026-10-08 00:00:00,,https://psbc2027.zhaopin.com/jobs/index.html?id=10134785,https://jiuye.uestc.edu.cn/career/recruitment/online/fxovnvg8feo2,verified,https://jiuye.uestc.edu.cn/career/recruitment/online,
0a0c9d31c74daa0020e5f94f8739d47002c44d129b3e831659bbabb09b7e6f66,2026-09-09 11:13:42,2026-09-09 11:13:42,需求信息,连云港杰瑞电子电子有限公司,2027年招聘简章,集成电路工程师,2026-09-09 09:46:49,2026-09-09,连云港,,,,,博士/硕士,微电子与固体电子学、集成电路等相关专业,2027-03-31 00:00:00,,,https://jiuye.uestc.edu.cn/career/recruitment/online/fxot19vd2xoi,verified,https://jiuye.uestc.edu.cn/career/recruitment/online,
8802dca87dbfb8aba4daa65586ab8a24033a7e6cc7019cb00d760243acb38cd8,2026-09-09 11:13:42,2026-09-09 11:13:42,需求信息,连云港杰瑞电子电子有限公司,2027年招聘简章,电子工程师,2026-09-09 09:46:49,2026-09-09,连云港,,,,,博士/硕士,电子信息类、自动化类、仪器仪表类、电气类等相关专业,2027-03-31 00:00:00,,,https://jiuye.uestc.edu.cn/career/recruitment/online/fxot19vd2xoi,verified,https://jiuye.uestc.edu.cn/career/recruitment/online,
8d8634cad0dd46b0d6cd5c2a66be79eb20717fabb0c0cc3cb1cb2f0f635d390d,2026-09-09 11:13:42,2026-09-09 11:13:42,需求信息,连云港杰瑞电子电子有限公司,2027年招聘简章,嵌入式软件工程师,2026-09-09 09:46:49,2026-09-09,连云港,,,,,博士/硕士,计算机类、电子信息类等相关专业,2027-03-31 00:00:00,,,https://jiuye.uestc.edu.cn/career/recruitment/online/fxot19vd2xoi,verified,https://jiuye.uestc.edu.cn/career/recruitment/online,
bc4423924d679e201c17d7eddbccf0f40345b1f50720b93eccb26700d770ccb5,2026-09-10 08:42:32,2026-09-10 08:42:32,现场招聘,32183部队直招军官,,未明确列出,2026-09-09 13:43:43,2026-09-10,其他(具体查看招聘信息),2026-09-10,09:30,11:30,【清】学生活动中心201,本科、硕士、博士,,,,,https://jiuye.uestc.edu.cn/career/recruitment/onsite/fxpfipj2pwqp,verified,https://jiuye.uestc.edu.cn/career/recruitment/onsite,
be6075c2bb7bd9716e7ee601a5440473305b8fc9b43a02f87dcd19a58991c82d,2026-09-10 08:42:32,2026-09-11 08:56:02,现场招聘,军事航天部队2026-2027年度直接选拔招录军官,,未明确列出,2026-09-09 14:15:06,2026-09-11,其他(具体查看招聘信息),2026-09-11,15:00,17:30,清水河校区二楼圆厅,硕士、本科、博士,,,,,https://jiuye.uestc.edu.cn/career/recruitment/onsite/fxpibgohto1t,verified,https://jiuye.uestc.edu.cn/career/recruitment/onsite,
95067d03c0410944904cc201c1f89be8bf446fedf5eb1754722f5a8b81f03b36,2026-09-10 08:42:32,2026-09-10 08:42:32,现场招聘,上海艾为电子技术股份有限公司,,未明确列出,2026-09-09 17:00:10,2026-09-14,"上海市:闵行区,四川省:成都市",2026-09-14,09:30,11:30,【清】学生活动中心220,本科、硕士、博士,,,,https://www.awinic.com/,https://jiuye.uestc.edu.cn/career/recruitment/onsite/fxpwmkla2136,verified,https://jiuye.uestc.edu.cn/career/recruitment/onsite,
4423f1cb08c5d307427f4a4bf96488634daf4d130c9043c27a1a46574eafc289,2026-09-10 08:42:32,2026-09-10 08:42:32,现场招聘,陆军工程大学军械士官学校(武汉校区),,未明确列出,2026-09-09 14:36:59,2026-09-14,其他(具体查看招聘信息),2026-09-14,10:00,12:00,立人楼A209,博士,,,,,https://jiuye.uestc.edu.cn/career/recruitment/onsite/fxpk9qfou03l,verified,https://jiuye.uestc.edu.cn/career/recruitment/onsite,
4307cb315faaa1885527b8b407de0e3144a38c672ab36eba17b158d5546a46c6,2026-09-10 08:42:32,2026-09-10 08:42:32,现场招聘,通威股份有限公司,通威股份 2027届校园招聘,未明确列出,2026-09-09 15:58:18,2026-09-14,其他(具体查看招聘信息),2026-09-14,16:30,18:00,【清】学生活动中心201,本科、硕士、博士,,,,http://tongwei.zhaopin.com/,https://jiuye.uestc.edu.cn/career/recruitment/onsite/fxpqpqtq4ef6,verified,https://jiuye.uestc.edu.cn/career/recruitment/onsite,
c9e18f84519c61bc8b952bc556f91252088f6ee58288b1d8e506c6047551d840,2026-09-10 08:42:32,2026-09-10 08:42:32,现场招聘,大唐水电科学技术研究院有限公司,,未明确列出,2026-09-09 18:47:55,2026-09-17,四川省:成都市,2026-09-17,09:30,11:30,【清】品学楼B108,硕士、博士,,,,,https://jiuye.uestc.edu.cn/career/recruitment/onsite/fxpj92rbiqyq,verified,https://jiuye.uestc.edu.cn/career/recruitment/onsite,
061a88f652bea029c72d9b3c5d63d3afd67b6e59b5fa6ea626a4e34d4709958b,2026-09-10 08:42:32,2026-09-10 08:42:32,现场招聘,陆军直招军官,,未明确列出,2026-09-09 11:25:28,2026-09-17,其他(具体查看招聘信息),2026-09-17,09:30,11:30,【清】学生活动中心201,本科、硕士、博士,,,,,https://jiuye.uestc.edu.cn/career/recruitment/onsite/fxp36qpdncht,verified,https://jiuye.uestc.edu.cn/career/recruitment/onsite,
1d38a92e40c0f52df538402bbdaa03338b5dfdbc278ed43b9bae3f9bc55b2b46,2026-09-10 08:42:32,2026-09-10 08:42:32,现场招聘,长沙景嘉微电子股份有限公司,景嘉微 2027 届“景星计划”校园招聘简章,芯片架构师,2026-09-09 18:58:44,2026-09-18,长沙/上海/北京,2026-09-18,19:30,20:30,【清】立人楼B117,硕士/博士,计算机、电子、微电子、集成电路等相关专业,,,,https://jiuye.uestc.edu.cn/career/recruitment/onsite/fxq6ify0ow01,verified,https://jiuye.uestc.edu.cn/career/recruitment/onsite,
8785b84c6eb67eb3d3383abc72fa383ff45efe7398ced33add5b777d871513e4,2026-09-10 08:42:32,2026-09-10 08:42:32,现场招聘,长沙景嘉微电子股份有限公司,景嘉微 2027 届“景星计划”校园招聘简章,建模工程师,2026-09-09 18:58:44,2026-09-18,长沙/上海/北京,2026-09-18,19:30,20:30,【清】立人楼B117,硕士/博士,计算机、数学、电子信息等相关专业,,,,https://jiuye.uestc.edu.cn/career/recruitment/onsite/fxq6ify0ow01,verified,https://jiuye.uestc.edu.cn/career/recruitment/onsite,
810b26ba89111d5798447b46dcd273a08fa496f73522ba3e0b393b712e45728e,2026-09-10 08:42:32,2026-09-10 08:42:32,现场招聘,长沙景嘉微电子股份有限公司,景嘉微 2027 届“景星计划”校园招聘简章,编译器工程师,2026-09-09 18:58:44,2026-09-18,长沙/上海/北京,2026-09-18,19:30,20:30,【清】立人楼B117,硕士/博士,编译器、软件等相关专业,,,,https://jiuye.uestc.edu.cn/career/recruitment/onsite/fxq6ify0ow01,verified,https://jiuye.uestc.edu.cn/career/recruitment/onsite,
235ae6baaeb5e8cef558e38ac7240644af43e4393e8bfb2167589edf49398273,2026-09-10 08:42:32,2026-09-10 08:42:32,现场招聘,长沙景嘉微电子股份有限公司,景嘉微 2027 届“景星计划”校园招聘简章,GPU低功耗设计工程师,2026-09-09 18:58:44,2026-09-18,长沙,2026-09-18,19:30,20:30,【清】立人楼B117,硕士/博士,计算机、电子电路等相关专业,,,,https://jiuye.uestc.edu.cn/career/recruitment/onsite/fxq6ify0ow01,verified,https://jiuye.uestc.edu.cn/career/recruitment/onsite,
2e1ab50aa203f815adc5e581d26a106ebab218b61ae9107637304a3691df176a,2026-09-10 08:42:32,2026-09-10 08:42:32,现场招聘,长沙景嘉微电子股份有限公司,景嘉微 2027 届“景星计划”校园招聘简章,GPU图形架构工程师,2026-09-09 18:58:44,2026-09-18,上海,2026-09-18,19:30,20:30,【清】立人楼B117,硕士,计算机、电子电路等相关专业,,,,https://jiuye.uestc.edu.cn/career/recruitment/onsite/fxq6ify0ow01,verified,https://jiuye.uestc.edu.cn/career/recruitment/onsite,
f009d639f3cdb351d8a16ac6d63775a29773243629c37f8e50c1acac423a93ed,2026-09-10 08:42:32,2026-09-10 08:42:32,现场招聘,长沙景嘉微电子股份有限公司,景嘉微 2027 届“景星计划”校园招聘简章,算法工程师,2026-09-09 18:58:44,2026-09-18,长沙,2026-09-18,19:30,20:30,【清】立人楼B117,博士,计算机、电子、雷达、通信、自动化等相关专业,,,,https://jiuye.uestc.edu.cn/career/recruitment/onsite/fxq6ify0ow01,verified,https://jiuye.uestc.edu.cn/career/recruitment/onsite,
91258e5f996d964d07b510c71fee0d86143348418dd49f1d1b515d47ad6a9991,2026-09-10 08:42:32,2026-09-10 08:42:32,现场招聘,长沙景嘉微电子股份有限公司,景嘉微 2027 届“景星计划”校园招聘简章,GPU软件工程师,2026-09-09 18:58:44,2026-09-18,长沙/上海/北京,2026-09-18,19:30,20:30,【清】立人楼B117,硕士,计算机相关专业,,,,https://jiuye.uestc.edu.cn/career/recruitment/onsite/fxq6ify0ow01,verified,https://jiuye.uestc.edu.cn/career/recruitment/onsite,
c9557d385a3217bf507fdcb2e58142dcd2e6786cc4ba4322e7d3e4215f61590d,2026-09-10 08:42:32,2026-09-10 08:42:32,现场招聘,长沙景嘉微电子股份有限公司,景嘉微 2027 届“景星计划”校园招聘简章,AI软件工程师,2026-09-09 18:58:44,2026-09-18,长沙/上海/北京,2026-09-18,19:30,20:30,【清】立人楼B117,硕士,计算机、电子信息、数学等相关专业,,,,https://jiuye.uestc.edu.cn/career/recruitment/onsite/fxq6ify0ow01,verified,https://jiuye.uestc.edu.cn/career/recruitment/onsite,
b1a29031f03a6e06d2e12ff9d21999083231b78a7f11cc47cfd18a068a5c7a63,2026-09-10 08:42:32,2026-09-10 08:42:32,现场招聘,长沙景嘉微电子股份有限公司,景嘉微 2027 届“景星计划”校园招聘简章,软件开发工程师,2026-09-09 18:58:44,2026-09-18,长沙/上海/北京,2026-09-18,19:30,20:30,【清】立人楼B117,硕士,计算机相关专业,,,,https://jiuye.uestc.edu.cn/career/recruitment/onsite/fxq6ify0ow01,verified,https://jiuye.uestc.edu.cn/career/recruitment/onsite,
c413fadccb702ff5b12839c6a55e3889fc6b89c5979cbd1465edad2941ba3a50,2026-09-10 08:42:32,2026-09-10 08:42:32,现场招聘,长沙景嘉微电子股份有限公司,景嘉微 2027 届“景星计划”校园招聘简章,嵌入式软件工程师,2026-09-09 18:58:44,2026-09-18,长沙,2026-09-18,19:30,20:30,【清】立人楼B117,硕士,计算机、电子、通信工程、自动化、人工智能、软件等相关专业,,,,https://jiuye.uestc.edu.cn/career/recruitment/onsite/fxq6ify0ow01,verified,https://jiuye.uestc.edu.cn/career/recruitment/onsite,
95dedc0a66f18c29592260d89a245bb72e189b9ec851b691c3d64f2677533243,2026-09-10 08:42:32,2026-09-10 08:42:32,现场招聘,长沙景嘉微电子股份有限公司,景嘉微 2027 届“景星计划”校园招聘简章,感知算法工程师,2026-09-09 18:58:44,2026-09-18,长沙,2026-09-18,19:30,20:30,【清】立人楼B117,硕士,计算机、电子信息、人工智能、自动化、数学等相关专业,,,,https://jiuye.uestc.edu.cn/career/recruitment/onsite/fxq6ify0ow01,verified,https://jiuye.uestc.edu.cn/career/recruitment/onsite,
8228f416b20aed68f354fe8889a4413ef88cc0458856c24c3aca1d15f8fc5441,2026-09-10 08:42:32,2026-09-10 08:42:32,现场招聘,长沙景嘉微电子股份有限公司,景嘉微 2027 届“景星计划”校园招聘简章,软件工程师,2026-09-09 18:58:44,2026-09-18,长沙,2026-09-18,19:30,20:30,【清】立人楼B117,硕士,计算机、电子信息、软件、自动化、数学等相关专业,,,,https://jiuye.uestc.edu.cn/career/recruitment/onsite/fxq6ify0ow01,verified,https://jiuye.uestc.edu.cn/career/recruitment/onsite,
ca85f8a29bf2b6cae376cb412bfcdd3f70a3201f89eaf16409ffd358f1ef64e1,2026-09-10 08:42:32,2026-09-10 08:42:32,现场招聘,长沙景嘉微电子股份有限公司,景嘉微 2027 届“景星计划”校园招聘简章,AI应用开发工程师,2026-09-09 18:58:44,2026-09-18,长沙,2026-09-18,19:30,20:30,【清】立人楼B117,硕士,计算机、人工智能、软件工程、电子信息、自动化等相关专业,,,,https://jiuye.uestc.edu.cn/career/recruitment/onsite/fxq6ify0ow01,verified,https://jiuye.uestc.edu.cn/career/recruitment/onsite,
d78a0a04948bf8a0559729fe33ffb1ce08ccc7d09949848cf120afff2e3da12d,2026-09-10 08:42:32,2026-09-10 08:42:32,现场招聘,长沙景嘉微电子股份有限公司,景嘉微 2027 届“景星计划”校园招聘简章,测试工程师,2026-09-09 18:58:44,2026-09-18,长沙,2026-09-18,19:30,20:30,【清】立人楼B117,硕士,电子信息、计算机、自动化、通信工程、微电子等相关专业,,,,https://jiuye.uestc.edu.cn/career/recruitment/onsite/fxq6ify0ow01,verified,https://jiuye.uestc.edu.cn/career/recruitment/onsite,
7649a596acd2f09c9b8be4aa44159bf067e95601ad7f31ac661a28db3bbad5d2,2026-09-10 08:42:32,2026-09-10 08:42:32,现场招聘,长沙景嘉微电子股份有限公司,景嘉微 2027 届“景星计划”校园招聘简章,数字电路工程师,2026-09-09 18:58:44,2026-09-18,长沙,2026-09-18,19:30,20:30,【清】立人楼B117,硕士,电子信息、计算机、自动化、通信等相关专业,,,,https://jiuye.uestc.edu.cn/career/recruitment/onsite/fxq6ify0ow01,verified,https://jiuye.uestc.edu.cn/career/recruitment/onsite,
6d59d88787d1cecf3f893a4c3fa8649f92b323a230e400cc90a2104a428370ac,2026-09-10 08:42:32,2026-09-10 08:42:32,现场招聘,长沙景嘉微电子股份有限公司,景嘉微 2027 届“景星计划”校园招聘简章,IC设计工程师,2026-09-09 18:58:44,2026-09-18,长沙/上海/北京,2026-09-18,19:30,20:30,【清】立人楼B117,硕士/博士,计算机、微电子、电子信息等相关专业,,,,https://jiuye.uestc.edu.cn/career/recruitment/onsite/fxq6ify0ow01,verified,https://jiuye.uestc.edu.cn/career/recruitment/onsite,
81b760cf83440898a30cc3ddfbe2ca1658e800c1989cd1fe7c4e7f5999fdf20d,2026-09-10 08:42:32,2026-09-10 08:42:32,现场招聘,长沙景嘉微电子股份有限公司,景嘉微 2027 届“景星计划”校园招聘简章,IC验证工程师,2026-09-09 18:58:44,2026-09-18,长沙/上海/北京,2026-09-18,19:30,20:30,【清】立人楼B117,硕士/博士,计算机、电子电路等相关专业,,,,https://jiuye.uestc.edu.cn/career/recruitment/onsite/fxq6ify0ow01,verified,https://jiuye.uestc.edu.cn/career/recruitment/onsite,
facf8d12382a35f7e91427b6144824b8ec0b1e2f444a3b88ffb04ba5fe2f9586,2026-09-10 08:42:32,2026-09-10 08:42:32,现场招聘,长沙景嘉微电子股份有限公司,景嘉微 2027 届“景星计划”校园招聘简章,硬件工程师,2026-09-09 18:58:44,2026-09-18,长沙,2026-09-18,19:30,20:30,【清】立人楼B117,硕士/博士,电子信息、通信工程、自动化、人工智能等相关专业,,,,https://jiuye.uestc.edu.cn/career/recruitment/onsite/fxq6ify0ow01,verified,https://jiuye.uestc.edu.cn/career/recruitment/onsite,
19c5f1ff7870ae3bdc915cd1847769867cf8b4c7ad97832bc6bb3e69ec44431d,2026-09-10 08:42:32,2026-09-10 08:42:32,现场招聘,长沙景嘉微电子股份有限公司,景嘉微 2027 届“景星计划”校园招聘简章,微波工程师,2026-09-09 18:58:44,2026-09-18,长沙,2026-09-18,19:30,20:30,【清】立人楼B117,硕士,电子科学与技术、通信工程 、电子信息、集成电路等相关专业,,,,https://jiuye.uestc.edu.cn/career/recruitment/onsite/fxq6ify0ow01,verified,https://jiuye.uestc.edu.cn/career/recruitment/onsite,
cd8e6c70f8e75a98f5cffbb583bd64342d157f5bf39847587c35f3f476f98a55,2026-09-10 08:42:32,2026-09-10 08:42:32,现场招聘,长沙景嘉微电子股份有限公司,景嘉微 2027 届“景星计划”校园招聘简章,财务管培生,2026-09-09 18:58:44,2026-09-18,长沙,2026-09-18,19:30,20:30,【清】立人楼B117,硕士,会计、审计等相关专业,,,,https://jiuye.uestc.edu.cn/career/recruitment/onsite/fxq6ify0ow01,verified,https://jiuye.uestc.edu.cn/career/recruitment/onsite,
b0718d39713a4241ca86948d8d7a45033f95a1f8b423c6f90ed6fc28ca25c044,2026-09-10 08:42:32,2026-09-10 08:42:32,现场招聘,长沙景嘉微电子股份有限公司,景嘉微 2027 届“景星计划”校园招聘简章,计划工程师,2026-09-09 18:58:44,2026-09-18,长沙,2026-09-18,19:30,20:30,【清】立人楼B117,硕士,供应链管理相关专业,,,,https://jiuye.uestc.edu.cn/career/recruitment/onsite/fxq6ify0ow01,verified,https://jiuye.uestc.edu.cn/career/recruitment/onsite,
75a150f46c48d0f06deed9adbe1b006035dfe3021b2281ae4fc3d31dc78e855a,2026-09-10 08:42:32,2026-09-10 08:42:32,现场招聘,长沙景嘉微电子股份有限公司,景嘉微 2027 届“景星计划”校园招聘简章,销售经理,2026-09-09 18:58:44,2026-09-18,长沙,2026-09-18,19:30,20:30,【清】立人楼B117,本科,计算机、电子、通信相关专业或经济、管理相关专业,,,,https://jiuye.uestc.edu.cn/career/recruitment/onsite/fxq6ify0ow01,verified,https://jiuye.uestc.edu.cn/career/recruitment/onsite,
a6f09c510331cd7b428cd3fb3b115bd2cacf397443923404ee6439fca9a1f2f7,2026-09-10 08:42:32,2026-09-10 08:42:32,现场招聘,长沙景嘉微电子股份有限公司,景嘉微 2027 届“景星计划”校园招聘简章,营销助理,2026-09-09 18:58:44,2026-09-18,长沙/上海/北京,2026-09-18,19:30,20:30,【清】立人楼B117,本科,计算机、电子、通信、营销等相关专业,,,,https://jiuye.uestc.edu.cn/career/recruitment/onsite/fxq6ify0ow01,verified,https://jiuye.uestc.edu.cn/career/recruitment/onsite,
4e49bff2156bdc98fcf734293dd9dbd21b9c18c97980bbab576403d8aa110f81,2026-09-10 08:42:32,2026-09-10 08:42:32,现场招聘,贵州电网有限责任公司,,未明确列出,2026-09-09 11:31:43,2026-09-20,其他(具体查看招聘信息),2026-09-20,15:00,17:00,【清】品学楼B109,本科、硕士、博士,,,,,https://jiuye.uestc.edu.cn/career/recruitment/onsite/fxovp5f8ni81,verified,https://jiuye.uestc.edu.cn/career/recruitment/onsite,
fd4cbce2eff09b572a24cacecaf15c8c5e9a99328e2f4419d1647d37d75db45a,2026-09-10 08:42:32,2026-09-10 08:42:32,现场招聘,中移(苏州)软件技术有限公司,中国移动云公司2027届校园招聘简章,未明确列出,2026-09-09 11:32:35,2026-09-21,其他(具体查看招聘信息),2026-09-21,19:30,21:00,【清】品学楼B109,硕士、博士,,,,,https://jiuye.uestc.edu.cn/career/recruitment/onsite/fxp3ixj5z75u,verified,https://jiuye.uestc.edu.cn/career/recruitment/onsite,
f728df3f1ccdaedb41a150207319e9d0acf4ce3d7af2ccac9497d92765c36683,2026-09-10 08:42:32,2026-09-10 08:42:32,现场招聘,进迭时空(杭州)科技有限公司,,未明确列出,2026-09-09 16:30:07,2026-09-21,广东省:珠海市,2026-09-21,19:30,21:00,【清】品学楼B205,本科、硕士,,,,https://app.mokahr.com/campus-recruitment/space-t1/67916,https://jiuye.uestc.edu.cn/career/recruitment/onsite/fxp1pein3yf5,verified,https://jiuye.uestc.edu.cn/career/recruitment/onsite,
e65c8169623e5d0dce50629fb2aa293c12eedf16d83a5e2e87e7a7954d095512,2026-09-10 08:42:32,2026-09-10 08:42:32,现场招聘,成都华西公用医疗信息服务有限公司,,未明确列出,2026-09-09 11:34:46,2026-09-23,四川省:成都市,2026-09-23,14:00,16:00,【清】学生活动中心220,硕士,,,,,https://jiuye.uestc.edu.cn/career/recruitment/onsite/fxp3cjk6ihoi,verified,https://jiuye.uestc.edu.cn/career/recruitment/onsite,
34a4af3a7814d2823f33067a3a94000d5c58c1d907ef9eb3b2df6ce3b125c982,2026-09-10 08:42:32,2026-09-10 08:42:32,现场招聘,国营川西机器厂,国营川西机器厂2027届校园招聘简章,设计师(控制软件开发),2026-09-09 14:48:04,2026-09-23,其他(具体查看招聘信息),2026-09-23,16:30,18:00,【清】学生活动中心220,硕士,电子科学与技术、电子信息工程、软件工程、测控技术与仪器、自动化、电气工程及其自动化等专业及相关专业,,,,https://jiuye.uestc.edu.cn/career/recruitment/onsite/fxpe7t4izt36,verified,https://jiuye.uestc.edu.cn/career/recruitment/onsite,
c1a2f92ef1a3107517241c78cd0092d8609d88722af8515a90a4bbff5b7110d2,2026-09-10 08:42:32,2026-09-10 08:42:32,现场招聘,国营川西机器厂,国营川西机器厂2027届校园招聘简章,设计师(系统测试),2026-09-09 14:48:04,2026-09-23,其他(具体查看招聘信息),2026-09-23,16:30,18:00,【清】学生活动中心220,硕士,测控技术与仪器、自动化、电气工程及其自动化、智能制造工程、电子信息工程等专业及相关专业,,,,https://jiuye.uestc.edu.cn/career/recruitment/onsite/fxpe7t4izt36,verified,https://jiuye.uestc.edu.cn/career/recruitment/onsite,
471b860536484adcd3e10faf4f26750c3f2189baf11c4fde56a469c09f500acc,2026-09-10 08:42:32,2026-09-10 08:42:32,现场招聘,国营川西机器厂,国营川西机器厂2027届校园招聘简章,消防工程师,2026-09-09 14:48:04,2026-09-23,其他(具体查看招聘信息),2026-09-23,16:30,18:00,【清】学生活动中心220,硕士,消防工程、应急技术与管理、抢险救援指挥与技术、火灾勘查等专业及相关专业,,,,https://jiuye.uestc.edu.cn/career/recruitment/onsite/fxpe7t4izt36,verified,https://jiuye.uestc.edu.cn/career/recruitment/onsite,
64ecdf677f472877422a0fd33e69c0c6d5f859131443a692c2e128befadd5761,2026-09-10 08:42:32,2026-09-10 08:42:32,现场招聘,国营川西机器厂,国营川西机器厂2027届校园招聘简章,资产/成本会计,2026-09-09 14:48:04,2026-09-23,其他(具体查看招聘信息),2026-09-23,16:30,18:00,【清】学生活动中心220,硕士/本科,会计学、财务管理、智能会计及/大数据会计、税收学等专业及相关专业,,,,https://jiuye.uestc.edu.cn/career/recruitment/onsite/fxpe7t4izt36,verified,https://jiuye.uestc.edu.cn/career/recruitment/onsite,
78b5cb2bb5af00615c8d9ea4c31b94e612537211d3944e10a3f9959840b862d1,2026-09-10 08:42:32,2026-09-10 08:42:32,现场招聘,国营川西机器厂,国营川西机器厂2027届校园招聘简章,纪检监察专员,2026-09-09 14:48:04,2026-09-23,其他(具体查看招聘信息),2026-09-23,16:30,18:00,【清】学生活动中心220,硕士/本科,会计、会计学、财务管理、审计、审计学等财务审计类专业或纪检监察学、纪检与监察法学、监察法学等专业及相关专业,,,,https://jiuye.uestc.edu.cn/career/recruitment/onsite/fxpe7t4izt36,verified,https://jiuye.uestc.edu.cn/career/recruitment/onsite,
25744e5a8407ca591ad340aceff57fa959aeb00e858d9a430dbb8106ff4a5fb1,2026-09-10 08:42:32,2026-09-10 08:42:32,现场招聘,国营川西机器厂,国营川西机器厂2027届校园招聘简章,技术员(信息技术),2026-09-09 14:48:04,2026-09-23,其他(具体查看招聘信息),2026-09-23,16:30,18:00,【清】学生活动中心220,博士/硕士,人工智能、数据科学与大数据、软件工程、计算机科学等专业及相关专业,,,,https://jiuye.uestc.edu.cn/career/recruitment/onsite/fxpe7t4izt36,verified,https://jiuye.uestc.edu.cn/career/recruitment/onsite,
7c8d840e5c0cb91972a7fde569b5e5fde6cae004a90c776de92d56c9a252b044,2026-09-10 08:42:32,2026-09-10 08:42:32,现场招聘,国营川西机器厂,国营川西机器厂2027届校园招聘简章,技术员(仪表仪器),2026-09-09 14:48:04,2026-09-23,其他(具体查看招聘信息),2026-09-23,16:30,18:00,【清】学生活动中心220,硕士,测控技术与仪器、机械、自动化、仪器仪表等专业及相关专业,,,,https://jiuye.uestc.edu.cn/career/recruitment/onsite/fxpe7t4izt36,verified,https://jiuye.uestc.edu.cn/career/recruitment/onsite,
b3547f6b20ef3b6fd904e443c77344f088ddb806f4dc15a11b7de9ca74aa104b,2026-09-10 08:42:32,2026-09-10 08:42:32,现场招聘,国营川西机器厂,国营川西机器厂2027届校园招聘简章,技术员(供配电),2026-09-09 14:48:04,2026-09-23,其他(具体查看招聘信息),2026-09-23,16:30,18:00,【清】学生活动中心220,本科,电气工程及其自动化、电力系统及其自动化等专业及相关专业,,,,https://jiuye.uestc.edu.cn/career/recruitment/onsite/fxpe7t4izt36,verified,https://jiuye.uestc.edu.cn/career/recruitment/onsite,
4bd75f008238b555320d294a77a31a95f518012ddc1e0ca919177a68e94c536d,2026-09-10 08:42:32,2026-09-10 08:42:32,现场招聘,国营川西机器厂,国营川西机器厂2027届校园招聘简章,技术员(压气机),2026-09-09 14:48:04,2026-09-23,其他(具体查看招聘信息),2026-09-23,16:30,18:00,【清】学生活动中心220,硕士,飞行器动力工程、飞行器制造工程、机械设计制造及其自动化、能源与动力工程等专业及相关专业,,,,https://jiuye.uestc.edu.cn/career/recruitment/onsite/fxpe7t4izt36,verified,https://jiuye.uestc.edu.cn/career/recruitment/onsite,
e2f0052346f1190ca03a01fe9d14c6eee127bcde0d109ca312d0999d9b12ec72,2026-09-10 08:42:32,2026-09-10 08:42:32,现场招聘,国营川西机器厂,国营川西机器厂2027届校园招聘简章,技术员(装配),2026-09-09 14:48:04,2026-09-23,其他(具体查看招聘信息),2026-09-23,16:30,18:00,【清】学生活动中心220,硕士,飞行器动力工程、飞行器制造工程、机械设计制造及其自动化、能源与动力工程等专业及相关专业,,,,https://jiuye.uestc.edu.cn/career/recruitment/onsite/fxpe7t4izt36,verified,https://jiuye.uestc.edu.cn/career/recruitment/onsite,
8e69dfb92057da95c3fe834bfe38092558b9cf0fba43239b0f60f907f30b1690,2026-09-10 08:42:32,2026-09-10 08:42:32,现场招聘,国营川西机器厂,国营川西机器厂2027届校园招聘简章,技术员(电气),2026-09-09 14:48:04,2026-09-23,其他(具体查看招聘信息),2026-09-23,16:30,18:00,【清】学生活动中心220,硕士/本科,电子信息、控制科学与工程、电子工程、自动化等专业及相关专业,,,,https://jiuye.uestc.edu.cn/career/recruitment/onsite/fxpe7t4izt36,verified,https://jiuye.uestc.edu.cn/career/recruitment/onsite,
6beca3e42c22b21968fc51465e875de2fce8fbb3e2dfb943a984b8303f38a3a6,2026-09-10 08:42:32,2026-09-10 08:42:32,现场招聘,国营川西机器厂,国营川西机器厂2027届校园招聘简章,技术员(轴承),2026-09-09 14:48:04,2026-09-23,其他(具体查看招聘信息),2026-09-23,16:30,18:00,【清】学生活动中心220,硕士,机械工程(轴承方向)、机械设计制造及其自动化(轴承方向)等专业及相关专业,,,,https://jiuye.uestc.edu.cn/career/recruitment/onsite/fxpe7t4izt36,verified,https://jiuye.uestc.edu.cn/career/recruitment/onsite,
e7f9e5ace362676fb33b235ec0fdb719d887180fc0980fe8340ea049293dac2d,2026-09-10 08:42:32,2026-09-10 08:42:32,现场招聘,国营川西机器厂,国营川西机器厂2027届校园招聘简章,技术员(燃烧),2026-09-09 14:48:04,2026-09-23,其他(具体查看招聘信息),2026-09-23,16:30,18:00,【清】学生活动中心220,硕士/本科,飞行器动力工程、飞行器制造工程、机械设计制造及其自动化、能源与动力工程等专业及相关专业,,,,https://jiuye.uestc.edu.cn/career/recruitment/onsite/fxpe7t4izt36,verified,https://jiuye.uestc.edu.cn/career/recruitment/onsite,
e84a6b846b71391c99e8a04cfb1dea3d8c341a9e5669eface9c87f6a3f82f2bc,2026-09-10 08:42:32,2026-09-10 08:42:32,现场招聘,国营川西机器厂,国营川西机器厂2027届校园招聘简章,技术员(压气机叶片),2026-09-09 14:48:04,2026-09-23,其他(具体查看招聘信息),2026-09-23,16:30,18:00,【清】学生活动中心220,硕士,飞行器动力工程、飞行器制造工程、机械设计制造及其自动化、能源与动力工程等专业及相关专业,,,,https://jiuye.uestc.edu.cn/career/recruitment/onsite/fxpe7t4izt36,verified,https://jiuye.uestc.edu.cn/career/recruitment/onsite,
8e384b2e26115c17955a19515bd1ad2db6013fbd761b39e5d4290ad56e25e223,2026-09-10 08:42:32,2026-09-10 08:42:32,现场招聘,美的集团股份有限公司,美的集团2027届全球校园招聘简章,未明确列出,2026-09-09 16:45:18,2026-09-24,其他(具体查看招聘信息),2026-09-24,16:30,18:00,【清】学生活动中心220,本科、硕士、博士,,,,https://careers.midea.com/,https://jiuye.uestc.edu.cn/career/recruitment/onsite/fxpja82j2ebm,verified,https://jiuye.uestc.edu.cn/career/recruitment/onsite,
a8d4c7bda99a56c53cf86e75f74258a0a1b71d93402d441d43bf53bfe3416b67,2026-09-10 08:42:32,2026-09-10 08:42:32,现场招聘,中车株洲电力机车有限公司,中车株洲电力机车有限公司2027届校园招聘简章,未明确列出,2026-09-09 15:28:46,2026-09-28,湖南省:株洲市,2026-09-28,15:00,17:00,【清】立人楼B118,本科、硕士、博士,,,,https://crrc-zj.hotjob.cn/,https://jiuye.uestc.edu.cn/career/recruitment/onsite/fxpnyc84gx6p,verified,https://jiuye.uestc.edu.cn/career/recruitment/onsite,
90d0ac8354b8de4e94c89847c1f86d868b182ed040487672050053de610eeb2e,2026-09-10 08:42:32,2026-09-10 08:42:32,需求信息,宁波银行股份有限公司,宁波银行招聘简章,未明确列出,2026-09-10 08:32:36,2026-09-09,浙江省:宁波市,,,,,本科、硕士、博士、博士后,,2026-10-31 00:00:00,,https://zhaopin.nbcb.com.cn/,https://jiuye.uestc.edu.cn/career/recruitment/online/fxqqqtdhsxz5,verified,https://jiuye.uestc.edu.cn/career/recruitment/online,
89266706c55ef1236bfe51af42eb81b324636e020ed31cf7e6ca0067eb0094f6,2026-09-10 08:42:32,2026-09-10 08:42:32,需求信息,深圳明锐理想科技股份有限公司,深圳明锐理想科技股份有限公司校园招聘简章(2027秋招),电气工程师,2026-09-09 18:41:51,2026-09-10,深圳,,,,,硕士及以上,电气、自动化、控制等相关专业,2027-08-31 18:01:20,,https://www.magic-ray.com/join.html,https://jiuye.uestc.edu.cn/career/recruitment/online/fxq3g1k77y81,verified,https://jiuye.uestc.edu.cn/career/recruitment/online,
e3d35293f386699e7bc9722b5c36858e5706d070558505afce22826cfa852ff6,2026-09-10 08:42:32,2026-09-10 08:42:32,需求信息,深圳明锐理想科技股份有限公司,深圳明锐理想科技股份有限公司校园招聘简章(2027秋招),机械工程师,2026-09-09 18:41:51,2026-09-10,深圳/东莞/广州,,,,,硕士及以上,机械、力学等相关专业,2027-08-31 18:01:20,,https://www.magic-ray.com/join.html,https://jiuye.uestc.edu.cn/career/recruitment/online/fxq3g1k77y81,verified,https://jiuye.uestc.edu.cn/career/recruitment/online,
fcd2ae8b37a68b28bb2239e0ad77d7db19210fc3cb99dcdd1894bcfeafc1619d,2026-09-10 08:42:32,2026-09-10 08:42:32,需求信息,深圳明锐理想科技股份有限公司,深圳明锐理想科技股份有限公司校园招聘简章(2027秋招),图像算法工程师(AI/经典算法/CT算法),2026-09-09 18:41:51,2026-09-10,深圳,,,,,硕士及以上,计算机、软件工程、自动化、数学、物理、生物医学等相关专业,2027-08-31 18:01:20,,https://www.magic-ray.com/join.html,https://jiuye.uestc.edu.cn/career/recruitment/online/fxq3g1k77y81,verified,https://jiuye.uestc.edu.cn/career/recruitment/online,
21de38e354ddaa9ceb4ba2d482084e70e0820f7657a900ccd9142bbcd13263ed,2026-09-10 08:42:32,2026-09-10 08:42:32,需求信息,深圳明锐理想科技股份有限公司,深圳明锐理想科技股份有限公司校园招聘简章(2027秋招),软件工程师,2026-09-09 18:41:51,2026-09-10,深圳,,,,,本科及以上,计算机、软件工程、自动化、数学等相关专业,2027-08-31 18:01:20,,https://www.magic-ray.com/join.html,https://jiuye.uestc.edu.cn/career/recruitment/online/fxq3g1k77y81,verified,https://jiuye.uestc.edu.cn/career/recruitment/online,
d90fb90c91b79473a23e9fe5ee56365b66b3f9e779dae24113af911a2a7aaeef,2026-09-10 08:42:32,2026-09-10 08:42:32,需求信息,深圳明锐理想科技股份有限公司,深圳明锐理想科技股份有限公司校园招聘简章(2027秋招),产品工程师,2026-09-09 18:41:51,2026-09-10,深圳,,,,,本科及以上,理工科相关专业,2027-08-31 18:01:20,,https://www.magic-ray.com/join.html,https://jiuye.uestc.edu.cn/career/recruitment/online/fxq3g1k77y81,verified,https://jiuye.uestc.edu.cn/career/recruitment/online,
eb556bf3d5e959000ae0dcc51e0f2aa566e57d23aebc46bc325df10668a435a0,2026-09-10 08:42:32,2026-09-10 08:42:32,需求信息,深圳明锐理想科技股份有限公司,深圳明锐理想科技股份有限公司校园招聘简章(2027秋招),测试工程师,2026-09-09 18:41:51,2026-09-10,深圳,,,,,本科,电子信息、自动化、计算机等相关专业,2027-08-31 18:01:20,,https://www.magic-ray.com/join.html,https://jiuye.uestc.edu.cn/career/recruitment/online/fxq3g1k77y81,verified,https://jiuye.uestc.edu.cn/career/recruitment/online,
dabdafcc4cf85dcdf3e02dca393527556c316a763065f4a7e2ddec3e7db06ba1,2026-09-10 08:42:32,2026-09-10 08:42:32,需求信息,深圳明锐理想科技股份有限公司,深圳明锐理想科技股份有限公司校园招聘简章(2027秋招),博士后(图像算法/运动控制/机械方向),2026-09-09 18:41:51,2026-09-10,深圳,,,,,博士,理工科相关专业,2027-08-31 18:01:20,,https://www.magic-ray.com/join.html,https://jiuye.uestc.edu.cn/career/recruitment/online/fxq3g1k77y81,verified,https://jiuye.uestc.edu.cn/career/recruitment/online,
6b840fb037fa80bf0d53da534f44d19ae65b446b5409e95d84c853c76067cf07,2026-09-10 08:42:32,2026-09-10 08:42:32,需求信息,深圳明锐理想科技股份有限公司,深圳明锐理想科技股份有限公司校园招聘简章(2027秋招),销售工程师,2026-09-09 18:41:51,2026-09-10,深圳/东莞/广州/苏州,,,,,本科,专业不限,2027-08-31 18:01:20,,https://www.magic-ray.com/join.html,https://jiuye.uestc.edu.cn/career/recruitment/online/fxq3g1k77y81,verified,https://jiuye.uestc.edu.cn/career/recruitment/online,
1acce26da8984e8349c09f7380e2c1d78197ee6f925b3e91a84b99c6c05983b2,2026-09-10 08:42:32,2026-09-10 08:42:32,需求信息,深圳明锐理想科技股份有限公司,深圳明锐理想科技股份有限公司校园招聘简章(2027秋招),工程储备干部,2026-09-09 18:41:51,2026-09-10,广州,,,,,本科,机械、自动化、电气等相关专业,2027-08-31 18:01:20,,https://www.magic-ray.com/join.html,https://jiuye.uestc.edu.cn/career/recruitment/online/fxq3g1k77y81,verified,https://jiuye.uestc.edu.cn/career/recruitment/online,
801f696a6ef2c7dc98e645c76c4eb12b64deefe843c48b27cb701433059c89b4,2026-09-10 08:42:32,2026-09-10 08:42:32,需求信息,中国石油天然气股份有限公司吐哈油田分公司,招聘公告,油气田工程技术,2026-09-09 18:40:32,2026-09-09,成都市,,,,,硕士研究生博士研究生,"人工智能,数据科学与大数据技术,计算机科学与技术,信息与通信工程,信息安全,信息工程,软件工程,网络工程,物联网工程,智能科学与技术,应用数学,新一代电子信息技术,计算机软件与理论,土木工程,结构工程,岩土工程,供热、供燃气、通风及空调工程,建筑与土木工程、给排水科学与工程,电气工程,电气工程及其自动化,电力系统及其自动化,电气工程与智能控制,智能电网信息工程",2026-10-15 23:59:00,,https://zhaopin.cnpc.com.cn/,https://jiuye.uestc.edu.cn/career/recruitment/online/fxpsgymlreo2,verified,https://jiuye.uestc.edu.cn/career/recruitment/online,
da06b0a01d88022f60c05267658703389facfad0d4cb3ec90477b8c44f00b52e,2026-09-10 08:42:32,2026-09-10 08:42:32,需求信息,烟台东方威思顿电气有限公司,烟台东方威思顿电气有限公司2027届校园招聘简章,未明确列出,2026-09-09 17:02:42,2026-09-09,其他(具体查看招聘信息),,,,,本科、硕士、博士、博士后,,2026-12-31 16:46:41,关注微信服务号 “威思顿wisdom” → 人力资源 → 招聘岗位 → 立即投递,,https://jiuye.uestc.edu.cn/career/recruitment/online/fxpw16msaosh,verified,https://jiuye.uestc.edu.cn/career/recruitment/online,
bad8545827789b5c86db9b29da68b4d40a49e33eceba85c9abebf9c9749eb078,2026-09-10 08:42:32,2026-09-10 08:42:32,需求信息,广汽丰田汽车有限公司,广汽丰田汽车有限公司招聘简章,未明确列出,2026-09-09 16:59:32,2026-09-09,广东省:广州市,,,,,本科、硕士、博士,,2027-05-01 00:00:00,,https://bsurl.cn/v2/Bdz8GT3v,https://jiuye.uestc.edu.cn/career/recruitment/online/fxptyqqnhts2,verified,https://jiuye.uestc.edu.cn/career/recruitment/online,
90a4c03e2667f6bd615e0fa62d74cd0f7b0b6023bf7301a4c22ebd74a5416fbd,2026-09-10 08:42:32,2026-09-10 08:42:32,需求信息,广州地铁集团有限公司,广州地铁集团有限公司2027届校园招聘公告,未明确列出,2026-09-09 16:58:02,2026-09-09,其他(具体查看招聘信息),,,,,本科、硕士、博士,,2026-10-05 00:00:00,,https://gzmetro.zhiye.com/campus,https://jiuye.uestc.edu.cn/career/recruitment/online/fxptj1gd8076,verified,https://jiuye.uestc.edu.cn/career/recruitment/online,
40cd7067154caec37b30d236b68f46e7baec7facef694f42a3e8a818fef04f1a,2026-09-10 08:42:32,2026-09-10 08:42:32,需求信息,卫星化学股份有限公司,卫星集团2027届校园招聘简章,大宗交易研究员,2026-09-09 16:48:32,2026-09-09,"浙江省:嘉兴市,江苏省:连云港市",,,,,硕士,数学、金融学,2027-07-01 00:00:00,,http://www.stl-chem.com/,https://jiuye.uestc.edu.cn/career/recruitment/online/fxprn2nqb7cx,verified,https://jiuye.uestc.edu.cn/career/recruitment/online,
63c24c6f2066d613ff4d50768fc533dca00520fd24c55057536517a8e6b84fcb,2026-09-10 08:42:32,2026-09-10 08:42:32,需求信息,卫星化学股份有限公司,卫星集团2027届校园招聘简章,生产工艺工程师,2026-09-09 16:48:32,2026-09-09,"浙江省:嘉兴市,江苏省:连云港市",,,,,本硕,化学工程与技术、化学工程、化学工艺、高分子材料与科学,2027-07-01 00:00:00,,http://www.stl-chem.com/,https://jiuye.uestc.edu.cn/career/recruitment/online/fxprn2nqb7cx,verified,https://jiuye.uestc.edu.cn/career/recruitment/online,
c186bffbdbe9ae0f37b6ea0f55295dd8752814dc574ec19b4e88404dd27c74a7,2026-09-10 08:42:32,2026-09-10 08:42:32,需求信息,卫星化学股份有限公司,卫星集团2027届校园招聘简章,研发工程师,2026-09-09 16:48:32,2026-09-09,"浙江省:嘉兴市,江苏省:连云港市",,,,,硕博,化学工程与工艺、工业催化、高分子材料与科学,2027-07-01 00:00:00,,http://www.stl-chem.com/,https://jiuye.uestc.edu.cn/career/recruitment/online/fxprn2nqb7cx,verified,https://jiuye.uestc.edu.cn/career/recruitment/online,
45cdb77676fdfb2fb128416413ff254ed1deea6392f3525fa8613fd33d985286,2026-09-10 08:42:32,2026-09-10 08:42:32,需求信息,卫星化学股份有限公司,卫星集团2027届校园招聘简章,设备工程师,2026-09-09 16:48:32,2026-09-09,"浙江省:嘉兴市,江苏省:连云港市",,,,,本硕,过程装备与控制工程、机械自动化,2027-07-01 00:00:00,,http://www.stl-chem.com/,https://jiuye.uestc.edu.cn/career/recruitment/online/fxprn2nqb7cx,verified,https://jiuye.uestc.edu.cn/career/recruitment/online,
7a8ec6c719d9033c5c6702fc26f4ef92b0432e0a033e31514d1641d34bcc9e9c,2026-09-10 08:42:32,2026-09-10 08:42:32,需求信息,卫星化学股份有限公司,卫星集团2027届校园招聘简章,仪表工程师,2026-09-09 16:48:32,2026-09-09,"浙江省:嘉兴市,江苏省:连云港市",,,,,本硕,自动化、工业自动化、测控技术与仪器,2027-07-01 00:00:00,,http://www.stl-chem.com/,https://jiuye.uestc.edu.cn/career/recruitment/online/fxprn2nqb7cx,verified,https://jiuye.uestc.edu.cn/career/recruitment/online,
dd1e42915ea0a70ab128b8600237036fc400d5134cf6aee0ea5472836b841ffd,2026-09-10 08:42:32,2026-09-10 08:42:32,需求信息,卫星化学股份有限公司,卫星集团2027届校园招聘简章,电气工程师,2026-09-09 16:48:32,2026-09-09,"浙江省:嘉兴市,江苏省:连云港市",,,,,本科,电气工程及其自动化、自动化,2027-07-01 00:00:00,,http://www.stl-chem.com/,https://jiuye.uestc.edu.cn/career/recruitment/online/fxprn2nqb7cx,verified,https://jiuye.uestc.edu.cn/career/recruitment/online,
9a1eb011bc264f152b69932927dab34dfcf8374789b3397a435a7cb90bdc738f,2026-09-10 08:42:32,2026-09-10 08:42:32,需求信息,卫星化学股份有限公司,卫星集团2027届校园招聘简章,公用工程工程师,2026-09-09 16:48:32,2026-09-09,"浙江省:嘉兴市,江苏省:连云港市",,,,,本硕,给排水科学与工程、能源与动力工程、化学工程与工艺、环境工程,2027-07-01 00:00:00,,http://www.stl-chem.com/,https://jiuye.uestc.edu.cn/career/recruitment/online/fxprn2nqb7cx,verified,https://jiuye.uestc.edu.cn/career/recruitment/online,
fe7a02254f11c16080fae4e2210245a12d32d5f73347d1330e5d5e2f68e4c267,2026-09-10 08:42:32,2026-09-10 08:42:32,需求信息,卫星化学股份有限公司,卫星集团2027届校园招聘简章,储运工程师,2026-09-09 16:48:32,2026-09-09,"浙江省:嘉兴市,江苏省:连云港市",,,,,本硕,油气储运工程,2027-07-01 00:00:00,,http://www.stl-chem.com/,https://jiuye.uestc.edu.cn/career/recruitment/online/fxprn2nqb7cx,verified,https://jiuye.uestc.edu.cn/career/recruitment/online,
3dcfacf2ffc77e7a6d224a04016f4b133835602203087084b8842a9139423fda,2026-09-10 08:42:32,2026-09-10 08:42:32,需求信息,卫星化学股份有限公司,卫星集团2027届校园招聘简章,化验工程师,2026-09-09 16:48:32,2026-09-09,"浙江省:嘉兴市,江苏省:连云港市",,,,,本科,化学工程、应用化学,2027-07-01 00:00:00,,http://www.stl-chem.com/,https://jiuye.uestc.edu.cn/career/recruitment/online/fxprn2nqb7cx,verified,https://jiuye.uestc.edu.cn/career/recruitment/online,
55fccb01ad82642ba5c872abc60e4315c144dc04aac048da1f722690db0f9682,2026-09-10 08:42:32,2026-09-10 08:42:32,需求信息,卫星化学股份有限公司,卫星集团2027届校园招聘简章,实验工程师,2026-09-09 16:48:32,2026-09-09,"浙江省:嘉兴市,江苏省:连云港市",,,,,本科,化学工程、高分子材料与科学、工业催化,2027-07-01 00:00:00,,http://www.stl-chem.com/,https://jiuye.uestc.edu.cn/career/recruitment/online/fxprn2nqb7cx,verified,https://jiuye.uestc.edu.cn/career/recruitment/online,
ce63c33973f58ac317ff8e8b9f98563e426892fb3de9dbcf9bfb7817c2727b9f,2026-09-10 08:42:32,2026-09-10 08:42:32,需求信息,卫星化学股份有限公司,卫星集团2027届校园招聘简章,质量管理工程师,2026-09-09 16:48:32,2026-09-09,"浙江省:嘉兴市,江苏省:连云港市",,,,,本科,高分子材料与科学,2027-07-01 00:00:00,,http://www.stl-chem.com/,https://jiuye.uestc.edu.cn/career/recruitment/online/fxprn2nqb7cx,verified,https://jiuye.uestc.edu.cn/career/recruitment/online,
faa6b8368f54195c1363cb2fcbc5b131b4158bc8e5e0e79dcce0438531e11bd7,2026-09-10 08:42:32,2026-09-10 08:42:32,需求信息,卫星化学股份有限公司,卫星集团2027届校园招聘简章,销售业务经理,2026-09-09 16:48:32,2026-09-09,"浙江省:嘉兴市,江苏省:连云港市",,,,,本科,市场营销、国际经济与贸易、高分子材料与工程 、化学工程与工艺,2027-07-01 00:00:00,,http://www.stl-chem.com/,https://jiuye.uestc.edu.cn/career/recruitment/online/fxprn2nqb7cx,verified,https://jiuye.uestc.edu.cn/career/recruitment/online,
01c41709e5d7cfdb21dcd61da7507fb56984c02e663a32759a389a0daaff322d,2026-09-10 08:42:32,2026-09-10 08:42:32,需求信息,卫星化学股份有限公司,卫星集团2027届校园招聘简章,外贸业务经理,2026-09-09 16:48:32,2026-09-09,"浙江省:嘉兴市,江苏省:连云港市",,,,,本硕,国际经济与贸易、商务英语、高分子材料、化学工程,2027-07-01 00:00:00,,http://www.stl-chem.com/,https://jiuye.uestc.edu.cn/career/recruitment/online/fxprn2nqb7cx,verified,https://jiuye.uestc.edu.cn/career/recruitment/online,
3f9f78a7d9d57eb0cb5af26a99c7f2fcb6a40fa521aa646c08d6c7be41ba111f,2026-09-10 08:42:32,2026-09-10 08:42:32,需求信息,卫星化学股份有限公司,卫星集团2027届校园招聘简章,应用技术工程师,2026-09-09 16:48:32,2026-09-09,"浙江省:嘉兴市,江苏省:连云港市",,,,,硕士,高分子材料与科学,2027-07-01 00:00:00,,http://www.stl-chem.com/,https://jiuye.uestc.edu.cn/career/recruitment/online/fxprn2nqb7cx,verified,https://jiuye.uestc.edu.cn/career/recruitment/online,
a9747fc52986f255aad7b7a56e2cff378f4b7426904aff675717f87a7ddc528d,2026-09-10 08:42:32,2026-09-10 08:42:32,需求信息,卫星化学股份有限公司,卫星集团2027届校园招聘简章,采购专员,2026-09-09 16:48:32,2026-09-09,"浙江省:嘉兴市,江苏省:连云港市",,,,,本硕,过程装备与控制过程、自动化、化学工程与工艺,2027-07-01 00:00:00,,http://www.stl-chem.com/,https://jiuye.uestc.edu.cn/career/recruitment/online/fxprn2nqb7cx,verified,https://jiuye.uestc.edu.cn/career/recruitment/online,
cf2910f33460431e878b96099912309dc58eeeb97cc1c6f8c16df728a4c2154f,2026-09-10 08:42:32,2026-09-10 08:42:32,需求信息,卫星化学股份有限公司,卫星集团2027届校园招聘简章,财务专员,2026-09-09 16:48:32,2026-09-09,"浙江省:嘉兴市,江苏省:连云港市",,,,,本硕,财务管理、会计学、金融学、统计学,2027-07-01 00:00:00,,http://www.stl-chem.com/,https://jiuye.uestc.edu.cn/career/recruitment/online/fxprn2nqb7cx,verified,https://jiuye.uestc.edu.cn/career/recruitment/online,
efd6498d1824f3e1af8afa6e75716386ae982d7039f63a2e35301dfa521ed5bc,2026-09-10 08:42:32,2026-09-10 08:42:32,需求信息,卫星化学股份有限公司,卫星集团2027届校园招聘简章,法务专员,2026-09-09 16:48:32,2026-09-09,"浙江省:嘉兴市,江苏省:连云港市",,,,,硕士,法学,2027-07-01 00:00:00,,http://www.stl-chem.com/,https://jiuye.uestc.edu.cn/career/recruitment/online/fxprn2nqb7cx,verified,https://jiuye.uestc.edu.cn/career/recruitment/online,
8c8d8ad52cbafd857f3fe7cc8ed649188287e5c33d4e778da147255f9dea1183,2026-09-10 08:42:32,2026-09-10 08:42:32,需求信息,卫星化学股份有限公司,卫星集团2027届校园招聘简章,人力资源专员,2026-09-09 16:48:32,2026-09-09,"浙江省:嘉兴市,江苏省:连云港市",,,,,硕士,人力资源管理、应用心理学,2027-07-01 00:00:00,,http://www.stl-chem.com/,https://jiuye.uestc.edu.cn/career/recruitment/online/fxprn2nqb7cx,verified,https://jiuye.uestc.edu.cn/career/recruitment/online,
8220458f4753839dafa8cf232fba44f2b022e7e22e0edb98a6dbaa43cf2d7ed7,2026-09-10 08:42:32,2026-09-10 08:42:32,需求信息,卫星化学股份有限公司,卫星集团2027届校园招聘简章,信息技术专员,2026-09-09 16:48:32,2026-09-09,"浙江省:嘉兴市,江苏省:连云港市",,,,,硕士,计算机科学与技术、软件工程,2027-07-01 00:00:00,,http://www.stl-chem.com/,https://jiuye.uestc.edu.cn/career/recruitment/online/fxprn2nqb7cx,verified,https://jiuye.uestc.edu.cn/career/recruitment/online,
367d1ad6ee98252d6009394d7c0d50dc24373bd27b3427c81e5fe1188cd1cfae,2026-09-10 08:42:32,2026-09-10 08:42:32,需求信息,中移互联网有限公司,中移互联网2027秋季校园招聘简章,未明确列出,2026-09-09 16:46:41,2026-09-09,广东省:广州市,,,,,本科、硕士、博士、博士后,,2026-09-28 00:00:00,,http://zyhlw.hotjob.cn/,https://jiuye.uestc.edu.cn/career/recruitment/online/fxlsemzasl4y,verified,https://jiuye.uestc.edu.cn/career/recruitment/online,
41b090b38e0846c5672c8dc3f85b3c8474633fdde8f08422bac078ceeb143aad,2026-09-10 08:42:32,2026-09-10 08:42:32,需求信息,智柔操作(上海)科技有限公司,智柔操作 诚聘英才,未明确列出,2026-09-09 15:45:24,2026-09-10,上海市:闵行区,,,,,本科、硕士、博士,,2026-12-31 00:00:00,,,https://jiuye.uestc.edu.cn/career/recruitment/online/fxppoe9z7f9d,verified,https://jiuye.uestc.edu.cn/career/recruitment/online,
d0624671e57b6507c628a72a0eb647e6471de527fe9946d2d50b381f678c6c52,2026-09-10 08:42:32,2026-09-10 08:42:32,需求信息,前锦网络信息技术(上海)有限公司,平安产险总部科技中心2027届校园招聘简章,未明确列出,2026-09-09 15:28:32,2026-09-09,广东省:深圳市,,,,,本科、硕士,,2026-12-31 00:00:00,,https://campus.pingan.com/paccbxkjzx,https://jiuye.uestc.edu.cn/career/recruitment/online/fxpmqdaydtdu,verified,https://jiuye.uestc.edu.cn/career/recruitment/online,
a3aa9f2d6a5469d28cf62a6cee94a81784e0bf6898d52c50b9e36bb84645ed50,2026-09-10 08:42:32,2026-09-10 08:42:32,需求信息,中国科学院沈阳自动化研究所,"以智取胜,控创未来!中国科学院沈阳自动化研究所2026年秋季招聘全面开启!",未明确列出,2026-09-09 15:28:11,2026-09-09,辽宁省:沈阳市,,,,,硕士、博士,,2027-03-01 00:00:00,,,https://jiuye.uestc.edu.cn/career/recruitment/online/fxpmiy7f8zcx,verified,https://jiuye.uestc.edu.cn/career/recruitment/online,
b176176f021dbd9bac74c7c52ddace0c09dba96ba692e58a1deee0cf130bb092,2026-09-10 08:42:32,2026-09-10 08:42:32,需求信息,深圳市飞宇光纤股份有限公司,,未明确列出,2026-09-09 15:27:28,2026-09-09,广东省:深圳市,,,,,本科,,2026-12-31 00:00:00,,,https://jiuye.uestc.edu.cn/career/recruitment/online/fxplax816hoh,verified,https://jiuye.uestc.edu.cn/career/recruitment/online,
a18caed81f4b5d7cbefcd14b3309de807017bdb50591241b4087d5daf832381f,2026-09-10 08:42:32,2026-09-10 08:42:32,需求信息,北京领世瑞丰教育科技有限公司,有道领世2027校园招聘,未明确列出,2026-09-09 14:43:20,2026-09-09,北京市:朝阳区,,,,,本科,,2027-06-01 00:00:00,,,https://jiuye.uestc.edu.cn/career/recruitment/online/fxpkpnv96n7m,verified,https://jiuye.uestc.edu.cn/career/recruitment/online,
bdbdb3232aa05fa8d13ce4014697afe0473ad9e72ca0ac9ce95ec71cf0078f14,2026-09-10 08:42:32,2026-09-10 08:42:32,需求信息,交控科技股份有限公司,交控科技2027届校园招聘简章,青年科学家计划-智能轨道交通方向AI算法工程师,2026-09-09 14:41:44,2026-09-09,北京,,,,,本科、硕士、博士,,2027-06-30 00:00:00,,,https://jiuye.uestc.edu.cn/career/recruitment/online/fxpgzqnuxnnl,verified,https://jiuye.uestc.edu.cn/career/recruitment/online,
3c35fc3abe30e9c10cf5856c27d300d03575096e5dfe8130d0e58bea1ad25ce1,2026-09-10 08:42:32,2026-09-10 08:42:32,需求信息,交控科技股份有限公司,交控科技2027届校园招聘简章,交控航空-青年科学家计划&F1-slam算法工程师,2026-09-09 14:41:44,2026-09-09,深圳,,,,,本科、硕士、博士,,2027-06-30 00:00:00,,,https://jiuye.uestc.edu.cn/career/recruitment/online/fxpgzqnuxnnl,verified,https://jiuye.uestc.edu.cn/career/recruitment/online,
27ec94adec0bec0ac30408353fecf4dcb92b8118c4e98ebd451d47fb75893e7a,2026-09-10 08:42:32,2026-09-10 08:42:32,需求信息,交控科技股份有限公司,交控科技2027届校园招聘简章,具身智能算法工程师,2026-09-09 14:41:44,2026-09-09,北京,,,,,本科、硕士、博士,,2027-06-30 00:00:00,,,https://jiuye.uestc.edu.cn/career/recruitment/online/fxpgzqnuxnnl,verified,https://jiuye.uestc.edu.cn/career/recruitment/online,
bc350ddb65bc4388bbfa5f2c835134dd79066854d3e65116ad9224b3b87d197b,2026-09-10 08:42:32,2026-09-10 08:42:32,需求信息,交控科技股份有限公司,交控科技2027届校园招聘简章,F1软件开发工程师,2026-09-09 14:41:44,2026-09-09,北京/成都,,,,,本科、硕士、博士,,2027-06-30 00:00:00,,,https://jiuye.uestc.edu.cn/career/recruitment/online/fxpgzqnuxnnl,verified,https://jiuye.uestc.edu.cn/career/recruitment/online,
7ab25f4e5e09f24c492c08f0f363f8c076ac1375bcbef22d89dc8cfebbb4c963,2026-09-10 08:42:32,2026-09-10 08:42:32,需求信息,交控科技股份有限公司,交控科技2027届校园招聘简章,产品测试工程师,2026-09-09 14:41:44,2026-09-09,成都,,,,,本科、硕士、博士,,2027-06-30 00:00:00,,,https://jiuye.uestc.edu.cn/career/recruitment/online/fxpgzqnuxnnl,verified,https://jiuye.uestc.edu.cn/career/recruitment/online,
579ea182b1b93f78d9773d4effb641851ba40c3d865fe6f0fed7940f53b6a01e,2026-09-10 08:42:32,2026-09-10 08:42:32,需求信息,交控科技股份有限公司,交控科技2027届校园招聘简章,集成测试工程师,2026-09-09 14:41:44,2026-09-09,成都,,,,,本科、硕士、博士,,2027-06-30 00:00:00,,,https://jiuye.uestc.edu.cn/career/recruitment/online/fxpgzqnuxnnl,verified,https://jiuye.uestc.edu.cn/career/recruitment/online,
5dc147abe5dabb1b85f30444b9217e0df1bd095ebb1285cf640a67938b7fbdcc,2026-09-10 08:42:32,2026-09-10 08:42:32,需求信息,交控科技股份有限公司,交控科技2027届校园招聘简章,测试工程师,2026-09-09 14:41:44,2026-09-09,北京/成都,,,,,本科、硕士、博士,,2027-06-30 00:00:00,,,https://jiuye.uestc.edu.cn/career/recruitment/online/fxpgzqnuxnnl,verified,https://jiuye.uestc.edu.cn/career/recruitment/online,
51c9d698870d7dc8c81423c76a9662e0dd4766809603d892b5b6e58ebfa27498,2026-09-10 08:42:32,2026-09-10 08:42:32,需求信息,交控科技股份有限公司,交控科技2027届校园招聘简章,系统设计工程师,2026-09-09 14:41:44,2026-09-09,北京/成都,,,,,本科、硕士、博士,,2027-06-30 00:00:00,,,https://jiuye.uestc.edu.cn/career/recruitment/online/fxpgzqnuxnnl,verified,https://jiuye.uestc.edu.cn/career/recruitment/online,
b751e37c0de597ddc803331e866e32b7a17584064d64700e461159d12a031578,2026-09-10 08:42:32,2026-09-10 08:42:32,需求信息,交控科技股份有限公司,交控科技2027届校园招聘简章,项目工程师,2026-09-09 14:41:44,2026-09-09,北京/成都/深圳,,,,,本科、硕士、博士,,2027-06-30 00:00:00,,,https://jiuye.uestc.edu.cn/career/recruitment/online/fxpgzqnuxnnl,verified,https://jiuye.uestc.edu.cn/career/recruitment/online,
08631bc256dc56d461a1e496a8c5789a2792e6b8afbbb30b293ec694bca06724,2026-09-10 08:42:32,2026-09-10 08:42:32,需求信息,交控科技股份有限公司,交控科技2027届校园招聘简章,硬件工程师,2026-09-09 14:41:44,2026-09-09,北京/成都,,,,,本科、硕士、博士,,2027-06-30 00:00:00,,,https://jiuye.uestc.edu.cn/career/recruitment/online/fxpgzqnuxnnl,verified,https://jiuye.uestc.edu.cn/career/recruitment/online,
c8096f77b4ae5787fc503ad00ef3ec9a6590b648a521c3c0915d77a45a24fcc6,2026-09-10 08:42:32,2026-09-10 08:42:32,需求信息,交控科技股份有限公司,交控科技2027届校园招聘简章,平台软件工程师,2026-09-09 14:41:44,2026-09-09,成都,,,,,本科、硕士、博士,,2027-06-30 00:00:00,,,https://jiuye.uestc.edu.cn/career/recruitment/online/fxpgzqnuxnnl,verified,https://jiuye.uestc.edu.cn/career/recruitment/online,
e8568a7a52724ae031605989edf540199901f4b65fae44da559360c546ec8567,2026-09-10 08:42:32,2026-09-10 08:42:32,需求信息,交控科技股份有限公司,交控科技2027届校园招聘简章,驱动软件工程师,2026-09-09 14:41:44,2026-09-09,北京,,,,,本科、硕士、博士,,2027-06-30 00:00:00,,,https://jiuye.uestc.edu.cn/career/recruitment/online/fxpgzqnuxnnl,verified,https://jiuye.uestc.edu.cn/career/recruitment/online,
d4a4c0726d27d695d2e9b22360e9c91221ccf1b9b2b213fe43480aec16cf3903,2026-09-10 08:42:32,2026-09-10 08:42:32,需求信息,交控科技股份有限公司,交控科技2027届校园招聘简章,软件开发工程师,2026-09-09 14:41:44,2026-09-09,北京/成都,,,,,本科、硕士、博士,,2027-06-30 00:00:00,,,https://jiuye.uestc.edu.cn/career/recruitment/online/fxpgzqnuxnnl,verified,https://jiuye.uestc.edu.cn/career/recruitment/online,
394aae6d5330932a6bc069a2587bdfa56f0b8a526dcfcaca71bdaa89619e3ad8,2026-09-10 08:42:32,2026-09-10 08:42:32,需求信息,交控科技股份有限公司,交控科技2027届校园招聘简章,交控航空-嵌入式软件工程师,2026-09-09 14:41:44,2026-09-09,深圳,,,,,本科、硕士、博士,,2027-06-30 00:00:00,,,https://jiuye.uestc.edu.cn/career/recruitment/online/fxpgzqnuxnnl,verified,https://jiuye.uestc.edu.cn/career/recruitment/online,
f2c3c878ebd6134c859a5830de8fd9a75d444417ef40ed63af7d572105467ecf,2026-09-10 08:42:32,2026-09-10 08:42:32,需求信息,交控科技股份有限公司,交控科技2027届校园招聘简章,米塔盒子-质量工程师,2026-09-09 14:41:44,2026-09-09,北京,,,,,本科、硕士、博士,,2027-06-30 00:00:00,,,https://jiuye.uestc.edu.cn/career/recruitment/online/fxpgzqnuxnnl,verified,https://jiuye.uestc.edu.cn/career/recruitment/online,
b76b0ebd9f2a8e572aaf81fb7375ac30b29c651fbae840abba252832f0778db1,2026-09-10 08:42:32,2026-09-10 08:42:32,需求信息,交控科技股份有限公司,交控科技2027届校园招聘简章,米塔盒子-AI算法工程师,2026-09-09 14:41:44,2026-09-09,北京,,,,,本科、硕士、博士,,2027-06-30 00:00:00,,,https://jiuye.uestc.edu.cn/career/recruitment/online/fxpgzqnuxnnl,verified,https://jiuye.uestc.edu.cn/career/recruitment/online,
6d0e56e6f171b40df18494c8d03c680f0fb0b5db8417273b7b8ae271e3b84919,2026-09-10 08:42:32,2026-09-10 08:42:32,需求信息,交控科技股份有限公司,交控科技2027届校园招聘简章,米塔盒子-电气工程师,2026-09-09 14:41:44,2026-09-09,北京,,,,,本科、硕士、博士,,2027-06-30 00:00:00,,,https://jiuye.uestc.edu.cn/career/recruitment/online/fxpgzqnuxnnl,verified,https://jiuye.uestc.edu.cn/career/recruitment/online,
aaf6d1b313542390fad24523b1cd67e9914ccd7663deb980104194f82d066831,2026-09-10 08:42:32,2026-09-10 08:42:32,需求信息,交控科技股份有限公司,交控科技2027届校园招聘简章,米塔盒子-软件开发工程师,2026-09-09 14:41:44,2026-09-09,北京,,,,,本科、硕士、博士,,2027-06-30 00:00:00,,,https://jiuye.uestc.edu.cn/career/recruitment/online/fxpgzqnuxnnl,verified,https://jiuye.uestc.edu.cn/career/recruitment/online,
0d2b0b8fcbdf2f2fcc6d8a5408d0c5f886418c61d05e1976570d8b5b11800e61,2026-09-10 08:42:32,2026-09-10 08:42:32,需求信息,交控科技股份有限公司,交控科技2027届校园招聘简章,大象科技-软件工程师,2026-09-09 14:41:44,2026-09-09,天津/成都,,,,,本科、硕士、博士,,2027-06-30 00:00:00,,,https://jiuye.uestc.edu.cn/career/recruitment/online/fxpgzqnuxnnl,verified,https://jiuye.uestc.edu.cn/career/recruitment/online,
2a2aca9397fc4ae369c481327c5089d24b3bc2394b960a2bc4c6b62089e95830,2026-09-10 08:42:32,2026-09-10 08:42:32,需求信息,交控科技股份有限公司,交控科技2027届校园招聘简章,大象科技-项目工程师,2026-09-09 14:41:44,2026-09-09,天津/成都,,,,,本科、硕士、博士,,2027-06-30 00:00:00,,,https://jiuye.uestc.edu.cn/career/recruitment/online/fxpgzqnuxnnl,verified,https://jiuye.uestc.edu.cn/career/recruitment/online,
894c38a68ecfdc8daf25d8aa82eff24b8e0929fd46730dcc4bece44d18bc52a4,2026-09-10 08:42:32,2026-09-10 08:42:32,需求信息,交控科技股份有限公司,交控科技2027届校园招聘简章,大象科技-设计工程师,2026-09-09 14:41:44,2026-09-09,天津,,,,,本科、硕士、博士,,2027-06-30 00:00:00,,,https://jiuye.uestc.edu.cn/career/recruitment/online/fxpgzqnuxnnl,verified,https://jiuye.uestc.edu.cn/career/recruitment/online,
5c94a76c72dad050fe9abac6ea42907e404f96503eea6f0aacb2cf9144cf6ce5,2026-09-10 08:42:32,2026-09-10 08:42:32,需求信息,交控科技股份有限公司,交控科技2027届校园招聘简章,大象科技-测试工程师,2026-09-09 14:41:44,2026-09-09,天津,,,,,本科、硕士、博士,,2027-06-30 00:00:00,,,https://jiuye.uestc.edu.cn/career/recruitment/online/fxpgzqnuxnnl,verified,https://jiuye.uestc.edu.cn/career/recruitment/online,
d9c39a0ee8fc1ea7e8a49f94b5634a71b799b66751e82a7b8864a9e8eb9b377e,2026-09-10 08:42:32,2026-09-10 08:42:32,需求信息,交控科技股份有限公司,交控科技2027届校园招聘简章,大象科技-U3D工程师,2026-09-09 14:41:44,2026-09-09,成都,,,,,本科、硕士、博士,,2027-06-30 00:00:00,,,https://jiuye.uestc.edu.cn/career/recruitment/online/fxpgzqnuxnnl,verified,https://jiuye.uestc.edu.cn/career/recruitment/online,
96b0c10687876db76887b77efde71a46be938654c809c718e257c2cf7e9402e7,2026-09-10 08:42:32,2026-09-10 08:42:32,需求信息,交控科技股份有限公司,交控科技2027届校园招聘简章,大象科技-3D模型工程师,2026-09-09 14:41:44,2026-09-09,成都,,,,,本科、硕士、博士,,2027-06-30 00:00:00,,,https://jiuye.uestc.edu.cn/career/recruitment/online/fxpgzqnuxnnl,verified,https://jiuye.uestc.edu.cn/career/recruitment/online,
8f0bc951e649a0680c7c3ebd9b1b9918aa66e13965f5df9e010900524b9d8153,2026-09-10 08:42:32,2026-09-10 08:42:32,需求信息,交控科技股份有限公司,交控科技2027届校园招聘简章,广西智维-设计工程师,2026-09-09 14:41:44,2026-09-09,北京/成都,,,,,本科、硕士、博士,,2027-06-30 00:00:00,,,https://jiuye.uestc.edu.cn/career/recruitment/online/fxpgzqnuxnnl,verified,https://jiuye.uestc.edu.cn/career/recruitment/online,
41502e42d46a5e65dc6ae8a97d51d8766471789a9bc6586ef977b546f6f5edce,2026-09-10 08:42:32,2026-09-10 08:42:32,需求信息,交控科技股份有限公司,交控科技2027届校园招聘简章,广西智维-项目实施工程师,2026-09-09 14:41:44,2026-09-09,北京/成都,,,,,本科、硕士、博士,,2027-06-30 00:00:00,,,https://jiuye.uestc.edu.cn/career/recruitment/online/fxpgzqnuxnnl,verified,https://jiuye.uestc.edu.cn/career/recruitment/online,
dcd9f31275245fc767c69c347e8ba92ecde1dbb772e43ee3f6a11a3de910350e,2026-09-10 08:42:32,2026-09-10 08:42:32,需求信息,交控科技股份有限公司,交控科技2027届校园招聘简章,广西智维-技术支持顾问,2026-09-09 14:41:44,2026-09-09,北京,,,,,本科、硕士、博士,,2027-06-30 00:00:00,,,https://jiuye.uestc.edu.cn/career/recruitment/online/fxpgzqnuxnnl,verified,https://jiuye.uestc.edu.cn/career/recruitment/online,
de13f87bdea9b313dca8bedcd52c8bc3780b7a7df9ab3bac8d7606208a9714eb,2026-09-10 08:42:32,2026-09-10 08:42:32,需求信息,睿魔智能科技(深圳)有限公司,,未明确列出,2026-09-09 14:41:14,2026-09-09,",,,",,,,,本科、硕士、博士,,2026-11-30 00:00:00,,https://www.obsbot.cn/,https://jiuye.uestc.edu.cn/career/recruitment/online/fvjzhcgmxbsx,verified,https://jiuye.uestc.edu.cn/career/recruitment/online,
ab2baf3affb44aa71196e479597403fc6632a3a8cecb6db8e2e421f75cf05d95,2026-09-10 08:42:32,2026-09-10 08:42:32,需求信息,天津汽车模具股份有限公司,天津汽车模具股份有限公司招聘简章,制造工艺工程师(数控编程),2026-09-09 13:42:38,2026-09-09,天津市:东丽区,,,,,本科,材料类、机械类、车辆类等相关专业,2027-06-30 00:00:00,,,https://jiuye.uestc.edu.cn/career/recruitment/online/fxpd7tdontaa,verified,https://jiuye.uestc.edu.cn/career/recruitment/online,
3bef16d0b0e05429b697506194e00e8be968846728540aaccbd4abeaa62f2730,2026-09-10 08:42:32,2026-09-10 08:42:32,需求信息,天津汽车模具股份有限公司,天津汽车模具股份有限公司招聘简章,模具结构设计工程师,2026-09-09 13:42:38,2026-09-09,天津市:东丽区,,,,,本科,材料类、机械类、车辆类等相关专业,2027-06-30 00:00:00,,,https://jiuye.uestc.edu.cn/career/recruitment/online/fxpd7tdontaa,verified,https://jiuye.uestc.edu.cn/career/recruitment/online,
8889f1557d0374ec1e32a5cde46c661870f3608687046e6eb162a11a940cdb82,2026-09-10 08:42:32,2026-09-10 08:42:32,需求信息,天津汽车模具股份有限公司,天津汽车模具股份有限公司招聘简章,模具冲压工艺工程师,2026-09-09 13:42:38,2026-09-09,天津市:东丽区,,,,,本科,材料类、机械类、车辆类等相关专业,2027-06-30 00:00:00,,,https://jiuye.uestc.edu.cn/career/recruitment/online/fxpd7tdontaa,verified,https://jiuye.uestc.edu.cn/career/recruitment/online,
fbf669257bb9ade82c14f2c81ae1acdc3abf9c57e46f8f7fcfa0c58548e1efd9,2026-09-10 08:42:32,2026-09-10 08:42:32,需求信息,北方集成电路技术创新中心(北京)有限公司,北方集成电路技术创新中心(北京)有限公司2027届校园招聘火热进行中,未明确列出,2026-09-09 13:41:42,2026-09-09,北京市:大兴区,,,,,硕士、博士、博士后,,2027-06-30 00:00:00,,https://xyzp.51job.com/STICHR,https://jiuye.uestc.edu.cn/career/recruitment/online/fxpc8or6acjm,verified,https://jiuye.uestc.edu.cn/career/recruitment/online,
cff5521fb646f728cd656db296768b8f4287062027a81303cb3a9aa0c9671109,2026-09-10 08:42:32,2026-09-10 08:42:32,需求信息,远景动力技术(江苏)有限公司,二、招聘职位,未明确列出,2026-09-09 12:35:09,2026-09-09,江苏省:无锡市,,,,,本科、硕士、博士,,2026-12-31 00:00:00,,https://www.aesc-group.com.cn/careers,https://jiuye.uestc.edu.cn/career/recruitment/online/fxp77b2i6vpe,verified,https://jiuye.uestc.edu.cn/career/recruitment/online,
a567b245e0214fb934934dbb25bdc461d04b1f6d532ffa1ece4ca77380f38d7a,2026-09-10 08:42:32,2026-09-10 08:42:32,需求信息,晓禾科技(武汉)有限公司,晓禾教育2027届校园招聘,未明确列出,2026-09-09 11:50:26,2026-09-09,"湖北省:武汉市,其他(具体查看招聘信息)",,,,,本科、硕士,,2026-11-30 11:46:48,,https://jsj.top/f/SmEVA5,https://jiuye.uestc.edu.cn/career/recruitment/online/fxp5aaw3hgci,verified,https://jiuye.uestc.edu.cn/career/recruitment/online,
adb77eadda4ed8976ad85333a7e168e74633604dd6e9a3af39bc040118bc43e3,2026-09-10 08:42:32,2026-09-10 08:42:32,需求信息,青岛乾程科技股份有限公司,,未明确列出,2026-09-09 11:48:29,2026-09-09,其他(具体查看招聘信息),,,,,硕士、博士,,2027-09-08 00:00:00,,https://techen.zhiye.com/,https://jiuye.uestc.edu.cn/career/recruitment/online/fxp50zor0jy9,verified,https://jiuye.uestc.edu.cn/career/recruitment/online,
3a285917b5ab36b40865df958079d160f5f237bd98c997fdb6906a248c0f134f,2026-09-10 08:42:32,2026-09-10 08:42:32,需求信息,瑞声光电科技(常州)有限公司,瑞声科技2027届秋季校园招聘简章,AE,2026-09-09 11:42:58,2026-09-09,江苏省:常州市,,,,,本科,,2026-12-31 11:28:10,,https://talent.aactechnologies.com/campus,https://jiuye.uestc.edu.cn/career/recruitment/online/fxp3nq07318h,verified,https://jiuye.uestc.edu.cn/career/recruitment/online,
dac0a0b0d299426d40b5acd09479d73ab7cded8b2ade87a19f6e3f028d7d391d,2026-09-10 08:42:32,2026-09-10 08:42:32,需求信息,瑞声光电科技(常州)有限公司,瑞声科技2027届秋季校园招聘简章,测试开发工程师,2026-09-09 11:42:58,2026-09-09,江苏省:常州市,,,,,硕士,,2026-12-31 11:28:10,,https://talent.aactechnologies.com/campus,https://jiuye.uestc.edu.cn/career/recruitment/online/fxp3nq07318h,verified,https://jiuye.uestc.edu.cn/career/recruitment/online,
1cd366b742b19e831b64f216ad942c080db7444a86d261ae77f1726d9d26bcbb,2026-09-10 08:42:32,2026-09-10 08:42:32,需求信息,瑞声光电科技(常州)有限公司,瑞声科技2027届秋季校园招聘简章,传感器研发工程师,2026-09-09 11:42:58,2026-09-09,江苏省:常州市,,,,,硕士,,2026-12-31 11:28:10,,https://talent.aactechnologies.com/campus,https://jiuye.uestc.edu.cn/career/recruitment/online/fxp3nq07318h,verified,https://jiuye.uestc.edu.cn/career/recruitment/online,
5bc1f10bd4ca228c0aa976cd6ec9419eb869ea8b9d0ee43e356bda8272cf8d03,2026-09-10 08:42:32,2026-09-10 08:42:32,需求信息,瑞声光电科技(常州)有限公司,瑞声科技2027届秋季校园招聘简章,电机研发工程师,2026-09-09 11:42:58,2026-09-09,江苏省:常州市,,,,,硕士,,2026-12-31 11:28:10,,https://talent.aactechnologies.com/campus,https://jiuye.uestc.edu.cn/career/recruitment/online/fxp3nq07318h,verified,https://jiuye.uestc.edu.cn/career/recruitment/online,
b9ce7955212a46514eb85c87fc76bb983b7ee88376c2d79ee9b0ecd328400f8d,2026-09-10 08:42:32,2026-09-10 08:42:32,需求信息,瑞声光电科技(常州)有限公司,瑞声科技2027届秋季校园招聘简章,电气工程师,2026-09-09 11:42:58,2026-09-09,江苏省:常州市,,,,,硕士,,2026-12-31 11:28:10,,https://talent.aactechnologies.com/campus,https://jiuye.uestc.edu.cn/career/recruitment/online/fxp3nq07318h,verified,https://jiuye.uestc.edu.cn/career/recruitment/online,
c71d226f0c7fe0f0223210ee7305608815a8905e7aba44a2faddfde0f3c301ca,2026-09-10 08:42:32,2026-09-10 08:42:32,需求信息,瑞声光电科技(常州)有限公司,瑞声科技2027届秋季校园招聘简章,镀膜工程师,2026-09-09 11:42:58,2026-09-09,江苏省:常州市,,,,,硕士,,2026-12-31 11:28:10,,https://talent.aactechnologies.com/campus,https://jiuye.uestc.edu.cn/career/recruitment/online/fxp3nq07318h,verified,https://jiuye.uestc.edu.cn/career/recruitment/online,
b6fd5b287a89717b16283f2f49d77b07bf148aa314a894068cdcb37a045cd1b2,2026-09-10 08:42:32,2026-09-10 08:42:32,需求信息,瑞声光电科技(常州)有限公司,瑞声科技2027届秋季校园招聘简章,仿真工程师,2026-09-09 11:42:58,2026-09-09,江苏省:常州市,,,,,硕士,,2026-12-31 11:28:10,,https://talent.aactechnologies.com/campus,https://jiuye.uestc.edu.cn/career/recruitment/online/fxp3nq07318h,verified,https://jiuye.uestc.edu.cn/career/recruitment/online,
4cdd77dd519f024508e8f6b6b3816ab8f7c726cb0ddd5d1cfa43a5fc95a32bc5,2026-09-10 08:42:32,2026-09-10 08:42:32,需求信息,瑞声光电科技(常州)有限公司,瑞声科技2027届秋季校园招聘简章,光刻工程师,2026-09-09 11:42:58,2026-09-09,江苏省:常州市,,,,,硕士,,2026-12-31 11:28:10,,https://talent.aactechnologies.com/campus,https://jiuye.uestc.edu.cn/career/recruitment/online/fxp3nq07318h,verified,https://jiuye.uestc.edu.cn/career/recruitment/online,
a725d88cd1f0b0e06b0b08b865a142749ab7a8e97d1fe5e2e32ceab53019fd24,2026-09-10 08:42:32,2026-09-10 08:42:32,需求信息,瑞声光电科技(常州)有限公司,瑞声科技2027届秋季校园招聘简章,光学测试工程师,2026-09-09 11:42:58,2026-09-09,江苏省:常州市,,,,,硕士,,2026-12-31 11:28:10,,https://talent.aactechnologies.com/campus,https://jiuye.uestc.edu.cn/career/recruitment/online/fxp3nq07318h,verified,https://jiuye.uestc.edu.cn/career/recruitment/online,
fc7bff29c1fe93e1deada7c6ec8fe2089be72867c4cee33299a86016337c0992,2026-09-10 08:42:32,2026-09-10 08:42:32,需求信息,瑞声光电科技(常州)有限公司,瑞声科技2027届秋季校园招聘简章,光学设计工程师,2026-09-09 11:42:58,2026-09-09,江苏省:常州市,,,,,硕士,,2026-12-31 11:28:10,,https://talent.aactechnologies.com/campus,https://jiuye.uestc.edu.cn/career/recruitment/online/fxp3nq07318h,verified,https://jiuye.uestc.edu.cn/career/recruitment/online,
f9df62bd5914307ed4f6027cf0cc8a9b203624a1def1959f33e502efb0b42854,2026-09-10 08:42:32,2026-09-10 08:42:32,需求信息,瑞声光电科技(常州)有限公司,瑞声科技2027届秋季校园招聘简章,光学制程工程师,2026-09-09 11:42:58,2026-09-09,江苏省:常州市,,,,,硕士,,2026-12-31 11:28:10,,https://talent.aactechnologies.com/campus,https://jiuye.uestc.edu.cn/career/recruitment/online/fxp3nq07318h,verified,https://jiuye.uestc.edu.cn/career/recruitment/online,
cf3492d467a10f5ac5abf76895fd853bf0782008c337cf6e8feceff0b5a4c7a6,2026-09-10 08:42:32,2026-09-10 08:42:32,需求信息,瑞声光电科技(常州)有限公司,瑞声科技2027届秋季校园招聘简章,行业分析师,2026-09-09 11:42:58,2026-09-09,江苏省:常州市,,,,,硕士,,2026-12-31 11:28:10,,https://talent.aactechnologies.com/campus,https://jiuye.uestc.edu.cn/career/recruitment/online/fxp3nq07318h,verified,https://jiuye.uestc.edu.cn/career/recruitment/online,
490a4bebcecfe08ce701ff5c601b3d8a74de93353b8a805c13e83e23a256b342,2026-09-10 08:42:32,2026-09-10 08:42:32,需求信息,瑞声光电科技(常州)有限公司,瑞声科技2027届秋季校园招聘简章,结构设计工程师,2026-09-09 11:42:58,2026-09-09,江苏省:常州市,,,,,硕士,,2026-12-31 11:28:10,,https://talent.aactechnologies.com/campus,https://jiuye.uestc.edu.cn/career/recruitment/online/fxp3nq07318h,verified,https://jiuye.uestc.edu.cn/career/recruitment/online,
ff189a86b6f34066460dfa3175aa247f85d7c0111b63afb3190414b8c55f2530,2026-09-10 08:42:32,2026-09-10 08:42:32,需求信息,瑞声光电科技(常州)有限公司,瑞声科技2027届秋季校园招聘简章,机器人系统工程师,2026-09-09 11:42:58,2026-09-09,江苏省:常州市,,,,,硕士,,2026-12-31 11:28:10,,https://talent.aactechnologies.com/campus,https://jiuye.uestc.edu.cn/career/recruitment/online/fxp3nq07318h,verified,https://jiuye.uestc.edu.cn/career/recruitment/online,
b24bfebda89488a97917de052eebffd225519870533052f92a5ac17eb7b1c312,2026-09-10 08:42:32,2026-09-10 08:42:32,需求信息,瑞声光电科技(常州)有限公司,瑞声科技2027届秋季校园招聘简章,机器视觉工程师,2026-09-09 11:42:58,2026-09-09,江苏省:常州市,,,,,硕士,,2026-12-31 11:28:10,,https://talent.aactechnologies.com/campus,https://jiuye.uestc.edu.cn/career/recruitment/online/fxp3nq07318h,verified,https://jiuye.uestc.edu.cn/career/recruitment/online,
4de311afa731ed12f5e76076d4237596328428e7ab151e309fc464314f6a2ed6,2026-09-10 08:42:32,2026-09-10 08:42:32,需求信息,瑞声光电科技(常州)有限公司,瑞声科技2027届秋季校园招聘简章,机械设计工程师,2026-09-09 11:42:58,2026-09-09,江苏省:常州市,,,,,硕士,,2026-12-31 11:28:10,,https://talent.aactechnologies.com/campus,https://jiuye.uestc.edu.cn/career/recruitment/online/fxp3nq07318h,verified,https://jiuye.uestc.edu.cn/career/recruitment/online,
2d879250c057d1cf0518d79061b35f7290940e70e66da8a9a4b4653ef13f4305,2026-09-10 08:42:32,2026-09-10 08:42:32,需求信息,瑞声光电科技(常州)有限公司,瑞声科技2027届秋季校园招聘简章,刻蚀工程师,2026-09-09 11:42:58,2026-09-09,江苏省:常州市,,,,,硕士,,2026-12-31 11:28:10,,https://talent.aactechnologies.com/campus,https://jiuye.uestc.edu.cn/career/recruitment/online/fxp3nq07318h,verified,https://jiuye.uestc.edu.cn/career/recruitment/online,
fe867b61039f833dbd653003e64f8b5e38b9c0a64126e2cbefb7c44525f0d797,2026-09-10 08:42:32,2026-09-10 08:42:32,需求信息,瑞声光电科技(常州)有限公司,瑞声科技2027届秋季校园招聘简章,模具设计工程师,2026-09-09 11:42:58,2026-09-09,江苏省:常州市,,,,,硕士,,2026-12-31 11:28:10,,https://talent.aactechnologies.com/campus,https://jiuye.uestc.edu.cn/career/recruitment/online/fxp3nq07318h,verified,https://jiuye.uestc.edu.cn/career/recruitment/online,
fe3b22131dca3d2b8c92e9a831bd856b2c6a8a93a32455a69c78fe9ea9c9a8ab,2026-09-10 08:42:32,2026-09-10 08:42:32,需求信息,瑞声光电科技(常州)有限公司,瑞声科技2027届秋季校园招聘简章,嵌入式软件工程师,2026-09-09 11:42:58,2026-09-09,江苏省:常州市,,,,,硕士,,2026-12-31 11:28:10,,https://talent.aactechnologies.com/campus,https://jiuye.uestc.edu.cn/career/recruitment/online/fxp3nq07318h,verified,https://jiuye.uestc.edu.cn/career/recruitment/online,
f4abffbd024bc5b352606ff47552e4dfb9fa98c7ba43f100dbdb70a90cb3a053,2026-09-10 08:42:32,2026-09-10 08:42:32,需求信息,瑞声光电科技(常州)有限公司,瑞声科技2027届秋季校园招聘简章,器件工程师,2026-09-09 11:42:58,2026-09-09,江苏省:常州市,,,,,硕士,,2026-12-31 11:28:10,,https://talent.aactechnologies.com/campus,https://jiuye.uestc.edu.cn/career/recruitment/online/fxp3nq07318h,verified,https://jiuye.uestc.edu.cn/career/recruitment/online,
57115c77cbeaced9f1b9bc4622c07f384ab5d9582f11b0b58487e2b90b6660eb,2026-09-10 08:42:32,2026-09-10 08:42:32,需求信息,瑞声光电科技(常州)有限公司,瑞声科技2027届秋季校园招聘简章,软件开发工程师,2026-09-09 11:42:58,2026-09-09,江苏省:常州市,,,,,硕士,,2026-12-31 11:28:10,,https://talent.aactechnologies.com/campus,https://jiuye.uestc.edu.cn/career/recruitment/online/fxp3nq07318h,verified,https://jiuye.uestc.edu.cn/career/recruitment/online,
e89fe6ca00aacb66269d91bea93bd451fcca82e9b9f8cb75a2b2a290f9e8f26e,2026-09-10 08:42:32,2026-09-10 08:42:32,需求信息,瑞声光电科技(常州)有限公司,瑞声科技2027届秋季校园招聘简章,声学系统工程师,2026-09-09 11:42:58,2026-09-09,江苏省:常州市,,,,,硕士,,2026-12-31 11:28:10,,https://talent.aactechnologies.com/campus,https://jiuye.uestc.edu.cn/career/recruitment/online/fxp3nq07318h,verified,https://jiuye.uestc.edu.cn/career/recruitment/online,
4413f5159b6794c7565de528fcf804a898b502953e55c5743d334029e09c30c4,2026-09-10 08:42:32,2026-09-10 08:42:32,需求信息,瑞声光电科技(常州)有限公司,瑞声科技2027届秋季校园招聘简章,算法工程师(音频),2026-09-09 11:42:58,2026-09-09,江苏省:常州市,,,,,硕士,,2026-12-31 11:28:10,,https://talent.aactechnologies.com/campus,https://jiuye.uestc.edu.cn/career/recruitment/online/fxp3nq07318h,verified,https://jiuye.uestc.edu.cn/career/recruitment/online,
3a2f7c2b453584313fb9dac29fc2023d862b437a8cdeab8a24a542c85daea87a,2026-09-10 08:42:32,2026-09-10 08:42:32,需求信息,瑞声光电科技(常州)有限公司,瑞声科技2027届秋季校园招聘简章,算法工程师(电控),2026-09-09 11:42:58,2026-09-09,江苏省:常州市,,,,,硕士,,2026-12-31 11:28:10,,https://talent.aactechnologies.com/campus,https://jiuye.uestc.edu.cn/career/recruitment/online/fxp3nq07318h,verified,https://jiuye.uestc.edu.cn/career/recruitment/online,
b80ba95bf0cf71e22a4c3a9bd4ca979963f05eaf07adec705204ae569250f0bb,2026-09-10 08:42:32,2026-09-10 08:42:32,需求信息,瑞声光电科技(常州)有限公司,瑞声科技2027届秋季校园招聘简章,算法工程师(光学),2026-09-09 11:42:58,2026-09-09,江苏省:常州市,,,,,硕士,,2026-12-31 11:28:10,,https://talent.aactechnologies.com/campus,https://jiuye.uestc.edu.cn/career/recruitment/online/fxp3nq07318h,verified,https://jiuye.uestc.edu.cn/career/recruitment/online,
42ae981cfdef7cdb31f93c7aa2480028291329a50a18363b6ccc3943e092f994,2026-09-10 08:42:32,2026-09-10 08:42:32,需求信息,瑞声光电科技(常州)有限公司,瑞声科技2027届秋季校园招聘简章,算法工程师(图像),2026-09-09 11:42:58,2026-09-09,江苏省:常州市,,,,,硕士,,2026-12-31 11:28:10,,https://talent.aactechnologies.com/campus,https://jiuye.uestc.edu.cn/career/recruitment/online/fxp3nq07318h,verified,https://jiuye.uestc.edu.cn/career/recruitment/online,
c53698de020c10784ec0a9c4c4ff8cba824535308f64f11c877bf7fa67a015b0,2026-09-10 08:42:32,2026-09-10 08:42:32,需求信息,瑞声光电科技(常州)有限公司,瑞声科技2027届秋季校园招聘简章,投资分析师,2026-09-09 11:42:58,2026-09-09,江苏省:常州市,,,,,硕士,,2026-12-31 11:28:10,,https://talent.aactechnologies.com/campus,https://jiuye.uestc.edu.cn/career/recruitment/online/fxp3nq07318h,verified,https://jiuye.uestc.edu.cn/career/recruitment/online,
19b04bea36f0d541af2a10cd8d2021f1c5cc086381b6695dd4719145e3ba0fdc,2026-09-10 08:42:32,2026-09-10 08:42:32,需求信息,瑞声光电科技(常州)有限公司,瑞声科技2027届秋季校园招聘简章,声学研发工程师,2026-09-09 11:42:58,2026-09-09,江苏省:常州市,,,,,硕士,,2026-12-31 11:28:10,,https://talent.aactechnologies.com/campus,https://jiuye.uestc.edu.cn/career/recruitment/online/fxp3nq07318h,verified,https://jiuye.uestc.edu.cn/career/recruitment/online,
2f598d89d7c74465787f1be82eb3ec156ef2425d07c4bce1037be53d8bbadd6b,2026-09-10 08:42:32,2026-09-10 08:42:32,需求信息,瑞声光电科技(常州)有限公司,瑞声科技2027届秋季校园招聘简章,散热研发工程师,2026-09-09 11:42:58,2026-09-09,江苏省:常州市,,,,,硕士,,2026-12-31 11:28:10,,https://talent.aactechnologies.com/campus,https://jiuye.uestc.edu.cn/career/recruitment/online/fxp3nq07318h,verified,https://jiuye.uestc.edu.cn/career/recruitment/online,
1348ab44901db4dbf96d796f18b96c404b1106888660051b1761d02ffb78a5d7,2026-09-10 08:42:32,2026-09-10 08:42:32,需求信息,瑞声光电科技(常州)有限公司,瑞声科技2027届秋季校园招聘简章,芯片设计工程师,2026-09-09 11:42:58,2026-09-09,江苏省:常州市,,,,,硕士,,2026-12-31 11:28:10,,https://talent.aactechnologies.com/campus,https://jiuye.uestc.edu.cn/career/recruitment/online/fxp3nq07318h,verified,https://jiuye.uestc.edu.cn/career/recruitment/online,
c6f2470022a5ce3fcc8d0eb39766f0d375977efd2a87e58d4942c1630c1e4206,2026-09-10 08:42:32,2026-09-10 08:42:32,需求信息,瑞声光电科技(常州)有限公司,瑞声科技2027届秋季校园招聘简章,需求分析师,2026-09-09 11:42:58,2026-09-09,江苏省:常州市,,,,,硕士,,2026-12-31 11:28:10,,https://talent.aactechnologies.com/campus,https://jiuye.uestc.edu.cn/career/recruitment/online/fxp3nq07318h,verified,https://jiuye.uestc.edu.cn/career/recruitment/online,
29fa8a709e121b767fff73acfe14d8ae0e10de45353c4ce377ad3e0de4b265af,2026-09-10 08:42:32,2026-09-10 08:42:32,需求信息,瑞声光电科技(常州)有限公司,瑞声科技2027届秋季校园招聘简章,压印工程师,2026-09-09 11:42:58,2026-09-09,江苏省:常州市,,,,,硕士,,2026-12-31 11:28:10,,https://talent.aactechnologies.com/campus,https://jiuye.uestc.edu.cn/career/recruitment/online/fxp3nq07318h,verified,https://jiuye.uestc.edu.cn/career/recruitment/online,
4f62f1b10ffecc364678cbd600d4e3a0ba8b295ba7b34663dca436898a6825ea,2026-09-10 08:42:32,2026-09-10 08:42:32,需求信息,瑞声光电科技(常州)有限公司,瑞声科技2027届秋季校园招聘简章,硬件工程师,2026-09-09 11:42:58,2026-09-09,江苏省:常州市,,,,,硕士,,2026-12-31 11:28:10,,https://talent.aactechnologies.com/campus,https://jiuye.uestc.edu.cn/career/recruitment/online/fxp3nq07318h,verified,https://jiuye.uestc.edu.cn/career/recruitment/online,
6ce1e7989be05e0b59590ded9b7e5032c2f1709236f9bb8bf52e9bc97c2232ca,2026-09-10 08:42:32,2026-09-10 08:42:32,需求信息,瑞声光电科技(常州)有限公司,瑞声科技2027届秋季校园招聘简章,制程技术-(光通信),2026-09-09 11:42:58,2026-09-09,江苏省:常州市,,,,,硕士,,2026-12-31 11:28:10,,https://talent.aactechnologies.com/campus,https://jiuye.uestc.edu.cn/career/recruitment/online/fxp3nq07318h,verified,https://jiuye.uestc.edu.cn/career/recruitment/online,
80fa76c63e2a6cacf8d38973f038aaa8b818de9cadc03373ada80f979cf782bf,2026-09-10 08:42:32,2026-09-10 08:42:32,需求信息,瑞声光电科技(常州)有限公司,瑞声科技2027届秋季校园招聘简章,FA,2026-09-09 11:42:58,2026-09-09,江苏省:常州市,,,,,硕士,,2026-12-31 11:28:10,,https://talent.aactechnologies.com/campus,https://jiuye.uestc.edu.cn/career/recruitment/online/fxp3nq07318h,verified,https://jiuye.uestc.edu.cn/career/recruitment/online,
997d7a8df835d7ceb5217630519e281eeb282f80812f838575016b0788c4cd53,2026-09-10 08:42:32,2026-09-10 08:42:32,需求信息,瑞声光电科技(常州)有限公司,瑞声科技2027届秋季校园招聘简章,PIE工程师,2026-09-09 11:42:58,2026-09-09,江苏省:常州市,,,,,硕士,,2026-12-31 11:28:10,,https://talent.aactechnologies.com/campus,https://jiuye.uestc.edu.cn/career/recruitment/online/fxp3nq07318h,verified,https://jiuye.uestc.edu.cn/career/recruitment/online,
cc1a8a9d0518c69ed547b35215114b97b500922623b5cf33dc2eda8ae142cc77,2026-09-10 08:42:32,2026-09-10 08:42:32,需求信息,瑞声光电科技(常州)有限公司,瑞声科技2027届秋季校园招聘简章,TPM,2026-09-09 11:42:58,2026-09-09,江苏省:常州市,,,,,硕士,,2026-12-31 11:28:10,,https://talent.aactechnologies.com/campus,https://jiuye.uestc.edu.cn/career/recruitment/online/fxp3nq07318h,verified,https://jiuye.uestc.edu.cn/career/recruitment/online,
65c30fbe5560d16ceee85028365f6d8b8df450ff8449d763e39207e9a62858c8,2026-09-10 08:42:32,2026-09-10 08:42:32,需求信息,瑞声光电科技(常州)有限公司,瑞声科技2027届秋季校园招聘简章,材料工程师,2026-09-09 11:42:58,2026-09-09,江苏省:常州市,,,,,硕士,,2026-12-31 11:28:10,,https://talent.aactechnologies.com/campus,https://jiuye.uestc.edu.cn/career/recruitment/online/fxp3nq07318h,verified,https://jiuye.uestc.edu.cn/career/recruitment/online,
d786a30821008eb12146cd0ddd78ad1a990185af2d881eb12d8d0e7a56de0178,2026-09-10 08:42:32,2026-09-10 08:42:32,需求信息,瑞声光电科技(常州)有限公司,瑞声科技2027届秋季校园招聘简章,财务BP,2026-09-09 11:42:58,2026-09-09,江苏省:常州市,,,,,硕士,,2026-12-31 11:28:10,,https://talent.aactechnologies.com/campus,https://jiuye.uestc.edu.cn/career/recruitment/online/fxp3nq07318h,verified,https://jiuye.uestc.edu.cn/career/recruitment/online,
daab92b39327154ca22986798d5d12e526d513d5df3a25b428531413eaaa32f8,2026-09-10 08:42:32,2026-09-10 08:42:32,需求信息,瑞声光电科技(常州)有限公司,瑞声科技2027届秋季校园招聘简章,FAE,2026-09-09 11:42:58,2026-09-09,江苏省:常州市,,,,,本科,,2026-12-31 11:28:10,,https://talent.aactechnologies.com/campus,https://jiuye.uestc.edu.cn/career/recruitment/online/fxp3nq07318h,verified,https://jiuye.uestc.edu.cn/career/recruitment/online,
3434c654a27f90f483c55c711984970a6cf561e807306db7b9f12926c50ea14f,2026-09-10 08:42:32,2026-09-10 08:42:32,需求信息,瑞声光电科技(常州)有限公司,瑞声科技2027届秋季校园招聘简章,IE工程师,2026-09-09 11:42:58,2026-09-09,江苏省:常州市,,,,,本科,,2026-12-31 11:28:10,,https://talent.aactechnologies.com/campus,https://jiuye.uestc.edu.cn/career/recruitment/online/fxp3nq07318h,verified,https://jiuye.uestc.edu.cn/career/recruitment/online,
dac8c9889b0c43033e5754b1d03f28666233feaf8bdf60bb0f6591ac0549a100,2026-09-10 08:42:32,2026-09-10 08:42:32,需求信息,瑞声光电科技(常州)有限公司,瑞声科技2027届秋季校园招聘简章,质量工程师,2026-09-09 11:42:58,2026-09-09,江苏省:常州市,,,,,本科,,2026-12-31 11:28:10,,https://talent.aactechnologies.com/campus,https://jiuye.uestc.edu.cn/career/recruitment/online/fxp3nq07318h,verified,https://jiuye.uestc.edu.cn/career/recruitment/online,
05db4aca18e7168cb0bd2ab634266991753c085bb8b04821ccd2baafb15aa0b1,2026-09-10 08:42:32,2026-09-10 08:42:32,需求信息,瑞声光电科技(常州)有限公司,瑞声科技2027届秋季校园招聘简章,PD,2026-09-09 11:42:58,2026-09-09,江苏省:常州市,,,,,本科,,2026-12-31 11:28:10,,https://talent.aactechnologies.com/campus,https://jiuye.uestc.edu.cn/career/recruitment/online/fxp3nq07318h,verified,https://jiuye.uestc.edu.cn/career/recruitment/online,
064ac6429dd8abcb413ed868e6f9b724d822a79babd60556734129383cb04eba,2026-09-10 08:42:32,2026-09-10 08:42:32,需求信息,瑞声光电科技(常州)有限公司,瑞声科技2027届秋季校园招聘简章,PMO,2026-09-09 11:42:58,2026-09-09,江苏省:常州市,,,,,本科,,2026-12-31 11:28:10,,https://talent.aactechnologies.com/campus,https://jiuye.uestc.edu.cn/career/recruitment/online/fxp3nq07318h,verified,https://jiuye.uestc.edu.cn/career/recruitment/online,
ea821d5dc224136e43c518cee56d4ca006393f6e329cedf224fa4b4cb0f32e10,2026-09-10 08:42:32,2026-09-10 08:42:32,需求信息,瑞声光电科技(常州)有限公司,瑞声科技2027届秋季校园招聘简章,PM,2026-09-09 11:42:58,2026-09-09,江苏省:常州市,,,,,本科,,2026-12-31 11:28:10,,https://talent.aactechnologies.com/campus,https://jiuye.uestc.edu.cn/career/recruitment/online/fxp3nq07318h,verified,https://jiuye.uestc.edu.cn/career/recruitment/online,
28107d9bc2d0f8cd9d21dd6da551e5b470b6efda8ea41e02b24eea3166169651,2026-09-10 08:42:32,2026-09-10 08:42:32,需求信息,瑞声光电科技(常州)有限公司,瑞声科技2027届秋季校园招聘简章,采购价格工程师,2026-09-09 11:42:58,2026-09-09,江苏省:常州市,,,,,本科,,2026-12-31 11:28:10,,https://talent.aactechnologies.com/campus,https://jiuye.uestc.edu.cn/career/recruitment/online/fxp3nq07318h,verified,https://jiuye.uestc.edu.cn/career/recruitment/online,
ecc972d8c1eadca44f6d084a42d6db2163043c93a8eaae9038eeeb60bf9eb295,2026-09-10 08:42:32,2026-09-10 08:42:32,需求信息,瑞声光电科技(常州)有限公司,瑞声科技2027届秋季校园招聘简章,测量工程师,2026-09-09 11:42:58,2026-09-09,江苏省:常州市,,,,,本科,,2026-12-31 11:28:10,,https://talent.aactechnologies.com/campus,https://jiuye.uestc.edu.cn/career/recruitment/online/fxp3nq07318h,verified,https://jiuye.uestc.edu.cn/career/recruitment/online,
43cab71027e76c54d866d0120f807f2c3e28bd8b95511ced9307cb739b8ecd7a,2026-09-10 08:42:32,2026-09-10 08:42:32,需求信息,瑞声光电科技(常州)有限公司,瑞声科技2027届秋季校园招聘简章,测试工程师,2026-09-09 11:42:58,2026-09-09,江苏省:常州市,,,,,本科,,2026-12-31 11:28:10,,https://talent.aactechnologies.com/campus,https://jiuye.uestc.edu.cn/career/recruitment/online/fxp3nq07318h,verified,https://jiuye.uestc.edu.cn/career/recruitment/online,
d4d23d6cd5e45337ea73579a69563cf2b0e67a3b25ef1e063d902b773ec09c88,2026-09-10 08:42:32,2026-09-10 08:42:32,需求信息,瑞声光电科技(常州)有限公司,瑞声科技2027届秋季校园招聘简章,成本管控专员,2026-09-09 11:42:58,2026-09-09,江苏省:常州市,,,,,本科,,2026-12-31 11:28:10,,https://talent.aactechnologies.com/campus,https://jiuye.uestc.edu.cn/career/recruitment/online/fxp3nq07318h,verified,https://jiuye.uestc.edu.cn/career/recruitment/online,
97527094dca55a06ffa955c95046ba5635eea622e4102703088252adcdc02b18,2026-09-10 08:42:32,2026-09-10 08:42:32,需求信息,瑞声光电科技(常州)有限公司,瑞声科技2027届秋季校园招聘简章,法律顾问,2026-09-09 11:42:58,2026-09-09,江苏省:常州市,,,,,本科,,2026-12-31 11:28:10,,https://talent.aactechnologies.com/campus,https://jiuye.uestc.edu.cn/career/recruitment/online/fxp3nq07318h,verified,https://jiuye.uestc.edu.cn/career/recruitment/online,
e56a8150930768908344f6345110631036cc392a0062861dcb64be6b95ba07ad,2026-09-10 08:42:32,2026-09-10 08:42:32,需求信息,瑞声光电科技(常州)有限公司,瑞声科技2027届秋季校园招聘简章,工装设计工程师,2026-09-09 11:42:58,2026-09-09,江苏省:常州市,,,,,本科,,2026-12-31 11:28:10,,https://talent.aactechnologies.com/campus,https://jiuye.uestc.edu.cn/career/recruitment/online/fxp3nq07318h,verified,https://jiuye.uestc.edu.cn/career/recruitment/online,
7825b5a197e38561c48389e41aa5f13b8d7458432c846a22e7ebf9a823f2838f,2026-09-10 08:42:32,2026-09-10 08:42:32,需求信息,瑞声光电科技(常州)有限公司,瑞声科技2027届秋季校园招聘简章,关务专员,2026-09-09 11:42:58,2026-09-09,江苏省:常州市,,,,,本科,,2026-12-31 11:28:10,,https://talent.aactechnologies.com/campus,https://jiuye.uestc.edu.cn/career/recruitment/online/fxp3nq07318h,verified,https://jiuye.uestc.edu.cn/career/recruitment/online,
81cbb7020295f27cde6280acdf05465bc68abecbb037417ac8b7d5b486e5f820,2026-09-10 08:42:32,2026-09-10 08:42:32,需求信息,瑞声光电科技(常州)有限公司,瑞声科技2027届秋季校园招聘简章,会计,2026-09-09 11:42:58,2026-09-09,江苏省:常州市,,,,,本科,,2026-12-31 11:28:10,,https://talent.aactechnologies.com/campus,https://jiuye.uestc.edu.cn/career/recruitment/online/fxp3nq07318h,verified,https://jiuye.uestc.edu.cn/career/recruitment/online,
7f9054e6868ce7b15c4d261b25ad8e43bbe4714f752601ea9c462a39f53363d9,2026-09-10 08:42:32,2026-09-10 08:42:32,需求信息,瑞声光电科技(常州)有限公司,瑞声科技2027届秋季校园招聘简章,交付经理,2026-09-09 11:42:58,2026-09-09,江苏省:常州市,,,,,本科,,2026-12-31 11:28:10,,https://talent.aactechnologies.com/campus,https://jiuye.uestc.edu.cn/career/recruitment/online/fxp3nq07318h,verified,https://jiuye.uestc.edu.cn/career/recruitment/online,
b0ed6cc2ad36abbe2d5e70547063e4b0376dce112ff5c9bdd1469ceeeceb2388,2026-09-10 08:42:32,2026-09-10 08:42:32,需求信息,瑞声光电科技(常州)有限公司,瑞声科技2027届秋季校园招聘简章,可靠性工程师,2026-09-09 11:42:58,2026-09-09,江苏省:常州市,,,,,本科,,2026-12-31 11:28:10,,https://talent.aactechnologies.com/campus,https://jiuye.uestc.edu.cn/career/recruitment/online/fxp3nq07318h,verified,https://jiuye.uestc.edu.cn/career/recruitment/online,
ad70ec649b26cb09c5655f9a45613e099c966eaccddaf9705b2a2c40a61703c2,2026-09-10 08:42:32,2026-09-10 08:42:32,需求信息,瑞声光电科技(常州)有限公司,瑞声科技2027届秋季校园招聘简章,零件工程师,2026-09-09 11:42:58,2026-09-09,江苏省:常州市,,,,,本科,,2026-12-31 11:28:10,,https://talent.aactechnologies.com/campus,https://jiuye.uestc.edu.cn/career/recruitment/online/fxp3nq07318h,verified,https://jiuye.uestc.edu.cn/career/recruitment/online,
d1dbddeccd4f0ea5f6b0f88efb1040cc9af25357c7335b055aed861aafc9c257,2026-09-10 08:42:32,2026-09-10 08:42:32,需求信息,瑞声光电科技(常州)有限公司,瑞声科技2027届秋季校园招聘简章,内容策划专员,2026-09-09 11:42:58,2026-09-09,江苏省:常州市,,,,,本科,,2026-12-31 11:28:10,,https://talent.aactechnologies.com/campus,https://jiuye.uestc.edu.cn/career/recruitment/online/fxp3nq07318h,verified,https://jiuye.uestc.edu.cn/career/recruitment/online,
caad240887287ce7790f3ba2a7af1697e61ab215f2f7f58e9c9fdc3159114727,2026-09-10 08:42:32,2026-09-10 08:42:32,需求信息,瑞声光电科技(常州)有限公司,瑞声科技2027届秋季校园招聘简章,软件测试工程师,2026-09-09 11:42:58,2026-09-09,江苏省:常州市,,,,,本科,,2026-12-31 11:28:10,,https://talent.aactechnologies.com/campus,https://jiuye.uestc.edu.cn/career/recruitment/online/fxp3nq07318h,verified,https://jiuye.uestc.edu.cn/career/recruitment/online,
a805c846c68ac717a7f0ac7153a53a43527462e1122868d44ae070df43c08afc,2026-09-10 08:42:32,2026-09-10 08:42:32,需求信息,瑞声光电科技(常州)有限公司,瑞声科技2027届秋季校园招聘简章,设备工程师,2026-09-09 11:42:58,2026-09-09,江苏省:常州市,,,,,本科,,2026-12-31 11:28:10,,https://talent.aactechnologies.com/campus,https://jiuye.uestc.edu.cn/career/recruitment/online/fxp3nq07318h,verified,https://jiuye.uestc.edu.cn/career/recruitment/online,
6b4ace118dfaa80375002ffd55b61e93c8a24d2744ae0415852d5fabbd674051,2026-09-10 08:42:32,2026-09-10 08:42:32,需求信息,瑞声光电科技(常州)有限公司,瑞声科技2027届秋季校园招聘简章,销售工程师,2026-09-09 11:42:58,2026-09-09,江苏省:常州市,,,,,本科,,2026-12-31 11:28:10,,https://talent.aactechnologies.com/campus,https://jiuye.uestc.edu.cn/career/recruitment/online/fxp3nq07318h,verified,https://jiuye.uestc.edu.cn/career/recruitment/online,
cf0e791954c11201f55a0a13b49ddee5bc9e203b5096863cee97d5c0b6beb58b,2026-09-10 08:42:32,2026-09-10 08:42:32,需求信息,瑞声光电科技(常州)有限公司,瑞声科技2027届秋季校园招聘简章,硬件测试工程师,2026-09-09 11:42:58,2026-09-09,江苏省:常州市,,,,,本科,,2026-12-31 11:28:10,,https://talent.aactechnologies.com/campus,https://jiuye.uestc.edu.cn/career/recruitment/online/fxp3nq07318h,verified,https://jiuye.uestc.edu.cn/career/recruitment/online,
66191e5e65ac05528a0879a02eded12973247c2367ada2fdfe24f0464468c3d6,2026-09-10 08:42:32,2026-09-10 08:42:32,需求信息,瑞声光电科技(常州)有限公司,瑞声科技2027届秋季校园招聘简章,运营绩效分析师,2026-09-09 11:42:58,2026-09-09,江苏省:常州市,,,,,本科,,2026-12-31 11:28:10,,https://talent.aactechnologies.com/campus,https://jiuye.uestc.edu.cn/career/recruitment/online/fxp3nq07318h,verified,https://jiuye.uestc.edu.cn/career/recruitment/online,
0d601113d07b00e37ff6c1bff36b1eb3fdbb8a9cc9b48396135b112d7198ede4,2026-09-10 08:42:32,2026-09-10 08:42:32,需求信息,瑞声光电科技(常州)有限公司,瑞声科技2027届秋季校园招聘简章,制程技术工程师,2026-09-09 11:42:58,2026-09-09,江苏省:常州市,,,,,本科,,2026-12-31 11:28:10,,https://talent.aactechnologies.com/campus,https://jiuye.uestc.edu.cn/career/recruitment/online/fxp3nq07318h,verified,https://jiuye.uestc.edu.cn/career/recruitment/online,
4a7485c306ad6d54d82824dbc9c1de2082701b9e10a8b31c089539ed18e72e4b,2026-09-10 08:42:32,2026-09-10 08:42:32,需求信息,瑞声光电科技(常州)有限公司,瑞声科技2027届秋季校园招聘简章,自动化工程师,2026-09-09 11:42:58,2026-09-09,江苏省:常州市,,,,,本科,,2026-12-31 11:28:10,,https://talent.aactechnologies.com/campus,https://jiuye.uestc.edu.cn/career/recruitment/online/fxp3nq07318h,verified,https://jiuye.uestc.edu.cn/career/recruitment/online,
a7efdf0d736a63b5716ecc02a12effd8e4aa101ec9c9749b5dd6949fd369e697,2026-09-10 08:42:32,2026-09-10 08:42:32,需求信息,瑞声光电科技(常州)有限公司,瑞声科技2027届秋季校园招聘简章,资源开发工程师,2026-09-09 11:42:58,2026-09-09,江苏省:常州市,,,,,本科,,2026-12-31 11:28:10,,https://talent.aactechnologies.com/campus,https://jiuye.uestc.edu.cn/career/recruitment/online/fxp3nq07318h,verified,https://jiuye.uestc.edu.cn/career/recruitment/online,
bc78162c6febb82b15042d28d9ee2358e11bfe62c802218401fd53924337efa3,2026-09-10 08:42:32,2026-09-10 08:42:32,需求信息,杉数科技(上海)有限公司,全职一:算法工程师-运筹优化方向,未明确列出,2026-09-09 11:20:58,2026-09-09,"北京市:朝阳区,上海市:普陀区",,,,,本科、硕士、博士,,2027-02-28 11:14:23,,https://cardopt.com/recruit,https://jiuye.uestc.edu.cn/career/recruitment/online/fxp2k8ctzu2p,verified,https://jiuye.uestc.edu.cn/career/recruitment/online,
f37828890bdeb2c562f22c9b03d3a49f1f6029e95a8ae421b3849b3a47ac9af7,2026-09-10 08:42:32,2026-09-10 08:42:32,需求信息,北京城建设计发展集团股份有限公司,,未明确列出,2026-09-09 11:15:49,2026-09-10,其他(具体查看招聘信息),,,,,硕士,,2026-09-30 00:00:00,,https://www.bjucd.com/,https://jiuye.uestc.edu.cn/career/recruitment/online/fxp24tgd0zcx,verified,https://jiuye.uestc.edu.cn/career/recruitment/online,
ebb0aa5700abe812bab460a8c4ae145983a1b0dee30a596b8dac609945a9d29b,2026-09-11 08:56:02,2026-09-12 08:57:25,现场招聘,中国电子信息产业集团有限公司,中国电子2027届校园招聘-电子科技大学专场,未明确列出,2026-09-10 11:50:25,2026-09-14,其他(具体查看招聘信息),2026-09-14,14:00,17:00,【清】学生活动中心二楼圆厅,本科、硕士、博士,,,,https://career.cec.com.cn/,https://jiuye.uestc.edu.cn/career/recruitment/group/fxspv9srrojm,verified,https://jiuye.uestc.edu.cn/career/recruitment/group,
3bf86e251ffdf73d437047b68495295d2d746d42f4dfa927cf41dcde2eef5e56,2026-09-11 08:56:02,2026-09-13 15:19:15,现场招聘,贵州军工,校园专场招聘活动预告,未明确列出,2026-09-10 11:40:57,2026-09-14,贵州省:贵阳市,2026-09-14,15:00,17:30,【清】学生活动中心一楼圆厅,本科、硕士、博士,,,,,https://jiuye.uestc.edu.cn/career/recruitment/group/fxsp0v1zskxu,verified,https://jiuye.uestc.edu.cn/career/recruitment/group,
2dd5a2b27de22f7ab99e80b94ffaed17092032375f45075546a20cb64c33b33f,2026-09-11 08:56:02,2026-09-11 08:56:02,现场招聘,中国兵器集团,,未明确列出,2026-09-10 10:50:01,2026-09-15,其他(具体查看招聘信息),2026-09-15,09:00,12:00,【清】学生活动中心一楼圆厅,硕士、博士,,,,,https://jiuye.uestc.edu.cn/career/recruitment/group/fxskhag71zb6,verified,https://jiuye.uestc.edu.cn/career/recruitment/group,
d32f8731320f8e793ae8fec894230a51e020a942f79786490710e9f4c14b12e3,2026-09-11 08:56:02,2026-09-11 08:56:02,现场招聘,深圳拓邦股份有限公司,,未明确列出,2026-09-10 13:37:29,2026-09-15,广东省:深圳市,2026-09-15,15:00,,,本科、硕士、博士,,,,https://meeting.tencent.com/dw/1pVgpnBtIiTu,https://jiuye.uestc.edu.cn/career/recruitment/aerial/fxsq45wrtp8h,verified,https://jiuye.uestc.edu.cn/career/recruitment/aerial,
cb2296db6715893f938ab3567bbc86ca16d1a8b072f6e1a1584d616fc7c5de64,2026-09-11 08:56:02,2026-09-11 08:56:02,现场招聘,中国航天科技集团,,未明确列出,2026-09-10 14:57:06,2026-09-17,其他(具体查看招聘信息),2026-09-17,09:00,11:30,【清】学生活动中心一楼圆厅,硕士、博士,,,,,https://jiuye.uestc.edu.cn/career/recruitment/group/fxt6isbncw02,verified,https://jiuye.uestc.edu.cn/career/recruitment/group,
b826459d185a7783c53c6bc7b5dbce299aa7d045dbfa392ee9a63bb71aba9dd8,2026-09-11 08:56:02,2026-09-11 08:56:02,现场招聘,无锡中微爱芯电子有限公司,,数字IC设计工程师,2026-09-10 10:12:22,2026-09-17,江苏省:无锡市,2026-09-17,13:00,17:30,电子科技大学清水河校区集成电路学院B栋511会议室,硕士,,,,,https://jiuye.uestc.edu.cn/career/recruitment/onsite/fxsf5ymxj9j6,verified,https://jiuye.uestc.edu.cn/career/recruitment/onsite,
b887836b1bce25e1265596760b892365005ab14bc17c3278efd27aee3d356ab3,2026-09-11 08:56:02,2026-09-11 08:56:02,现场招聘,无锡中微爱芯电子有限公司,,模拟IC设计工程师,2026-09-10 10:12:22,2026-09-17,江苏省:无锡市,2026-09-17,13:00,17:30,电子科技大学清水河校区集成电路学院B栋511会议室,硕士,,,,,https://jiuye.uestc.edu.cn/career/recruitment/onsite/fxsf5ymxj9j6,verified,https://jiuye.uestc.edu.cn/career/recruitment/onsite,
eadc3916c4a0dc1eedecbe6e9ecb960c67067dc98adb296f9f7a8409ca61c1bc,2026-09-11 08:56:02,2026-09-11 08:56:02,现场招聘,无锡中微爱芯电子有限公司,,嵌入式软件开发工程师,2026-09-10 10:12:22,2026-09-17,江苏省:无锡市,2026-09-17,13:00,17:30,电子科技大学清水河校区集成电路学院B栋511会议室,硕士,,,,,https://jiuye.uestc.edu.cn/career/recruitment/onsite/fxsf5ymxj9j6,verified,https://jiuye.uestc.edu.cn/career/recruitment/onsite,
90c2d18a2e4f247f2b437c1eac6bb9e8dec1628135f54b038d151b6319e3810b,2026-09-11 08:56:02,2026-09-11 08:56:02,现场招聘,无锡中微爱芯电子有限公司,,电机驱动软件开发工程师,2026-09-10 10:12:22,2026-09-17,江苏省:无锡市,2026-09-17,13:00,17:30,电子科技大学清水河校区集成电路学院B栋511会议室,硕士,,,,,https://jiuye.uestc.edu.cn/career/recruitment/onsite/fxsf5ymxj9j6,verified,https://jiuye.uestc.edu.cn/career/recruitment/onsite,
78a31df6012c15ebc4448bcc03af2551b7ed87fdb2656144af01e13eec599e35,2026-09-11 08:56:02,2026-09-11 08:56:02,现场招聘,无锡中微爱芯电子有限公司,,测试应用工程师,2026-09-10 10:12:22,2026-09-17,江苏省:无锡市,2026-09-17,13:00,17:30,电子科技大学清水河校区集成电路学院B栋511会议室,本科、硕士,,,,,https://jiuye.uestc.edu.cn/career/recruitment/onsite/fxsf5ymxj9j6,verified,https://jiuye.uestc.edu.cn/career/recruitment/onsite,
71d0665866f55bb51deafd5664fba281e5ea29cc48463eaee234eb2df24cb0b5,2026-09-11 08:56:02,2026-09-11 08:56:02,现场招聘,无锡中微爱芯电子有限公司,,封装测试工程师,2026-09-10 10:12:22,2026-09-17,江苏省:无锡市,2026-09-17,13:00,17:30,电子科技大学清水河校区集成电路学院B栋511会议室,本科,,,,,https://jiuye.uestc.edu.cn/career/recruitment/onsite/fxsf5ymxj9j6,verified,https://jiuye.uestc.edu.cn/career/recruitment/onsite,
7dfd013228cd076d74560214af7098ed4f188b0e6009173c0b71e92943d166aa,2026-09-11 08:56:02,2026-09-11 08:56:02,现场招聘,无锡中微爱芯电子有限公司,,版图设计师,2026-09-10 10:12:22,2026-09-17,江苏省:无锡市,2026-09-17,13:00,17:30,电子科技大学清水河校区集成电路学院B栋511会议室,本科,,,,,https://jiuye.uestc.edu.cn/career/recruitment/onsite/fxsf5ymxj9j6,verified,https://jiuye.uestc.edu.cn/career/recruitment/onsite,
99febd6c5b02b72fe4fef8843c57b93fd09f240b0b2882b19f1df8ec6cf29af1,2026-09-11 08:56:02,2026-09-11 08:56:02,现场招聘,中国广核集团有限公司,中国广核集团2027届秋季校园招聘公告,未明确列出,2026-09-10 12:26:48,2026-09-17,广东省:深圳市,2026-09-17,18:30,20:30,【清】学生活动中心二楼圆厅,本科、硕士、博士,,,,https://cgn.hotjob.cn/,https://jiuye.uestc.edu.cn/career/recruitment/onsite/fxsrlydnjcaq,verified,https://jiuye.uestc.edu.cn/career/recruitment/onsite,
15fd6b5325c53e59d4909f8d70bea4053847447906465db903d36f0bacedfb64,2026-09-11 08:56:02,2026-09-11 08:56:02,现场招聘,中信银行福州分行,,未明确列出,2026-09-10 12:58:07,2026-09-18,其他(具体查看招聘信息),2026-09-18,14:30,16:30,立人楼B109,本科、硕士、博士,,,,,https://jiuye.uestc.edu.cn/career/recruitment/onsite/fxsvwn4tc7wh,verified,https://jiuye.uestc.edu.cn/career/recruitment/onsite,
ec9b14b7ffbee1c26414df2c39ad0d6a59ab533927df0f87414080db21ee693c,2026-09-11 08:56:02,2026-09-11 08:56:02,现场招聘,中讯邮电咨询设计院有限公司,中讯邮电咨询设计院有限公司2027年度校园招聘,未明确列出,2026-09-10 15:11:01,2026-09-21,其他(具体查看招聘信息),2026-09-21,19:30,21:00,立人楼A210,硕士、博士,,,,https://www.zhipin.com/kj/CITC2027,https://jiuye.uestc.edu.cn/career/recruitment/onsite/fxt7rggejuo1,verified,https://jiuye.uestc.edu.cn/career/recruitment/onsite,
2e205de6680bedc25cae471757927dd6f0cae1e2bcdfb0e42f09ccdca5d79c4f,2026-09-11 08:56:02,2026-09-11 08:56:02,现场招聘,中国石油天然气股份有限公司塔里木油田分公司,,未明确列出,2026-09-10 19:34:28,2026-09-22,新疆维吾尔自治区:巴音郭楞蒙古自治州,2026-09-22,09:30,11:00,【清】立人楼B117,本科、硕士、博士,,,,https://zhaopin.cnpc.com.cn/recruitInfoshow.html?id=8b8b6c9ea07c29cc01a080b0b640007e,https://jiuye.uestc.edu.cn/career/recruitment/onsite/fxtr9sddlog1,verified,https://jiuye.uestc.edu.cn/career/recruitment/onsite,
62a43692610e2e281b85aa35087663427aec7416ab8854ed9e94986a1cdfcd96,2026-09-11 08:56:02,2026-09-11 08:56:02,现场招聘,中国邮政储蓄银行股份有限公司四川省分行,2027校园招聘公告,未明确列出,2026-09-10 16:26:12,2026-09-23,其他(具体查看招聘信息),2026-09-23,15:00,17:00,【清】立人楼B118,本科,,,,https://psbc2027.zhaopin.com/,https://jiuye.uestc.edu.cn/career/recruitment/onsite/fxtbi5lef9j5,verified,https://jiuye.uestc.edu.cn/career/recruitment/onsite,
bd5b177520a4c5a3d4e20d9c4315d3b88fbee5f62d73cb0302e6ec35ea8807ed,2026-09-11 08:56:02,2026-09-11 08:56:02,现场招聘,博汇人力资源服务(北京)有限公司,工信就业-中博汇高层次人才洽谈会“2026年度”秋季巡回招聘会,未明确列出,2026-08-28 13:41:48,2026-09-16,北京市:东城区,2026-09-16,09:00,11:30,【清】学生活动中心一楼圆厅,博士、博士后,,,,,https://jiuye.uestc.edu.cn/career/recruitment/group/fwi8u63cpxxe,verified,https://jiuye.uestc.edu.cn/career/recruitment/group,
08d1960220b3b4451e42b352869e0800adafddf9533cce31d6ab3fc518d08c8f,2026-09-11 08:56:02,2026-09-11 08:56:02,需求信息,中国移动通信集团四川有限公司,中国移动四川公司2027秋季校园招聘公告,未明确列出,2026-09-10 19:10:59,2026-09-11,四川省:成都市,,,,,本科,,2026-10-08 00:00:00,,https://job.10086.cn/personal/campus/campus_job_list.html?cId=47,https://jiuye.uestc.edu.cn/career/recruitment/online/fxtsbmus9t6q,verified,https://jiuye.uestc.edu.cn/career/recruitment/online,
0a109b32d5b0184f7f00b4bc1d217d01f12873db7263e82efeff807ea3e46650,2026-09-11 08:56:02,2026-09-11 08:56:02,需求信息,招商银行股份有限公司广州分行,“梦想靠岸”招商银行广州分行2027校园招聘公告,定向培养生,2026-09-10 17:48:25,2026-09-10,其他(具体查看招聘信息),,,,,2027届硕士研究生及以上,专业不限,2026-10-10 00:00:00,,http://career.cmbchina.com/,https://jiuye.uestc.edu.cn/career/recruitment/online/fxtldch9d6o1,verified,https://jiuye.uestc.edu.cn/career/recruitment/online,
d83e810f3ff319d493dfd0a7877e1ac3756bd4e6d6963def41c7fc4af7128dec,2026-09-11 08:56:02,2026-09-11 08:56:02,需求信息,招商银行股份有限公司广州分行,“梦想靠岸”招商银行广州分行2027校园招聘公告,综合培养生,2026-09-10 17:48:25,2026-09-10,其他(具体查看招聘信息),,,,,2027届本科及以上,专业不限,2026-10-10 00:00:00,,http://career.cmbchina.com/,https://jiuye.uestc.edu.cn/career/recruitment/online/fxtldch9d6o1,verified,https://jiuye.uestc.edu.cn/career/recruitment/online,
de65e4153000458fbc1bb4576de4dbe155894fe7ab83ae4d419cd48fa20f0e83,2026-09-11 08:56:02,2026-09-11 08:56:02,需求信息,招商银行股份有限公司广州分行,“梦想靠岸”招商银行广州分行2027校园招聘公告,运营柜员岗,2026-09-10 17:48:25,2026-09-10,其他(具体查看招聘信息),,,,,2027届本科及以上,专业不限,2026-10-10 00:00:00,,http://career.cmbchina.com/,https://jiuye.uestc.edu.cn/career/recruitment/online/fxtldch9d6o1,verified,https://jiuye.uestc.edu.cn/career/recruitment/online,
082544379bfa5699072f248896692d924ad4930eb947dee2b989d042509f16ec,2026-09-11 08:56:02,2026-09-11 08:56:02,需求信息,成都嘉宏诚悦企业管理集团有限公司,,未明确列出,2026-09-10 17:46:47,2026-09-10,四川省:成都市,,,,,本科、硕士,,2026-12-31 00:00:00,,,https://jiuye.uestc.edu.cn/career/recruitment/online/fxt9qshp1ibl,verified,https://jiuye.uestc.edu.cn/career/recruitment/online,
4736aaec9ecb2ff88967db1c56f0ed17b7ac26a1e6899d84862a7d291c62ac51,2026-09-11 08:56:02,2026-09-11 08:56:02,需求信息,中华联合财产保险股份有限公司,中华财险2027秋季校园招聘简章,未明确列出,2026-09-10 17:40:19,2026-09-10,其他(具体查看招聘信息),,,,,本科、硕士、博士、博士后,,2027-06-30 00:00:00,,https://ciczp.zhiye.com/,https://jiuye.uestc.edu.cn/career/recruitment/online/fxt9wr7ktreq,verified,https://jiuye.uestc.edu.cn/career/recruitment/online,
98d3c0c420ba20e8df408f758acca1cdb86fdd004c99e5dffdb9023c7bd9a4ef,2026-09-11 08:56:02,2026-09-11 08:56:02,需求信息,深圳市智慧城市科技发展集团有限公司,,未明确列出,2026-09-10 17:38:23,2026-09-10,广东省:深圳市,,,,,本科、硕士、博士,,2027-12-31 00:00:00,,https://mp.weixin.qq.com/s/z11jUey-Si4tLdtMwF7Z7w,https://jiuye.uestc.edu.cn/career/recruitment/online/fxtawwsj4a9u,verified,https://jiuye.uestc.edu.cn/career/recruitment/online,
982c249a278c4b7ed8158f4204a03d73f9791a361b7722183d3654e8367a997d,2026-09-11 08:56:02,2026-09-11 08:56:02,需求信息,深圳联友科技有限公司,深圳联友科技有限公司,未明确列出,2026-09-10 17:35:36,2026-09-10,广东省:广州市,,,,,本科、硕士、博士,,2026-12-31 00:00:00,,https://szly.zhiye.com/,https://jiuye.uestc.edu.cn/career/recruitment/online/fxtikiicvxmp,verified,https://jiuye.uestc.edu.cn/career/recruitment/online,
1a28fbbd4152682be907a76c7513767545d1203a43a9e98d6af37251e3aff600,2026-09-11 08:56:02,2026-09-11 08:56:02,需求信息,王力安防科技股份有限公司,,未明确列出,2026-09-10 16:39:11,2026-09-10,浙江省:金华市,,,,,本科、硕士,,2026-12-31 00:00:00,,https://wow.liepin.com/zjwlaf/transit.html,https://jiuye.uestc.edu.cn/career/recruitment/online/fxt4qjixuupt,verified,https://jiuye.uestc.edu.cn/career/recruitment/online,
d338804b9cbd39a74435df673944289529d6d9028566475e7f7ffff8258e805b,2026-09-11 08:56:02,2026-09-11 08:56:02,需求信息,招商银行股份有限公司大连分行,“梦想靠岸”招商银行大连分行2026春季校园招聘公告,市场营销岗,2026-09-10 16:37:10,2026-03-13,大连、营口、锦州、瓦房店,,,,,本科及以上,专业不限,2026-04-30 23:59:59,,http://career.cmbchina.com/,https://jiuye.uestc.edu.cn/career/recruitment/online/ffvmy5arf30i,verified,https://jiuye.uestc.edu.cn/career/recruitment/online,
4cb5fbb6fc3d145debe09297bf8ff7fde1e5dbff209e01027e8c3efec57cf6b6,2026-09-11 08:56:02,2026-09-11 08:56:02,需求信息,招商银行股份有限公司大连分行,“梦想靠岸”招商银行大连分行2026春季校园招聘公告,运营柜员岗,2026-09-10 16:37:10,2026-03-13,大连,,,,,本科及以上,专业不限,2026-04-30 23:59:59,,http://career.cmbchina.com/,https://jiuye.uestc.edu.cn/career/recruitment/online/ffvmy5arf30i,verified,https://jiuye.uestc.edu.cn/career/recruitment/online,
2377efaa8635a991d1d4c5412492b9735a57322aa51be37b74360181313a74ab,2026-09-11 08:56:02,2026-09-11 08:56:02,需求信息,招商银行股份有限公司大连分行,“梦想靠岸”招商银行大连分行2026春季校园招聘公告,信息技术岗,2026-09-10 16:37:10,2026-03-13,大连,,,,,硕士及以上,IT类专业,2026-04-30 23:59:59,,http://career.cmbchina.com/,https://jiuye.uestc.edu.cn/career/recruitment/online/ffvmy5arf30i,verified,https://jiuye.uestc.edu.cn/career/recruitment/online,
ac80035ecc050a892089d454310d2550a77ee63efd1b73a7b6eeaef214eb4078,2026-09-11 08:56:02,2026-09-11 08:56:02,需求信息,吐哈油田公司,,油气田勘探开发技术研究,2026-09-10 14:44:40,2026-09-10,其他(具体查看招聘信息),,,,,本科、硕士、博士,,2026-10-15 00:00:00,,https://zhaopin.cnpc.com.cn/,https://jiuye.uestc.edu.cn/career/recruitment/online/fxt5euqk39q9,verified,https://jiuye.uestc.edu.cn/career/recruitment/online,
6887d3df8613c411dd25161dac5517eaac63eb606445f1046a5a37aa1606e98d,2026-09-11 08:56:02,2026-09-11 08:56:02,需求信息,吐哈油田公司,,油气田勘探,2026-09-10 14:44:40,2026-09-10,其他(具体查看招聘信息),,,,,本科、硕士、博士,,2026-10-15 00:00:00,,https://zhaopin.cnpc.com.cn/,https://jiuye.uestc.edu.cn/career/recruitment/online/fxt5euqk39q9,verified,https://jiuye.uestc.edu.cn/career/recruitment/online,
ec62f7d5ea3959a0504edd21806e2359965c68f0923fdf1ea0c9f4f965f626c5,2026-09-11 08:56:02,2026-09-11 08:56:02,需求信息,吐哈油田公司,,油气田开发,2026-09-10 14:44:40,2026-09-10,其他(具体查看招聘信息),,,,,本科、硕士、博士,,2026-10-15 00:00:00,,https://zhaopin.cnpc.com.cn/,https://jiuye.uestc.edu.cn/career/recruitment/online/fxt5euqk39q9,verified,https://jiuye.uestc.edu.cn/career/recruitment/online,
b7d44d5ac1ee82f44e2504b6acc8998f0c0858225c83a3ad3c1f4007b4131e75,2026-09-11 08:56:02,2026-09-11 08:56:02,需求信息,吐哈油田公司,,油气田地面建设与油气储运(成都设计院),2026-09-10 14:44:40,2026-09-10,其他(具体查看招聘信息),,,,,本科、硕士、博士,,2026-10-15 00:00:00,,https://zhaopin.cnpc.com.cn/,https://jiuye.uestc.edu.cn/career/recruitment/online/fxt5euqk39q9,verified,https://jiuye.uestc.edu.cn/career/recruitment/online,
b35fa23585a9fb92e0a681200bbfc22ad347604278a821ec21f119bf2863945e,2026-09-11 08:56:02,2026-09-11 08:56:02,需求信息,中信证券股份有限公司上海分公司,,培训生,2026-09-10 14:23:24,2026-09-10,上海市:浦东新区,,,,,本科、硕士、博士,,2027-04-30 17:00:30,,https://careers.citics.com/,https://jiuye.uestc.edu.cn/career/recruitment/online/fxt0r1t0rgg2,verified,https://jiuye.uestc.edu.cn/career/recruitment/online,
ff81a968ddd6fe2bf896cc69146775667b8e0c04c36c902c1bfee755bf451bdb,2026-09-11 08:56:02,2026-09-11 08:56:02,需求信息,上海电气集团交通自动化系统有限公司,,未明确列出,2026-09-10 14:23:00,2026-09-10,上海市:浦东新区,,,,,本科,,2026-12-31 00:00:00,,,https://jiuye.uestc.edu.cn/career/recruitment/online/fxt2pk1hv1tu,verified,https://jiuye.uestc.edu.cn/career/recruitment/online,
81d3cc120f898ffe9a43c8e6af84e4f0e533e3aded37805f6ce9bdfb42c38e2b,2026-09-11 08:56:02,2026-09-11 08:56:02,需求信息,泰康科技有限公司,,未明确列出,2026-09-10 13:11:48,2026-09-10,"北京市:昌平区,湖北省:武汉市",,,,,本科、硕士,,2027-07-31 00:00:00,,,https://jiuye.uestc.edu.cn/career/recruitment/online/fxsvhe6eo3y9,verified,https://jiuye.uestc.edu.cn/career/recruitment/online,
5094db4c3938cf503ab8e5b6d346320d349fde59a08fbe2611e51aff03f25a26,2026-09-11 08:56:02,2026-09-11 08:56:02,需求信息,华北光电技术研究所(中国电子科技集团公司第十一研究所),中国电子科技集团公司第十一研究所,未明确列出,2026-09-10 12:46:24,2026-09-10,其他(具体查看招聘信息),,,,,硕士、博士、博士后,,2026-10-30 00:00:00,,https://zgdk11.zhaopin.com/,https://jiuye.uestc.edu.cn/career/recruitment/online/fxsgabr6kmbl,verified,https://jiuye.uestc.edu.cn/career/recruitment/online,
7702e3332519f0d1bedcfbef5f195a103787a925a62413e15ffd35e4d1c86cd1,2026-09-11 08:56:02,2026-09-11 08:56:02,需求信息,白盒子(上海)微电子科技有限公司,白盒「中国芯」2027届秋季校园招聘,未明确列出,2026-09-10 12:44:56,2026-09-10,四川省:成都市,,,,,硕士、博士,,2026-10-31 00:00:00,,,https://jiuye.uestc.edu.cn/career/recruitment/online/fxsgnp662tj5,verified,https://jiuye.uestc.edu.cn/career/recruitment/online,
00a690b2c9d20e34badb9e49706292e12220ed09dfe71f1d77b25cb7412061da,2026-09-11 08:56:02,2026-09-11 08:56:02,需求信息,招商银行股份有限公司海口分行,“梦想靠岸”招商银行海口分行2027秋季校园招聘公告,未明确列出,2026-09-10 12:43:15,2026-09-10,"海南省:海口市,海南省:三亚市",,,,,本科、硕士、博士、博士后,,2026-10-10 00:00:00,,http://career.cmbchina.com/,https://jiuye.uestc.edu.cn/career/recruitment/online/fxshp8xey1vl,verified,https://jiuye.uestc.edu.cn/career/recruitment/online,
9ee2ee415092b2b5aeb862f2216e504f9f6bef823377ce6ba0225987ac961303,2026-09-11 08:56:02,2026-09-11 08:56:02,需求信息,招商银行股份有限公司宁波分行,“梦想靠岸”招商银行宁波分行2027届秋季校园招聘公告,公司、零售金融方向定向培养生,2026-09-10 12:41:46,2026-09-10,其他(具体查看招聘信息),,,,,硕士研究生学历,"专业不限,金融类、经济类、管理类、理工类等相关专业优先",2026-10-10 00:00:00,,https://cmb-recruitment-mobile.paas.cmbchina.com/recommendList?qrCodeId=B851E528-0F74-4A9F-BDBA-5CC69D605B3A,https://jiuye.uestc.edu.cn/career/recruitment/online/fxsit3l4zv2a,verified,https://jiuye.uestc.edu.cn/career/recruitment/online,
47d5967442737c8654c512c4b053223bdfe2a966e2e1be7540829762f3ad8b11,2026-09-11 08:56:02,2026-09-11 08:56:02,需求信息,招商银行股份有限公司宁波分行,“梦想靠岸”招商银行宁波分行2027届秋季校园招聘公告,市场营销岗,2026-09-10 12:41:46,2026-09-10,其他(具体查看招聘信息),,,,,本科及以上学历,"专业不限,金融类、经济类、管理类、理工类等相关专业优先",2026-10-10 00:00:00,,https://cmb-recruitment-mobile.paas.cmbchina.com/recommendList?qrCodeId=B851E528-0F74-4A9F-BDBA-5CC69D605B3A,https://jiuye.uestc.edu.cn/career/recruitment/online/fxsit3l4zv2a,verified,https://jiuye.uestc.edu.cn/career/recruitment/online,
98071fe0666aa52c0036a4f8d24c738e978d861a70f305ecd755f11da48c4d5e,2026-09-11 08:56:02,2026-09-11 08:56:02,需求信息,招商银行股份有限公司宁波分行,“梦想靠岸”招商银行宁波分行2027届秋季校园招聘公告,数字金融岗,2026-09-10 12:41:46,2026-09-10,其他(具体查看招聘信息),,,,,本科及以上学历,计算机、软件开发、数学、统计学、数据分析等相关专业,2026-10-10 00:00:00,,https://cmb-recruitment-mobile.paas.cmbchina.com/recommendList?qrCodeId=B851E528-0F74-4A9F-BDBA-5CC69D605B3A,https://jiuye.uestc.edu.cn/career/recruitment/online/fxsit3l4zv2a,verified,https://jiuye.uestc.edu.cn/career/recruitment/online,
d51ca5d85a86cb0d6034e656d1e5861ce49bec65400f690c1f53240216f6bc15,2026-09-11 08:56:02,2026-09-11 08:56:02,需求信息,招商银行股份有限公司宁波分行,“梦想靠岸”招商银行宁波分行2027届秋季校园招聘公告,运营支持岗,2026-09-10 12:41:46,2026-09-10,其他(具体查看招聘信息),,,,,本科及以上学历,专业不限,2026-10-10 00:00:00,,https://cmb-recruitment-mobile.paas.cmbchina.com/recommendList?qrCodeId=B851E528-0F74-4A9F-BDBA-5CC69D605B3A,https://jiuye.uestc.edu.cn/career/recruitment/online/fxsit3l4zv2a,verified,https://jiuye.uestc.edu.cn/career/recruitment/online,
c776c34ce60a28e6270fb3c56c1a772df67ce0fc4e15c2868036bdcc11e83797,2026-09-11 08:56:02,2026-09-11 08:56:02,需求信息,中国广核集团有限公司,中国广核集团2027届秋季校园招聘公告,未明确列出,2026-09-10 12:40:33,2026-09-10,广东省:深圳市,,,,,本科、硕士、博士,,2026-10-30 11:18:29,,https://cgn.hotjob.cn/,https://jiuye.uestc.edu.cn/career/recruitment/online/fxsn2lrxl69t,verified,https://jiuye.uestc.edu.cn/career/recruitment/online,
a4ee6f8f91f942790db44429949735ed8b75588cb2d2b8ed5f4547bcf504a627,2026-09-11 08:56:02,2026-09-11 08:56:02,需求信息,江南机电设计研究所,中国航天科工集团第十总体设计部 2027届校园招聘简章,未明确列出,2026-09-10 12:39:37,2026-09-10,贵州省:贵阳市,,,,,硕士、博士,,2026-12-31 00:00:00,,http://campus.51job.com/302casic,https://jiuye.uestc.edu.cn/career/recruitment/online/fxsnp6fncz5t,verified,https://jiuye.uestc.edu.cn/career/recruitment/online,
03c8da4a462e97a8a297fa181e614e8e1b15b82b8b96a43b5bf10e7d2d6c2972,2026-09-11 08:56:02,2026-09-11 08:56:02,需求信息,前锦网络信息技术(上海)有限公司,校园招聘公告,未明确列出,2026-09-10 12:38:16,2026-09-10,北京市:西城区,,,,,本科,,2026-10-08 00:00:00,,https://job.icbc.com.cn/,https://jiuye.uestc.edu.cn/career/recruitment/online/fxsqy0qnfw8y,verified,https://jiuye.uestc.edu.cn/career/recruitment/online,
214ae200e6d3f9a280bb6d8d84bf3939e2ec0b11416472372982334d60e56583,2026-09-11 08:56:02,2026-09-11 08:56:02,需求信息,多场低温科技(北京)有限公司,多场科技2027届校园招聘正式启动!,未明确列出,2026-09-10 10:01:30,2026-09-10,北京市:怀柔区,,,,,硕士、博士,,2026-12-31 09:40:14,,https://multifields1.zhiye.com/,https://jiuye.uestc.edu.cn/career/recruitment/online/fxsee7th6n7l,verified,https://jiuye.uestc.edu.cn/career/recruitment/online,
64bb2e76ecd904a121f7a86a0f126fad77ec22722489f950cf7bb42ff8fea64d,2026-09-11 08:56:02,2026-09-11 08:56:02,需求信息,拓荆科技股份有限公司,拓荆科技2027校园招聘,未明确列出,2026-09-10 10:00:29,2026-09-10,其他(具体查看招聘信息),,,,,本科、硕士、博士、博士后,,2026-12-31 00:00:00,,https://piotech.zhiye.com/campus,https://jiuye.uestc.edu.cn/career/recruitment/online/fxseipff6sci,verified,https://jiuye.uestc.edu.cn/career/recruitment/online,
4b1f88626f811952d4233e372dca21af900c95fa5b5a77dcf6d6f8ea58c3eb3d,2026-09-11 08:56:02,2026-09-11 08:56:02,需求信息,深圳市桑达无线通讯技术有限公司,国企深圳桑达无线2027届秋季校园招聘启事,深圳研发岗,2026-09-10 09:59:39,2026-09-14,深圳南山区科技园桑达科技大厦,,,,,研究生,通信、电子信息、计算机等相关专业,2027-03-31 00:00:00,,,https://jiuye.uestc.edu.cn/career/recruitment/online/fxsbvc2czz0h,verified,https://jiuye.uestc.edu.cn/career/recruitment/online,
cf7404bdc0ce8aba505f3d171dd39c0c6322957cc9ca391a822ede8075355c8f,2026-09-11 08:56:02,2026-09-11 08:56:02,需求信息,深圳市桑达无线通讯技术有限公司,国企深圳桑达无线2027届秋季校园招聘启事,职能类,2026-09-10 09:59:39,2026-09-14,深圳南山区科技园桑达科技大厦,,,,,本科,电子信息、通信、管理类等相关专业,2027-03-31 00:00:00,,,https://jiuye.uestc.edu.cn/career/recruitment/online/fxsbvc2czz0h,verified,https://jiuye.uestc.edu.cn/career/recruitment/online,
c6aa056117e5c548f895bd7bc5b722e735795ce4aed6a460f7f212912ee0722c,2026-09-11 08:56:02,2026-09-11 08:56:02,需求信息,海能达2027届校园招聘,,未明确列出,2026-09-10 09:11:51,2026-09-10,其他(具体查看招聘信息),,,,,本科、硕士、博士,,2026-10-31 00:00:00,,,https://jiuye.uestc.edu.cn/career/recruitment/online/fxsbq1qsiewy,verified,https://jiuye.uestc.edu.cn/career/recruitment/online,
6b5ab3f788e52c92ddeeb5404ad1fc02426284b3cbf5da0f17ae9a0c4b6cdc79,2026-09-11 08:56:02,2026-09-11 08:56:02,需求信息,昆仑万维科技股份有限公司,昆仑万维2027届校园招聘,未明确列出,2026-09-10 08:58:35,2026-09-10,北京市:东城区,,,,,本科、硕士、博士,,2026-12-31 08:52:39,,https://www.nowcoder.com/jobs/jump/WlDpjz,https://jiuye.uestc.edu.cn/career/recruitment/online/fxs9o100jhmq,verified,https://jiuye.uestc.edu.cn/career/recruitment/online,
40cc058ec48e55eea7c824d497a3b71617414fad52db045de3833983e73edc22,2026-09-12 08:57:25,2026-09-12 08:57:25,现场招聘,“CEC中国电子”分赛道宣讲交流精准对接,,未明确列出,2026-09-11 22:21:15,2026-09-14,其他(具体查看招聘信息),2026-09-14,19:00,21:00,【清】立人楼B209-210,本科、硕士、博士,,,,,https://jiuye.uestc.edu.cn/career/recruitment/onsite/fxxulhmve3gh,verified,https://jiuye.uestc.edu.cn/career/recruitment/onsite,
9dc2b9a3a5b46e9b022098dbb62f59f6c8890d5ad054f71e64f12ee27ed1c7f9,2026-09-12 08:57:25,2026-09-12 08:57:25,现场招聘,用友网络科技股份有限公司,“友”为青年  用友集团2027届校园招聘简章,未明确列出,2026-09-11 10:14:53,2026-09-15,北京市:海淀区,2026-09-15,19:00,,,本科、硕士、博士,,,,https://www.nowcoder.com/live/detail?liveId=574,https://jiuye.uestc.edu.cn/career/recruitment/aerial/fxvwmbubx62q,verified,https://jiuye.uestc.edu.cn/career/recruitment/aerial,
77bf25d24b5dc8d3ab0f59899ff70eacce93c4c66fd19cf3bb5699b77e1b557f,2026-09-12 08:57:25,2026-09-12 08:57:25,现场招聘,深圳市属国企,深圳市属国企2027届“菁英聚鹏城”校园招聘电子科技大学专场,未明确列出,2026-09-11 20:55:40,2026-09-17,广东省:深圳市,2026-09-17,09:30,11:30,【清】学生活动中心二楼圆厅,本科、硕士、博士、博士后,,,,,https://jiuye.uestc.edu.cn/career/recruitment/group/fxxmynzi1rlt,verified,https://jiuye.uestc.edu.cn/career/recruitment/group,
f84ec03f23ef1e429a2a73ef573137f73aebe3f384852619b47060f41335bb4c,2026-09-12 08:57:25,2026-09-12 08:57:25,现场招聘,军办某单位,,未明确列出,2026-09-11 17:01:38,2026-09-17,其他(具体查看招聘信息),2026-09-17,10:00,11:30,清水河校区品B101,硕士、博士,,,,,https://jiuye.uestc.edu.cn/career/recruitment/onsite/fxx233as8em9,verified,https://jiuye.uestc.edu.cn/career/recruitment/onsite,
a7f0a663a97548bd5f41de7f58a5140f78f643a0b4ac362ef01784a6ddd9e167,2026-09-12 08:57:25,2026-09-12 08:57:25,现场招聘,北京应用物理与计算数学研究所,中物院高性能数值模拟软件中心2027届校招(研发、管理),未明确列出,2026-09-11 08:57:07,2026-09-17,其他(具体查看招聘信息),2026-09-17,10:00,11:30,【清】品学楼B109,硕士、博士、博士后,,,,https://zp.zjdit.com/,https://jiuye.uestc.edu.cn/career/recruitment/onsite/fxu7b8j6598i,verified,https://jiuye.uestc.edu.cn/career/recruitment/onsite,
f4887b2874432b0e5eab2a4f7f0792efca74a5374ab8fe542b6b54efd1a870f5,2026-09-12 08:57:25,2026-09-12 08:57:25,现场招聘,北京大圣光华教育科技集团有限公司,大圣光华教育集团2027秋招线上宣讲会,考研讲师,2026-09-11 19:35:14,2026-09-17,山东省:济南市,2026-09-17,16:00,,,硕士,数学、英语,,,https://work.weixin.qq.com/webapp/tm/JgP09xFY6ob,https://jiuye.uestc.edu.cn/career/recruitment/aerial/fxww2khphnup,verified,https://jiuye.uestc.edu.cn/career/recruitment/aerial,
fc9ddcf55cc88281dd5048b3653298d15aa291c28b51f4ea2802f73f54198fc6,2026-09-12 08:57:25,2026-09-12 08:57:25,现场招聘,北京大圣光华教育科技集团有限公司,大圣光华教育集团2027秋招线上宣讲会,大数据分析讲师,2026-09-11 19:35:14,2026-09-17,山东省:济南市,2026-09-17,16:00,,,硕士,计算机、大数据、统计学相关专业,,,https://work.weixin.qq.com/webapp/tm/JgP09xFY6ob,https://jiuye.uestc.edu.cn/career/recruitment/aerial/fxww2khphnup,verified,https://jiuye.uestc.edu.cn/career/recruitment/aerial,
f67224547c2ed72d81b6e6998ba8dd7db56eb8d911722aa6118f3e5181eb4408,2026-09-12 08:57:25,2026-09-12 08:57:25,现场招聘,北京大圣光华教育科技集团有限公司,大圣光华教育集团2027秋招线上宣讲会,专升本讲师,2026-09-11 19:35:14,2026-09-17,山东省:济南市,2026-09-17,16:00,,,本科,语文、数学、英语、计算机,,,https://work.weixin.qq.com/webapp/tm/JgP09xFY6ob,https://jiuye.uestc.edu.cn/career/recruitment/aerial/fxww2khphnup,verified,https://jiuye.uestc.edu.cn/career/recruitment/aerial,
a419a3b73224c35eae503e0fc1b8c4a26544bb689a16409d29c92692b5f987b8,2026-09-12 08:57:25,2026-09-12 08:57:25,现场招聘,北京大圣光华教育科技集团有限公司,大圣光华教育集团2027秋招线上宣讲会,营养与健康讲师,2026-09-11 19:35:14,2026-09-17,山东省:济南市,2026-09-17,16:00,,,本科,医学类、营养学、健康管理类相关,,,https://work.weixin.qq.com/webapp/tm/JgP09xFY6ob,https://jiuye.uestc.edu.cn/career/recruitment/aerial/fxww2khphnup,verified,https://jiuye.uestc.edu.cn/career/recruitment/aerial,
7e74689708defc864691da591ba871c9dca00f0a6b8b461041f52886536eb92f,2026-09-12 08:57:25,2026-09-12 08:57:25,现场招聘,上海航天802所,,未明确列出,2026-09-11 10:16:36,2026-09-17,其他(具体查看招聘信息),2026-09-17,16:30,18:00,清水河校区学生活动中心202会议室,硕士、博士,,,,,https://jiuye.uestc.edu.cn/career/recruitment/onsite/fxw1ydc3uz29,verified,https://jiuye.uestc.edu.cn/career/recruitment/onsite,
c9e0fe8bcd8345f75c4e5667d4da4381935f0eafd349b2dce182c2927f2f9abf,2026-09-12 08:57:25,2026-09-12 08:57:25,现场招聘,爱玛科技集团,爱玛科技集团 2027届全球校园招聘简章,未明确列出,2026-09-11 15:44:01,2026-09-20,其他(具体查看招聘信息),2026-09-20,19:30,21:00,【清】品学楼B109,本科、硕士,,,,https://xiaoyuan.zhaopin.com/company/KA0315121716D90000001000?refcode=4440,https://jiuye.uestc.edu.cn/career/recruitment/onsite/fxwv5u1o03ya,verified,https://jiuye.uestc.edu.cn/career/recruitment/onsite,
7d2c55842c8f0bf916589378dfc502bd9ab1a1ee6f5c02411834e7ccf94ee90a,2026-09-12 08:57:25,2026-09-12 08:57:25,现场招聘,广东捷骏电子科技有限公司,,未明确列出,2026-09-11 20:52:17,2026-09-22,"广东省:广州市,广东省:肇庆市",2026-09-22,10:00,11:30,【清】立人楼B118,本科、硕士,,,,,https://jiuye.uestc.edu.cn/career/recruitment/onsite/fxx4uzqurpj6,verified,https://jiuye.uestc.edu.cn/career/recruitment/onsite,
cefcfbdfe92b1fd0f3ef07d6c008ce759681fbf322d572525f441420dc3b8781,2026-09-12 08:57:25,2026-09-12 08:57:25,现场招聘,维谛技术有限公司,维谛技术(Vertiv)2027届秋季校园招聘,销售工程师,2026-09-11 11:57:31,2026-09-24,全国,2026-09-24,15:00,16:00,【清】学生活动中心220,本科、硕士、博士,,,,https://app.mokahr.com/su/tbyamd,https://jiuye.uestc.edu.cn/career/recruitment/onsite/fxwa98rh8phe,verified,https://jiuye.uestc.edu.cn/career/recruitment/onsite,
d69f983090551727c29d66e806c77686f108a3612b930eab5d18ef8e3b605809,2026-09-12 08:57:25,2026-09-12 08:57:25,现场招聘,维谛技术有限公司,维谛技术(Vertiv)2027届秋季校园招聘,服务销售工程师,2026-09-11 11:57:31,2026-09-24,全国,2026-09-24,15:00,16:00,【清】学生活动中心220,本科、硕士、博士,,,,https://app.mokahr.com/su/tbyamd,https://jiuye.uestc.edu.cn/career/recruitment/onsite/fxwa98rh8phe,verified,https://jiuye.uestc.edu.cn/career/recruitment/onsite,
aabecee80994e44335f08f522af8d940f6cf830f80da119ef59fb2aaa8bdc223,2026-09-12 08:57:25,2026-09-12 08:57:25,现场招聘,维谛技术有限公司,维谛技术(Vertiv)2027届秋季校园招聘,行销工程师,2026-09-11 11:57:31,2026-09-24,全国,2026-09-24,15:00,16:00,【清】学生活动中心220,本科、硕士、博士,,,,https://app.mokahr.com/su/tbyamd,https://jiuye.uestc.edu.cn/career/recruitment/onsite/fxwa98rh8phe,verified,https://jiuye.uestc.edu.cn/career/recruitment/onsite,
ebebdec2e5fe9414af6459dc455c104b120721eae447c629ab8a0ed50654f6ba,2026-09-12 08:57:25,2026-09-12 08:57:25,现场招聘,维谛技术有限公司,维谛技术(Vertiv)2027届秋季校园招聘,制冷售后技术支持工程师,2026-09-11 11:57:31,2026-09-24,全国,2026-09-24,15:00,16:00,【清】学生活动中心220,本科、硕士、博士,,,,https://app.mokahr.com/su/tbyamd,https://jiuye.uestc.edu.cn/career/recruitment/onsite/fxwa98rh8phe,verified,https://jiuye.uestc.edu.cn/career/recruitment/onsite,
84e10206124c3b5d079674d900a78d681f7d0af87e1b22edcf19e1d8efccf1d9,2026-09-12 08:57:25,2026-09-12 08:57:25,现场招聘,维谛技术有限公司,维谛技术(Vertiv)2027届秋季校园招聘,电气售后技术支持工程师,2026-09-11 11:57:31,2026-09-24,全国,2026-09-24,15:00,16:00,【清】学生活动中心220,本科、硕士、博士,,,,https://app.mokahr.com/su/tbyamd,https://jiuye.uestc.edu.cn/career/recruitment/onsite/fxwa98rh8phe,verified,https://jiuye.uestc.edu.cn/career/recruitment/onsite,
a5add4529017432b2f73b2f544bdabeb12b2aefda89707a554e074b2fc283d3a,2026-09-12 08:57:25,2026-09-12 08:57:25,现场招聘,维谛技术有限公司,维谛技术(Vertiv)2027届秋季校园招聘,监控工程管理工程师,2026-09-11 11:57:31,2026-09-24,全国,2026-09-24,15:00,16:00,【清】学生活动中心220,本科、硕士、博士,,,,https://app.mokahr.com/su/tbyamd,https://jiuye.uestc.edu.cn/career/recruitment/onsite/fxwa98rh8phe,verified,https://jiuye.uestc.edu.cn/career/recruitment/onsite,
425dacff2863a0d387ae5f2553b1523b2d6d2e19d0df68014b1cdde59f27abee,2026-09-12 08:57:25,2026-09-12 08:57:25,现场招聘,维谛技术有限公司,维谛技术(Vertiv)2027届秋季校园招聘,销售计划工程师,2026-09-11 11:57:31,2026-09-24,深圳,2026-09-24,15:00,16:00,【清】学生活动中心220,本科、硕士、博士,,,,https://app.mokahr.com/su/tbyamd,https://jiuye.uestc.edu.cn/career/recruitment/onsite/fxwa98rh8phe,verified,https://jiuye.uestc.edu.cn/career/recruitment/onsite,
eb332969391a193b55e66b2f12a70dca09f191f191877998a569a17b4d28fcd7,2026-09-12 08:57:25,2026-09-12 08:57:25,现场招聘,维谛技术有限公司,维谛技术(Vertiv)2027届秋季校园招聘,营销策划工程师,2026-09-11 11:57:31,2026-09-24,深圳,2026-09-24,15:00,16:00,【清】学生活动中心220,本科、硕士、博士,,,,https://app.mokahr.com/su/tbyamd,https://jiuye.uestc.edu.cn/career/recruitment/onsite/fxwa98rh8phe,verified,https://jiuye.uestc.edu.cn/career/recruitment/onsite,
7e84ee1ef7908b6eef1565c09dc6d00e2c81f16204a4cefb26aa4f4068d9050b,2026-09-12 08:57:25,2026-09-12 08:57:25,现场招聘,维谛技术有限公司,维谛技术(Vertiv)2027届秋季校园招聘,空调技术支持工程师(液冷),2026-09-11 11:57:31,2026-09-24,深圳,2026-09-24,15:00,16:00,【清】学生活动中心220,本科、硕士、博士,,,,https://app.mokahr.com/su/tbyamd,https://jiuye.uestc.edu.cn/career/recruitment/onsite/fxwa98rh8phe,verified,https://jiuye.uestc.edu.cn/career/recruitment/onsite,
6cae409ddbae67ad1b1898e869e5769d62308597231ee721babf9dfafe770e60,2026-09-12 08:57:25,2026-09-12 08:57:25,现场招聘,维谛技术有限公司,维谛技术(Vertiv)2027届秋季校园招聘,空调产品工程师(液冷),2026-09-11 11:57:31,2026-09-24,深圳,2026-09-24,15:00,16:00,【清】学生活动中心220,本科、硕士、博士,,,,https://app.mokahr.com/su/tbyamd,https://jiuye.uestc.edu.cn/career/recruitment/onsite/fxwa98rh8phe,verified,https://jiuye.uestc.edu.cn/career/recruitment/onsite,
4bf247e4f8ed3a3c70bb70a394d7f977ae3459e17a8235eabce6517b554c95dd,2026-09-12 08:57:25,2026-09-12 08:57:25,现场招聘,维谛技术有限公司,维谛技术(Vertiv)2027届秋季校园招聘,市场研究工程师,2026-09-11 11:57:31,2026-09-24,深圳,2026-09-24,15:00,16:00,【清】学生活动中心220,本科、硕士、博士,,,,https://app.mokahr.com/su/tbyamd,https://jiuye.uestc.edu.cn/career/recruitment/onsite/fxwa98rh8phe,verified,https://jiuye.uestc.edu.cn/career/recruitment/onsite,
62dd2df27231b3b0d6a4f968ab819e8f17aedecf43cf99c4b1c575b3331f66e3,2026-09-12 08:57:25,2026-09-12 08:57:25,现场招聘,维谛技术有限公司,维谛技术(Vertiv)2027届秋季校园招聘,电力电子硬件工程师,2026-09-11 11:57:31,2026-09-24,深圳,2026-09-24,15:00,16:00,【清】学生活动中心220,本科、硕士、博士,,,,https://app.mokahr.com/su/tbyamd,https://jiuye.uestc.edu.cn/career/recruitment/onsite/fxwa98rh8phe,verified,https://jiuye.uestc.edu.cn/career/recruitment/onsite,
f795bc7295d9b1c41928ad88bd6b72129b0404afa8e3e95420b45046bebbd322,2026-09-12 08:57:25,2026-09-12 08:57:25,现场招聘,维谛技术有限公司,维谛技术(Vertiv)2027届秋季校园招聘,电力电子软件工程师,2026-09-11 11:57:31,2026-09-24,深圳,2026-09-24,15:00,16:00,【清】学生活动中心220,本科、硕士、博士,,,,https://app.mokahr.com/su/tbyamd,https://jiuye.uestc.edu.cn/career/recruitment/onsite/fxwa98rh8phe,verified,https://jiuye.uestc.edu.cn/career/recruitment/onsite,
4a062b10165516d81806e3ee8777a82329399fe7b15ca1bd29f6873addd86bcf,2026-09-12 08:57:25,2026-09-12 08:57:25,现场招聘,维谛技术有限公司,维谛技术(Vertiv)2027届秋季校园招聘,电气工程师,2026-09-11 11:57:31,2026-09-24,深圳,2026-09-24,15:00,16:00,【清】学生活动中心220,本科、硕士、博士,,,,https://app.mokahr.com/su/tbyamd,https://jiuye.uestc.edu.cn/career/recruitment/onsite/fxwa98rh8phe,verified,https://jiuye.uestc.edu.cn/career/recruitment/onsite,
929e586431f1e85be960f7c1a124862dd4e78668225ed80e3263cd384dc148aa,2026-09-12 08:57:25,2026-09-12 08:57:25,现场招聘,维谛技术有限公司,维谛技术(Vertiv)2027届秋季校园招聘,制冷工程师,2026-09-11 11:57:31,2026-09-24,深圳,2026-09-24,15:00,16:00,【清】学生活动中心220,本科、硕士、博士,,,,https://app.mokahr.com/su/tbyamd,https://jiuye.uestc.edu.cn/career/recruitment/onsite/fxwa98rh8phe,verified,https://jiuye.uestc.edu.cn/career/recruitment/onsite,
c8cb2382e85b91d38d07ea0a196f613ff4e5cd9064930ed5eaf0185f01c0790c,2026-09-12 08:57:25,2026-09-12 08:57:25,现场招聘,维谛技术有限公司,维谛技术(Vertiv)2027届秋季校园招聘,单板软件工程师,2026-09-11 11:57:31,2026-09-24,深圳,2026-09-24,15:00,16:00,【清】学生活动中心220,本科、硕士、博士,,,,https://app.mokahr.com/su/tbyamd,https://jiuye.uestc.edu.cn/career/recruitment/onsite/fxwa98rh8phe,verified,https://jiuye.uestc.edu.cn/career/recruitment/onsite,
2d6a82ca2a042ae1382d733e15e0192dd6596250b4f3c7dad6f3284a900fbfe7,2026-09-12 08:57:25,2026-09-12 08:57:25,现场招聘,维谛技术有限公司,维谛技术(Vertiv)2027届秋季校园招聘,结构工程师,2026-09-11 11:57:31,2026-09-24,深圳,2026-09-24,15:00,16:00,【清】学生活动中心220,本科、硕士、博士,,,,https://app.mokahr.com/su/tbyamd,https://jiuye.uestc.edu.cn/career/recruitment/onsite/fxwa98rh8phe,verified,https://jiuye.uestc.edu.cn/career/recruitment/onsite,
fa14000a9301da419677286a27beba3d50791fff3f1a2a7b0cf01ffda668e0f4,2026-09-12 08:57:25,2026-09-12 08:57:25,现场招聘,维谛技术有限公司,维谛技术(Vertiv)2027届秋季校园招聘,设计工程师,2026-09-11 11:57:31,2026-09-24,西安,2026-09-24,15:00,16:00,【清】学生活动中心220,本科、硕士、博士,,,,https://app.mokahr.com/su/tbyamd,https://jiuye.uestc.edu.cn/career/recruitment/onsite/fxwa98rh8phe,verified,https://jiuye.uestc.edu.cn/career/recruitment/onsite,
46fd7acb6ba6bedcde3336639722ac4bb19e4894b903fce6a0b616c95711b3d1,2026-09-12 08:57:25,2026-09-12 08:57:25,现场招聘,维谛技术有限公司,维谛技术(Vertiv)2027届秋季校园招聘,工程管理工程师,2026-09-11 11:57:31,2026-09-24,西安,2026-09-24,15:00,16:00,【清】学生活动中心220,本科、硕士、博士,,,,https://app.mokahr.com/su/tbyamd,https://jiuye.uestc.edu.cn/career/recruitment/onsite/fxwa98rh8phe,verified,https://jiuye.uestc.edu.cn/career/recruitment/onsite,
d68027cf15f8fd348129c459806211e97480b041f832a4ca5b7cf83e19edeac5,2026-09-12 08:57:25,2026-09-12 08:57:25,现场招聘,维谛技术有限公司,维谛技术(Vertiv)2027届秋季校园招聘,安全工程师,2026-09-11 11:57:31,2026-09-24,江门,2026-09-24,15:00,16:00,【清】学生活动中心220,本科、硕士、博士,,,,https://app.mokahr.com/su/tbyamd,https://jiuye.uestc.edu.cn/career/recruitment/onsite/fxwa98rh8phe,verified,https://jiuye.uestc.edu.cn/career/recruitment/onsite,
8aebe6672b5036646995f0a1e833a17820d840917ddce0c7dd71fb732327aab7,2026-09-12 08:57:25,2026-09-12 08:57:25,现场招聘,维谛技术有限公司,维谛技术(Vertiv)2027届秋季校园招聘,工艺工程师,2026-09-11 11:57:31,2026-09-24,江门,2026-09-24,15:00,16:00,【清】学生活动中心220,本科、硕士、博士,,,,https://app.mokahr.com/su/tbyamd,https://jiuye.uestc.edu.cn/career/recruitment/onsite/fxwa98rh8phe,verified,https://jiuye.uestc.edu.cn/career/recruitment/onsite,
c4503598d53c52c6619431ed2ad8408b98b141b9d0356fbbd4f74c6cb47cda82,2026-09-12 08:57:25,2026-09-12 08:57:25,现场招聘,维谛技术有限公司,维谛技术(Vertiv)2027届秋季校园招聘,供应链计划工程师,2026-09-11 11:57:31,2026-09-24,江门,2026-09-24,15:00,16:00,【清】学生活动中心220,本科、硕士、博士,,,,https://app.mokahr.com/su/tbyamd,https://jiuye.uestc.edu.cn/career/recruitment/onsite/fxwa98rh8phe,verified,https://jiuye.uestc.edu.cn/career/recruitment/onsite,
fd7af5f80cfc6cf9d8bda6634621d7560abf190d46f024feeaafb8140a2ae6b0,2026-09-12 08:57:25,2026-09-12 08:57:25,现场招聘,维谛技术有限公司,维谛技术(Vertiv)2027届秋季校园招聘,物控工程师,2026-09-11 11:57:31,2026-09-24,江门,2026-09-24,15:00,16:00,【清】学生活动中心220,本科、硕士、博士,,,,https://app.mokahr.com/su/tbyamd,https://jiuye.uestc.edu.cn/career/recruitment/onsite/fxwa98rh8phe,verified,https://jiuye.uestc.edu.cn/career/recruitment/onsite,
f812c497a63239e2975e5f8575ffd1378f049db77045c6681ad4978876b78a45,2026-09-12 08:57:25,2026-09-13 15:19:15,现场招聘,中兴通讯,,未明确列出,2026-09-11 17:04:04,2026-09-15,其他(具体查看招聘信息),2026-09-15,14:30,16:30,【清】学生活动中心二楼圆厅,本科、硕士、博士,,,,,https://jiuye.uestc.edu.cn/career/recruitment/group/fxx2awovg8w1,verified,https://jiuye.uestc.edu.cn/career/recruitment/group,
d4caf22e88854bbf6db236e82086635c1dda046679308a8474ab308f327064e6,2026-09-12 08:57:25,2026-09-12 08:57:25,现场招聘,深圳市科曼医疗设备有限公司,2027届校园招聘简章,算法工程师,2026-09-11 21:04:02,2026-09-28,广东省:深圳市,2026-09-28,19:00,20:30,【清】学生活动中心220,研究生及以上,计算机、通信、雷达、信号处理、图像处理、电子信息、自动化、生物医学工程、水声、声学、光学、物理、数学、人工智能算法、控制等相关专业,,,,https://jiuye.uestc.edu.cn/career/recruitment/onsite/fxwrnqw5i58h,verified,https://jiuye.uestc.edu.cn/career/recruitment/onsite,
8552447263b768a559f8c48b43434fa22868b51f7e6057f8a7f1e6e6919bac7c,2026-09-12 08:57:25,2026-09-12 08:57:25,现场招聘,深圳市科曼医疗设备有限公司,2027届校园招聘简章,光学工程师,2026-09-11 21:04:02,2026-09-28,广东省:深圳市,2026-09-28,19:00,20:30,【清】学生活动中心220,研究生及以上,物理、电子、光学工程等相关专业,,,,https://jiuye.uestc.edu.cn/career/recruitment/onsite/fxwrnqw5i58h,verified,https://jiuye.uestc.edu.cn/career/recruitment/onsite,
3f9664230b7eac70dc5040e390246356684589996d0e6aabdb4ad7f6edf26030,2026-09-12 08:57:25,2026-09-12 08:57:25,现场招聘,深圳市科曼医疗设备有限公司,2027届校园招聘简章,声学工程师,2026-09-11 21:04:02,2026-09-28,广东省:深圳市,2026-09-28,19:00,20:30,【清】学生活动中心220,研究生及以上,声学、物理、材料、生物医学工程及压电器件相关专业,,,,https://jiuye.uestc.edu.cn/career/recruitment/onsite/fxwrnqw5i58h,verified,https://jiuye.uestc.edu.cn/career/recruitment/onsite,
2a91f951978204c7cc3578137887585e0413f409a7e4fd08cf59ef50817a4def,2026-09-12 08:57:25,2026-09-12 08:57:25,现场招聘,深圳市科曼医疗设备有限公司,2027届校园招聘简章,FPGA工程师,2026-09-11 21:04:02,2026-09-28,广东省:深圳市,2026-09-28,19:00,20:30,【清】学生活动中心220,研究生及以上,计算机、通信、雷达、信号处理、电子信息、自动化、生物医学工程等相关专业,,,,https://jiuye.uestc.edu.cn/career/recruitment/onsite/fxwrnqw5i58h,verified,https://jiuye.uestc.edu.cn/career/recruitment/onsite,
fc07ca5af05e61ac08e9815a7bcbf28a91aea74944c52696344f9317075c9a8f,2026-09-12 08:57:25,2026-09-12 08:57:25,现场招聘,深圳市科曼医疗设备有限公司,2027届校园招聘简章,机械工程师,2026-09-11 21:04:02,2026-09-28,广东省:深圳市,2026-09-28,19:00,20:30,【清】学生活动中心220,本科及以上,机械设计制造及自动化、机械设计及理论、力学、机械工程、机电、材料工程等,,,,https://jiuye.uestc.edu.cn/career/recruitment/onsite/fxwrnqw5i58h,verified,https://jiuye.uestc.edu.cn/career/recruitment/onsite,
85464bc9f3145c44338910b7681bde758ae6667dcfc000a62bfa8391c9a73216,2026-09-12 08:57:25,2026-09-12 08:57:25,现场招聘,深圳市科曼医疗设备有限公司,2027届校园招聘简章,结构工程师,2026-09-11 21:04:02,2026-09-28,广东省:深圳市,2026-09-28,19:00,20:30,【清】学生活动中心220,本科及以上,机械设计及制造或自动化等相关专业,,,,https://jiuye.uestc.edu.cn/career/recruitment/onsite/fxwrnqw5i58h,verified,https://jiuye.uestc.edu.cn/career/recruitment/onsite,
aaf97b51eb857dd597d834a5a45bd0b305f79df69171443168dc263be499ab07,2026-09-12 08:57:25,2026-09-12 08:57:25,现场招聘,深圳市科曼医疗设备有限公司,2027届校园招聘简章,临床需求工程师,2026-09-11 21:04:02,2026-09-28,广东省:深圳市,2026-09-28,19:00,20:30,【清】学生活动中心220,研究生及以上,生物医学工程、临床医学、医学影像等相关专业,,,,https://jiuye.uestc.edu.cn/career/recruitment/onsite/fxwrnqw5i58h,verified,https://jiuye.uestc.edu.cn/career/recruitment/onsite,
2ce5db79177c018f518934fe93487d2cdae9fdddf8057187b9a861f44f13401e,2026-09-12 08:57:25,2026-09-12 08:57:25,现场招聘,天水华天科技股份有限公司,天水华天科技股份有限公司,研发类,2026-09-11 10:22:33,2026-10-10,甘肃省:天水市,2026-10-10,09:30,11:00,【清】学生活动中心220,本科,电子信息工程、电子科学与技术、集成电路设计与集成系统、微电子科学与工程、半导体、物理化学、材料、机械类等,,,,https://jiuye.uestc.edu.cn/career/recruitment/onsite/fxvvrz00nvnl,verified,https://jiuye.uestc.edu.cn/career/recruitment/onsite,
73157775d8d6c02e047f9585869ee637908341b13dd4ef1ce234d3820da35243,2026-09-12 08:57:25,2026-09-12 08:57:25,现场招聘,天水华天科技股份有限公司,天水华天科技股份有限公司,技术类,2026-09-11 10:22:33,2026-10-10,甘肃省:天水市,2026-10-10,09:30,11:00,【清】学生活动中心220,本科,电子信息工程、电子科学与技术、集成电路设计与集成系统、微电子科学与工程、半导体、材料、机械类等,,,,https://jiuye.uestc.edu.cn/career/recruitment/onsite/fxvvrz00nvnl,verified,https://jiuye.uestc.edu.cn/career/recruitment/onsite,
a12f5027868fa63da40852cf8dbcd2f39ff1670700f7ef67bf0f6b4bd07ad728,2026-09-12 08:57:25,2026-09-12 08:57:25,现场招聘,天水华天科技股份有限公司,天水华天科技股份有限公司,工艺类,2026-09-11 10:22:33,2026-10-10,甘肃省:天水市,2026-10-10,09:30,11:00,【清】学生活动中心220,本科,微电子、材料、物理、化学、电子电气及机械自动化、电子信息类、电气自动化、集成电路、机械、光电、英语等、,,,,https://jiuye.uestc.edu.cn/career/recruitment/onsite/fxvvrz00nvnl,verified,https://jiuye.uestc.edu.cn/career/recruitment/onsite,
387b04c92800c565252a997ac191e9f0598a81d8277b402b1489a38f9a9fa305,2026-09-12 08:57:25,2026-09-12 08:57:25,现场招聘,天水华天科技股份有限公司,天水华天科技股份有限公司,设备类,2026-09-11 10:22:33,2026-10-10,甘肃省:天水市,2026-10-10,09:30,11:00,【清】学生活动中心220,本科,微电子、材料、物理、化学、电子电气及机械自动化、电子信息类、电气自动化、集成电路、机械、光电、英语等、,,,,https://jiuye.uestc.edu.cn/career/recruitment/onsite/fxvvrz00nvnl,verified,https://jiuye.uestc.edu.cn/career/recruitment/onsite,
754c96ed17f2fdc4364523a0e80761ceaf72fe795785c498b5c0504823eb1df5,2026-09-12 08:57:25,2026-09-12 08:57:25,现场招聘,天水华天科技股份有限公司,天水华天科技股份有限公司,测试类,2026-09-11 10:22:33,2026-10-10,甘肃省:天水市,2026-10-10,09:30,11:00,【清】学生活动中心220,本科,微电子类、半导体类、电子信息工程、电子科学与技术等电子类相关专业,,,,https://jiuye.uestc.edu.cn/career/recruitment/onsite/fxvvrz00nvnl,verified,https://jiuye.uestc.edu.cn/career/recruitment/onsite,
22c02be4e0e2de3125688ac42647bf53081a74428b3fef566e3c90b7d8fd4b12,2026-09-12 08:57:25,2026-09-12 08:57:25,现场招聘,天水华天科技股份有限公司,天水华天科技股份有限公司,质量类,2026-09-11 10:22:33,2026-10-10,甘肃省:天水市,2026-10-10,09:30,11:00,【清】学生活动中心220,本科,微电子、材料、物理、化学、电子电气、电信、通信、及机械自动化、英语等相关专业,,,,https://jiuye.uestc.edu.cn/career/recruitment/onsite/fxvvrz00nvnl,verified,https://jiuye.uestc.edu.cn/career/recruitment/onsite,
c309b79e12cbc805561d797afaf2ffc22e84cc0c43a1adc515c4a0b435230590,2026-09-12 08:57:25,2026-09-12 08:57:25,现场招聘,天水华天科技股份有限公司,天水华天科技股份有限公司,信息化类,2026-09-11 10:22:33,2026-10-10,甘肃省:天水市,2026-10-10,09:30,11:00,【清】学生活动中心220,本科,电子信息、软件、通信工程、计算机、软件技术、网络工程等相关专业,,,,https://jiuye.uestc.edu.cn/career/recruitment/onsite/fxvvrz00nvnl,verified,https://jiuye.uestc.edu.cn/career/recruitment/onsite,
8626b6283cf10d65eb01140989d74b69fbabb97fb860dd8ea0a74823e0f07037,2026-09-12 08:57:25,2026-09-12 08:57:25,现场招聘,天水华天科技股份有限公司,天水华天科技股份有限公司,管理类,2026-09-11 10:22:33,2026-10-10,甘肃省:天水市,2026-10-10,09:30,11:00,【清】学生活动中心220,本科,英语、统计学、工商管理、电子信息、微电子类等相关专业,,,,https://jiuye.uestc.edu.cn/career/recruitment/onsite/fxvvrz00nvnl,verified,https://jiuye.uestc.edu.cn/career/recruitment/onsite,
f4b12b9752cd292e9460418e2f704f8d43fd6b520de6348d9e954868d49252f4,2026-09-12 08:57:25,2026-09-12 08:57:25,现场招聘,四川九洲投资控股集团有限公司,九洲集团2027届校园招聘简 章,未明确列出,2026-09-11 23:06:19,2026-10-10,四川省:绵阳市,2026-10-10,14:00,16:00,【清】学生活动中心二楼圆厅,本科、硕士、博士,,,,,https://jiuye.uestc.edu.cn/career/recruitment/onsite/fxmczcp58tfm,verified,https://jiuye.uestc.edu.cn/career/recruitment/onsite,
46ee83e59a0efa5a7e35a3f35ff95da6f1e88bbaf49364a7c0cece0bb18a481b,2026-09-12 08:57:25,2026-09-12 08:57:25,现场招聘,北京集创北方科技股份有限公司,【北京集创北方科技股份有限公司简介】,未明确列出,2026-09-08 16:34:28,2026-10-12,"北京市:通州区,四川省:成都市,广东省:珠海市,江苏省:苏州市,广东省:深圳市",2026-10-12,15:00,17:00,【清】立人楼B118,本科、硕士、博士,,,,,https://jiuye.uestc.edu.cn/career/recruitment/onsite/fxm6shinp43l,verified,https://jiuye.uestc.edu.cn/career/recruitment/onsite,
55222e988fa479baf61c6889ee7c7240e87a1959c9a50e90a4352d3d696511d1,2026-09-12 08:57:25,2026-09-12 08:57:25,现场招聘,广东芯粤能半导体有限公司,广东芯粤能半导体有限公司2027届校招简章,芯火计划,2026-08-31 09:35:06,2026-10-12,广东省:广州市,2026-10-12,15:00,17:00,【清】立人楼B117,硕士及以上,微电子、电子信息等理工科专业,,,,https://jiuye.uestc.edu.cn/career/recruitment/onsite/fwsoxr9xzm69,verified,https://jiuye.uestc.edu.cn/career/recruitment/onsite,
e67d7a7e62575307454170c412b51e28f16d9623ababadd51a531970bb061074,2026-09-12 08:57:25,2026-09-12 08:57:25,现场招聘,广东芯粤能半导体有限公司,广东芯粤能半导体有限公司2027届校招简章,研发类工程师,2026-08-31 09:35:06,2026-10-12,广东省:广州市,2026-10-12,15:00,17:00,【清】立人楼B117,硕士及以上,微电子、电子信息等,,,,https://jiuye.uestc.edu.cn/career/recruitment/onsite/fwsoxr9xzm69,verified,https://jiuye.uestc.edu.cn/career/recruitment/onsite,
73867e4581b067ca1d2f859ee53745949d59ece2a16a5e844f8fecfe861b5323,2026-09-12 08:57:25,2026-09-12 08:57:25,现场招聘,广东芯粤能半导体有限公司,广东芯粤能半导体有限公司2027届校招简章,工艺整合工程师,2026-08-31 09:35:06,2026-10-12,广东省:广州市,2026-10-12,15:00,17:00,【清】立人楼B117,硕士,微电子、电子信息、材料、物理等,,,,https://jiuye.uestc.edu.cn/career/recruitment/onsite/fwsoxr9xzm69,verified,https://jiuye.uestc.edu.cn/career/recruitment/onsite,
b966fd3ced54038926a2d7c751521d127ba47b7bfb23c4c54e87bb90da22d396,2026-09-12 08:57:25,2026-09-12 08:57:25,现场招聘,广东芯粤能半导体有限公司,广东芯粤能半导体有限公司2027届校招简章,工艺工程师,2026-08-31 09:35:06,2026-10-12,广东省:广州市,2026-10-12,15:00,17:00,【清】立人楼B117,硕士,材料、化学、化工等理工科专业,,,,https://jiuye.uestc.edu.cn/career/recruitment/onsite/fwsoxr9xzm69,verified,https://jiuye.uestc.edu.cn/career/recruitment/onsite,
f8913333842655ae7b510ef444a8376e77bca2097bf7879c3499f45bdfbe8295,2026-09-12 08:57:25,2026-09-12 08:57:25,现场招聘,广东芯粤能半导体有限公司,广东芯粤能半导体有限公司2027届校招简章,质量工程师,2026-08-31 09:35:06,2026-10-12,广东省:广州市,2026-10-12,15:00,17:00,【清】立人楼B117,硕士,材料、化学、化工等理工科专业,,,,https://jiuye.uestc.edu.cn/career/recruitment/onsite/fwsoxr9xzm69,verified,https://jiuye.uestc.edu.cn/career/recruitment/onsite,
9359a4dcf8f48ddccd7e81f95890a42596623e03ad4b18a78f26c70daf2904bc,2026-09-12 08:57:25,2026-09-12 08:57:25,现场招聘,广东芯粤能半导体有限公司,广东芯粤能半导体有限公司2027届校招简章,设备工程师,2026-08-31 09:35:06,2026-10-12,广东省:广州市,2026-10-12,15:00,17:00,【清】立人楼B117,本科/硕士,自动化、机械、电子电气、机电工程等理工科专业,,,,https://jiuye.uestc.edu.cn/career/recruitment/onsite/fwsoxr9xzm69,verified,https://jiuye.uestc.edu.cn/career/recruitment/onsite,
d46397250d153c7cdf6fe9e2c8fcd3ae48e00c411e155d733c2b7a16d1079e3f,2026-09-12 08:57:25,2026-09-12 08:57:25,现场招聘,广东芯粤能半导体有限公司,广东芯粤能半导体有限公司2027届校招简章,IT/CIM工程师,2026-08-31 09:35:06,2026-10-12,广东省:广州市,2026-10-12,15:00,17:00,【清】立人楼B117,本科/硕士,计算机应用、软件工程、通讯工程、自动化控制,,,,https://jiuye.uestc.edu.cn/career/recruitment/onsite/fwsoxr9xzm69,verified,https://jiuye.uestc.edu.cn/career/recruitment/onsite,
e5630d86677568f8469d368db8167dd0273c760efa06cb55de738ac1c8991108,2026-09-12 08:57:25,2026-09-12 08:57:25,现场招聘,广东芯粤能半导体有限公司,广东芯粤能半导体有限公司2027届校招简章,制造工程师,2026-08-31 09:35:06,2026-10-12,广东省:广州市,2026-10-12,15:00,17:00,【清】立人楼B117,本科/硕士,工业工程、智能制造等专业,,,,https://jiuye.uestc.edu.cn/career/recruitment/onsite/fwsoxr9xzm69,verified,https://jiuye.uestc.edu.cn/career/recruitment/onsite,
2c97baed3997bc79c9f6a2a44f4bda3536a1b28a103814eb7fedae3f52c9cde3,2026-09-12 08:57:25,2026-09-12 08:57:25,现场招聘,广东芯粤能半导体有限公司,广东芯粤能半导体有限公司2027届校招简章,厂务工程师,2026-08-31 09:35:06,2026-10-12,广东省:广州市,2026-10-12,15:00,17:00,【清】立人楼B117,本科/硕士,自动化、机械、电子电气、机电工程等理工科专业,,,,https://jiuye.uestc.edu.cn/career/recruitment/onsite/fwsoxr9xzm69,verified,https://jiuye.uestc.edu.cn/career/recruitment/onsite,
fd26c4204364fc57bd1a9193eba913c96165e6890eaecb97dcbfc6715e8e7387,2026-09-12 08:57:25,2026-09-12 08:57:25,现场招聘,桂林市啄木鸟医疗器械有限公司,啄木鸟医疗器械有限公司2027届校园招聘简章,国际销售工程师,2026-09-10 09:01:34,2026-10-12,桂林/深圳,2026-10-12,18:30,20:00,【清】学生活动中心220,本科,,,,https://z1zgmci7a8s.jobs.feishu.cn/900011,https://jiuye.uestc.edu.cn/career/recruitment/onsite/fxs9ld3be3gh,verified,https://jiuye.uestc.edu.cn/career/recruitment/onsite,
e448e098ce7e8c439a6774baf0ad919cc44301fdf084d99b95a660efde342af9,2026-09-12 08:57:25,2026-09-12 08:57:25,现场招聘,桂林市啄木鸟医疗器械有限公司,啄木鸟医疗器械有限公司2027届校园招聘简章,国内销售工程师,2026-09-10 09:01:34,2026-10-12,桂林/深圳,2026-10-12,18:30,20:00,【清】学生活动中心220,本科,,,,https://z1zgmci7a8s.jobs.feishu.cn/900011,https://jiuye.uestc.edu.cn/career/recruitment/onsite/fxs9ld3be3gh,verified,https://jiuye.uestc.edu.cn/career/recruitment/onsite,
4d7593edff16023c7c19c62b32fdd11f690c21fe788acbc6f857d86199ed1e65,2026-09-12 08:57:25,2026-09-12 08:57:25,现场招聘,桂林市啄木鸟医疗器械有限公司,啄木鸟医疗器械有限公司2027届校园招聘简章,机械工程师,2026-09-10 09:01:34,2026-10-12,桂林/深圳,2026-10-12,18:30,20:00,【清】学生活动中心220,本科,,,,https://z1zgmci7a8s.jobs.feishu.cn/900011,https://jiuye.uestc.edu.cn/career/recruitment/onsite/fxs9ld3be3gh,verified,https://jiuye.uestc.edu.cn/career/recruitment/onsite,
0458c7c803d4f85137264ff8f3a1f9968de11aae4fb5fefc6e1f4c2da057b321,2026-09-12 08:57:25,2026-09-12 08:57:25,现场招聘,桂林市啄木鸟医疗器械有限公司,啄木鸟医疗器械有限公司2027届校园招聘简章,电子工程师,2026-09-10 09:01:34,2026-10-12,桂林/深圳,2026-10-12,18:30,20:00,【清】学生活动中心220,本科,,,,https://z1zgmci7a8s.jobs.feishu.cn/900011,https://jiuye.uestc.edu.cn/career/recruitment/onsite/fxs9ld3be3gh,verified,https://jiuye.uestc.edu.cn/career/recruitment/onsite,
e8c17cc8c8a56e4ab749524d02875d0efc301b6a3d57360fdffe9b77d98884c2,2026-09-12 08:57:25,2026-09-12 08:57:25,现场招聘,桂林市啄木鸟医疗器械有限公司,啄木鸟医疗器械有限公司2027届校园招聘简章,化学工程师,2026-09-10 09:01:34,2026-10-12,桂林/深圳,2026-10-12,18:30,20:00,【清】学生活动中心220,本科,,,,https://z1zgmci7a8s.jobs.feishu.cn/900011,https://jiuye.uestc.edu.cn/career/recruitment/onsite/fxs9ld3be3gh,verified,https://jiuye.uestc.edu.cn/career/recruitment/onsite,
20175025de383658e2c8a53917bc32122d1c5749f805b926b3689a7595ef2676,2026-09-12 08:57:25,2026-09-12 08:57:25,现场招聘,桂林市啄木鸟医疗器械有限公司,啄木鸟医疗器械有限公司2027届校园招聘简章,嵌入式AI工程师,2026-09-10 09:01:34,2026-10-12,桂林/深圳,2026-10-12,18:30,20:00,【清】学生活动中心220,本科,,,,https://z1zgmci7a8s.jobs.feishu.cn/900011,https://jiuye.uestc.edu.cn/career/recruitment/onsite/fxs9ld3be3gh,verified,https://jiuye.uestc.edu.cn/career/recruitment/onsite,
e83e41fca679dac9939404f2bb92f46b90e8e48189747320e8f2aec831155cf2,2026-09-12 08:57:25,2026-09-12 08:57:25,现场招聘,桂林市啄木鸟医疗器械有限公司,啄木鸟医疗器械有限公司2027届校园招聘简章,物联网工程师,2026-09-10 09:01:34,2026-10-12,桂林/深圳,2026-10-12,18:30,20:00,【清】学生活动中心220,本科,,,,https://z1zgmci7a8s.jobs.feishu.cn/900011,https://jiuye.uestc.edu.cn/career/recruitment/onsite/fxs9ld3be3gh,verified,https://jiuye.uestc.edu.cn/career/recruitment/onsite,
aed657453a90e0c71fbcc7ffc18cf14da0b959f323ec40e0d6305b8e7f09bdd4,2026-09-12 08:57:25,2026-09-12 08:57:25,现场招聘,桂林市啄木鸟医疗器械有限公司,啄木鸟医疗器械有限公司2027届校园招聘简章,slam算法工程师(点云跟踪与三维重建方向),2026-09-10 09:01:34,2026-10-12,杭州,2026-10-12,18:30,20:00,【清】学生活动中心220,硕士,,,,https://z1zgmci7a8s.jobs.feishu.cn/900011,https://jiuye.uestc.edu.cn/career/recruitment/onsite/fxs9ld3be3gh,verified,https://jiuye.uestc.edu.cn/career/recruitment/onsite,
b2fe2534e7ebdf82970293ee5ca115153375c1961c44183fd1c7ec5d5cb297c2,2026-09-12 08:57:25,2026-09-12 08:57:25,现场招聘,桂林市啄木鸟医疗器械有限公司,啄木鸟医疗器械有限公司2027届校园招聘简章,人力资源专员(HRBP培养方向),2026-09-10 09:01:34,2026-10-12,桂林,2026-10-12,18:30,20:00,【清】学生活动中心220,本科,,,,https://z1zgmci7a8s.jobs.feishu.cn/900011,https://jiuye.uestc.edu.cn/career/recruitment/onsite/fxs9ld3be3gh,verified,https://jiuye.uestc.edu.cn/career/recruitment/onsite,
c885cca14ce2ce188b5eb0bc5fbf770d432b00e511f86c306f5121f1b9c1dc92,2026-09-12 08:57:25,2026-09-12 08:57:25,现场招聘,桂林市啄木鸟医疗器械有限公司,啄木鸟医疗器械有限公司2027届校园招聘简章,AI应用工程师(AIBP培养方向),2026-09-10 09:01:34,2026-10-12,桂林,2026-10-12,18:30,20:00,【清】学生活动中心220,本科,,,,https://z1zgmci7a8s.jobs.feishu.cn/900011,https://jiuye.uestc.edu.cn/career/recruitment/onsite/fxs9ld3be3gh,verified,https://jiuye.uestc.edu.cn/career/recruitment/onsite,
7cbe7a4a9cec33b9dca9064941b4fd3a93459f3386d21852a5410b4fc487634d,2026-09-12 08:57:25,2026-09-12 08:57:25,现场招聘,桂林市啄木鸟医疗器械有限公司,啄木鸟医疗器械有限公司2027届校园招聘简章,管培生-采购工程师,2026-09-10 09:01:34,2026-10-12,桂林,2026-10-12,18:30,20:00,【清】学生活动中心220,本科,,,,https://z1zgmci7a8s.jobs.feishu.cn/900011,https://jiuye.uestc.edu.cn/career/recruitment/onsite/fxs9ld3be3gh,verified,https://jiuye.uestc.edu.cn/career/recruitment/onsite,
1b0da8f19474a0f15fe43b82daf3d3461f0515423a1a8772540c9bde2185b4b7,2026-09-12 08:57:25,2026-09-12 08:57:25,现场招聘,桂林市啄木鸟医疗器械有限公司,啄木鸟医疗器械有限公司2027届校园招聘简章,管培生-交付经理(PMC),2026-09-10 09:01:34,2026-10-12,桂林,2026-10-12,18:30,20:00,【清】学生活动中心220,本科,,,,https://z1zgmci7a8s.jobs.feishu.cn/900011,https://jiuye.uestc.edu.cn/career/recruitment/onsite/fxs9ld3be3gh,verified,https://jiuye.uestc.edu.cn/career/recruitment/onsite,
4626fcea8d5874a6022e08794cba2c9e078379740111c506519f779af357a22f,2026-09-12 08:57:25,2026-09-12 08:57:25,现场招聘,桂林市啄木鸟医疗器械有限公司,啄木鸟医疗器械有限公司2027届校园招聘简章,管培生-生产储备干部,2026-09-10 09:01:34,2026-10-12,桂林,2026-10-12,18:30,20:00,【清】学生活动中心220,本科,,,,https://z1zgmci7a8s.jobs.feishu.cn/900011,https://jiuye.uestc.edu.cn/career/recruitment/onsite/fxs9ld3be3gh,verified,https://jiuye.uestc.edu.cn/career/recruitment/onsite,
b178a3869b9ecfea789ae3b0bcb95ecd7a55f4fe5e7607988ac2a1b4f5b7291a,2026-09-12 08:57:25,2026-09-12 08:57:25,现场招聘,北京陌陌信息技术有限公司,"挚文集团2027届校园招聘正式启动——与AI同行,与挚友共创",未明确列出,2026-09-01 18:59:05,2026-10-12,北京市:朝阳区,2026-10-12,19:30,21:00,【清】立人楼B117,本科、硕士、博士、博士后,,,,,https://jiuye.uestc.edu.cn/career/recruitment/onsite/fwxlziyndm2q,verified,https://jiuye.uestc.edu.cn/career/recruitment/onsite,
3a9ee3dd3d5e1d358692531f444a090449ea9ead418123504fb2ce32e528427b,2026-09-12 08:57:25,2026-09-12 08:57:25,现场招聘,中国移动通信集团有限公司,中国移动2027校园招聘,未明确列出,2026-08-28 22:49:12,2026-09-16,其他(具体查看招聘信息),2026-09-16,15:30,17:30,【清】学生活动中心二楼圆厅,本科、硕士、博士,,,,,https://jiuye.uestc.edu.cn/career/recruitment/group/fwj92j8w41dt,verified,https://jiuye.uestc.edu.cn/career/recruitment/group,
81ea81cd74b31ac0c8a2b602149538c5dc2e783c311c5588ec3977c5ed2437c6,2026-09-12 08:57:25,2026-09-12 08:57:25,需求信息,中国石油天然气股份有限公司新疆油田分公司,招聘公告,未明确列出,2026-09-11 19:23:58,2026-09-11,"新疆维吾尔自治区:乌鲁木齐市,新疆维吾尔自治区:克拉玛依市",,,,,本科、硕士、博士,,2026-10-15 23:59:59,,https://zhaopin.cnpc.com.cn/,https://jiuye.uestc.edu.cn/career/recruitment/online/fxtpg7wjuz29,verified,https://jiuye.uestc.edu.cn/career/recruitment/online,
a0f5ae4d3fe6f9cde855080e4ddb038a89110a590438438840bad28c4651ccc1,2026-09-12 08:57:25,2026-09-12 08:57:25,需求信息,成都盟升电子技术股份有限公司,,未明确列出,2026-09-11 19:19:10,2026-09-11,四川省:成都市,,,,,硕士、博士、博士后,,2027-06-30 00:00:00,,,https://jiuye.uestc.edu.cn/career/recruitment/online/fxwp7hqmvsht,verified,https://jiuye.uestc.edu.cn/career/recruitment/online,
1b7f4d4feb8e5e75d0ee10fe2bb96283be17d1b3ebd43625a178aa4ebd485e5d,2026-09-12 08:57:25,2026-09-12 08:57:25,需求信息,芯联集成电路制造股份有限公司,,AI流程再造工程师,2026-09-11 19:15:31,2026-09-11,浙江省:绍兴市,,,,,硕士、博士,,2027-06-30 00:00:00,,,https://jiuye.uestc.edu.cn/career/recruitment/online/fxwpdo19kwsh,verified,https://jiuye.uestc.edu.cn/career/recruitment/online,
1e89bb6a8d4c1171412f07a0cb43927a09d8cfda9dd7c1e1553aae9f15980c8d,2026-09-12 08:57:25,2026-09-12 08:57:25,需求信息,芯联集成电路制造股份有限公司,,AI编程工程师,2026-09-11 19:15:31,2026-09-11,浙江省:绍兴市,,,,,硕士、博士,,2027-06-30 00:00:00,,,https://jiuye.uestc.edu.cn/career/recruitment/online/fxwpdo19kwsh,verified,https://jiuye.uestc.edu.cn/career/recruitment/online,
e7c3a3eb6bb8dc990924e94afc6bf62316b376919e12efe3aefe519bb37bed83,2026-09-12 08:57:25,2026-09-12 08:57:25,需求信息,芯联集成电路制造股份有限公司,,AI工程师,2026-09-11 19:15:31,2026-09-11,浙江省:绍兴市,,,,,硕士、博士,,2027-06-30 00:00:00,,,https://jiuye.uestc.edu.cn/career/recruitment/online/fxwpdo19kwsh,verified,https://jiuye.uestc.edu.cn/career/recruitment/online,
5c7ab166d1c2506e355c9d79cc983530acad40c7a46f8a927cb28dbbbb3e7445,2026-09-12 08:57:25,2026-09-12 08:57:25,需求信息,芯联集成电路制造股份有限公司,,AI变革管理工程师,2026-09-11 19:15:31,2026-09-11,浙江省:绍兴市,,,,,硕士、博士,,2027-06-30 00:00:00,,,https://jiuye.uestc.edu.cn/career/recruitment/online/fxwpdo19kwsh,verified,https://jiuye.uestc.edu.cn/career/recruitment/online,
46c49c2066380b0ca51cf368bbc1a648dc9ecf3a03d9961c8a023ad72d390dd3,2026-09-12 08:57:25,2026-09-12 08:57:25,需求信息,芯联集成电路制造股份有限公司,,AI算法工程师,2026-09-11 19:15:31,2026-09-11,浙江省:绍兴市,,,,,硕士、博士,,2027-06-30 00:00:00,,,https://jiuye.uestc.edu.cn/career/recruitment/online/fxwpdo19kwsh,verified,https://jiuye.uestc.edu.cn/career/recruitment/online,
96b84f1ae9afd4cbd817cdba91ed3060e0008d485817064438e3e1f36242802a,2026-09-12 08:57:25,2026-09-12 08:57:25,需求信息,芯联集成电路制造股份有限公司,,算力架构工程师,2026-09-11 19:15:31,2026-09-11,浙江省:绍兴市,,,,,硕士、博士,,2027-06-30 00:00:00,,,https://jiuye.uestc.edu.cn/career/recruitment/online/fxwpdo19kwsh,verified,https://jiuye.uestc.edu.cn/career/recruitment/online,
496ca6544dea99dc5005e398b02a09d57b7a0765488a2e336144dbeef9c4270a,2026-09-12 08:57:25,2026-09-12 08:57:25,需求信息,芯联集成电路制造股份有限公司,,知识工程工程师,2026-09-11 19:15:31,2026-09-11,浙江省:绍兴市,,,,,硕士、博士,,2027-06-30 00:00:00,,,https://jiuye.uestc.edu.cn/career/recruitment/online/fxwpdo19kwsh,verified,https://jiuye.uestc.edu.cn/career/recruitment/online,
e42e51735200db92787168682c288e92cc7cf8ee80f6453f13101d41a4a9dc80,2026-09-12 08:57:25,2026-09-12 08:57:25,需求信息,芯联集成电路制造股份有限公司,,机器视觉工程师,2026-09-11 19:15:31,2026-09-11,浙江省:绍兴市,,,,,硕士、博士,,2027-06-30 00:00:00,,,https://jiuye.uestc.edu.cn/career/recruitment/online/fxwpdo19kwsh,verified,https://jiuye.uestc.edu.cn/career/recruitment/online,
7afdc3a57b5f7d9756a1c533e3d7766a87bfbc46bc92f83332e485f6eef322e4,2026-09-12 08:57:25,2026-09-12 08:57:25,需求信息,中国建设银行股份有限公司四川省分行,中国建设银行四川省分行2027年度校园招聘公告,未明确列出,2026-09-11 19:14:02,2026-09-11,其他(具体查看招聘信息),,,,,本科、硕士、博士,,2026-10-08 14:51:43,,http://job.ccb.com/,https://jiuye.uestc.edu.cn/career/recruitment/online/fxwqqdzkvs3m,verified,https://jiuye.uestc.edu.cn/career/recruitment/online,
8f2790533f734f322bababfb88fbe36857b6421c1c578ae841bce741782e0e12,2026-09-12 08:57:25,2026-09-12 08:57:25,需求信息,泛林半导体(上海)有限公司,,未明确列出,2026-09-11 19:04:17,2026-09-11,广东省:深圳市,,,,,本科、硕士、博士,,2026-11-30 00:00:00,,http://campus.51job.com/lamresearch2027,https://jiuye.uestc.edu.cn/career/recruitment/online/fxwqr6ahyps2,verified,https://jiuye.uestc.edu.cn/career/recruitment/online,
f54c2d1be3f6f064a8d42b15c5547595506b7744fa45d31f78b4c1b95cf82c60,2026-09-12 08:57:25,2026-09-12 08:57:25,需求信息,中国银行股份有限公司四川省分行,中国银行四川省分行2027年校园招聘公告,未明确列出,2026-09-11 18:54:59,2026-09-11,其他(具体查看招聘信息),,,,,本科、硕士、博士,,2026-10-09 00:00:00,,https://campus.chinahr.com/pages/2027-boc,https://jiuye.uestc.edu.cn/career/recruitment/online/fxwwotixrv9d,verified,https://jiuye.uestc.edu.cn/career/recruitment/online,
ca81f0aa9e4d41c5996402a92b837a61d39a36147f12e472f722fda2af42092f,2026-09-12 08:57:25,2026-09-12 08:57:25,需求信息,浙江省交通集团技术研究总院有限责任公司,浙江省交通集团技术研究总院有限责任公司2027届“科研星计划”校园招聘简章,未明确列出,2026-09-11 18:34:08,2026-09-11,浙江省:杭州市,,,,,硕士、博士,,2026-12-31 00:00:00,,https://dhr.cncico.com:18443/noticeDetail/263846644221600550,https://jiuye.uestc.edu.cn/career/recruitment/online/fxwy7cf6bbb5,verified,https://jiuye.uestc.edu.cn/career/recruitment/online,
77ec53019bc90b067cc925220f7035c9376712d7f9d21ed031faf9463978e5b8,2026-09-12 08:57:25,2026-09-12 08:57:25,需求信息,海南省人力资源开发局(海南省就业局),校园招聘活动,未明确列出,2026-09-11 18:31:24,2026-09-11,海南省:海口市,,,,,本科、硕士、博士、博士后,,2026-09-30 00:00:00,,,https://jiuye.uestc.edu.cn/career/recruitment/online/fxx460ddw7pe,verified,https://jiuye.uestc.edu.cn/career/recruitment/online,
d14f49ef429f9bf4b63c33e39be37e9be663b77a557d4335b832c29ac9908cc8,2026-09-12 08:57:25,2026-09-12 08:57:25,需求信息,深圳市高新投集团有限公司,,未明确列出,2026-09-11 18:22:36,2026-09-11,广东省:深圳市,,,,,硕士、博士,,2026-12-31 00:00:00,,,https://jiuye.uestc.edu.cn/career/recruitment/online/fxx7k20utf5t,verified,https://jiuye.uestc.edu.cn/career/recruitment/online,
4c7269b926c9e5db1a91063205ae532f25ed84fefba32218887308b9a51f7c5c,2026-09-12 08:57:25,2026-09-12 08:57:25,需求信息,深圳硅基芯擎技术有限公司,硅基芯擎2027届校园招聘-招聘简章,ASIC设计工程师,2026-09-11 17:13:31,2026-09-11,深圳,,,,,硕士及以上,,2027-07-30 00:00:00,,https://www.liepin.com/company/21512481,https://jiuye.uestc.edu.cn/career/recruitment/online/fxwyfwlqbrwh,verified,https://jiuye.uestc.edu.cn/career/recruitment/online,
176410034595892da6eee3380112fc4dd45d596d42debeb8a06bc8d898c1490c,2026-09-12 08:57:25,2026-09-12 08:57:25,需求信息,深圳硅基芯擎技术有限公司,硅基芯擎2027届校园招聘-招聘简章,SOC验证工程师,2026-09-11 17:13:31,2026-09-11,深圳,,,,,硕士及以上,,2027-07-30 00:00:00,,https://www.liepin.com/company/21512481,https://jiuye.uestc.edu.cn/career/recruitment/online/fxwyfwlqbrwh,verified,https://jiuye.uestc.edu.cn/career/recruitment/online,
b54cd255f873f33e321e95b687bc6f705e72da90d227a1bed76cd46ded55241f,2026-09-12 08:57:25,2026-09-12 08:57:25,需求信息,深圳硅基芯擎技术有限公司,硅基芯擎2027届校园招聘-招聘简章,数字后端工程师,2026-09-11 17:13:31,2026-09-11,深圳,,,,,硕士及以上,,2027-07-30 00:00:00,,https://www.liepin.com/company/21512481,https://jiuye.uestc.edu.cn/career/recruitment/online/fxwyfwlqbrwh,verified,https://jiuye.uestc.edu.cn/career/recruitment/online,
beb43d4ca5e8bcbe828aff6e8b2abfe1c187e61e3f459ae2dc53ad1098175f5b,2026-09-12 08:57:25,2026-09-12 08:57:25,需求信息,深圳硅基芯擎技术有限公司,硅基芯擎2027届校园招聘-招聘简章,数字后端工程师-DFT方向,2026-09-11 17:13:31,2026-09-11,深圳、成都,,,,,硕士及以上,,2027-07-30 00:00:00,,https://www.liepin.com/company/21512481,https://jiuye.uestc.edu.cn/career/recruitment/online/fxwyfwlqbrwh,verified,https://jiuye.uestc.edu.cn/career/recruitment/online,
b1e819af22728bf91cb642234f1081af65a20539a24108202fb5b96cfa0bece3,2026-09-12 08:57:25,2026-09-12 08:57:25,需求信息,深圳硅基芯擎技术有限公司,硅基芯擎2027届校园招聘-招聘简章,芯片FIP设计工程师-stdcell,2026-09-11 17:13:31,2026-09-11,深圳、上海,,,,,硕士及以上,,2027-07-30 00:00:00,,https://www.liepin.com/company/21512481,https://jiuye.uestc.edu.cn/career/recruitment/online/fxwyfwlqbrwh,verified,https://jiuye.uestc.edu.cn/career/recruitment/online,
846513e24199b5666a05379494b86321a4555b1ca4173f89614dd8f57f689d94,2026-09-12 08:57:25,2026-09-12 08:57:25,需求信息,深圳硅基芯擎技术有限公司,硅基芯擎2027届校园招聘-招聘简章,芯片FIP设计工程师-mem,2026-09-11 17:13:31,2026-09-11,深圳、上海,,,,,硕士及以上,,2027-07-30 00:00:00,,https://www.liepin.com/company/21512481,https://jiuye.uestc.edu.cn/career/recruitment/online/fxwyfwlqbrwh,verified,https://jiuye.uestc.edu.cn/career/recruitment/online,
aea0b456d0bbf34203885a8b2d9e0d0b76ac23d09dab05223f070a0cec569336,2026-09-12 08:57:25,2026-09-12 08:57:25,需求信息,深圳硅基芯擎技术有限公司,硅基芯擎2027届校园招聘-招聘简章,SOC实现工程师,2026-09-11 17:13:31,2026-09-11,深圳,,,,,硕士及以上,,2027-07-30 00:00:00,,https://www.liepin.com/company/21512481,https://jiuye.uestc.edu.cn/career/recruitment/online/fxwyfwlqbrwh,verified,https://jiuye.uestc.edu.cn/career/recruitment/online,
16110a88a68d411dac85a49ea951263c524c1315bdb0b477e385db370cacb0c9,2026-09-12 08:57:25,2026-09-12 08:57:25,需求信息,深圳硅基芯擎技术有限公司,硅基芯擎2027届校园招聘-招聘简章,模拟工程师,2026-09-11 17:13:31,2026-09-11,深圳、上海、成都,,,,,硕士及以上,,2027-07-30 00:00:00,,https://www.liepin.com/company/21512481,https://jiuye.uestc.edu.cn/career/recruitment/online/fxwyfwlqbrwh,verified,https://jiuye.uestc.edu.cn/career/recruitment/online,
ecad72ca61ed5a9056fc892b8d51d24591d9d981bd0765253ee966cfe7f67f38,2026-09-12 08:57:25,2026-09-12 08:57:25,需求信息,深圳硅基芯擎技术有限公司,硅基芯擎2027届校园招聘-招聘简章,模拟版图工程师,2026-09-11 17:13:31,2026-09-11,深圳、上海,,,,,本科及以上,,2027-07-30 00:00:00,,https://www.liepin.com/company/21512481,https://jiuye.uestc.edu.cn/career/recruitment/online/fxwyfwlqbrwh,verified,https://jiuye.uestc.edu.cn/career/recruitment/online,
5d7efb28f6d3416206949f7923e0772affeb63fcfd7961cfa7a3c65803b0e06c,2026-09-12 08:57:25,2026-09-12 08:57:25,需求信息,深圳硅基芯擎技术有限公司,硅基芯擎2027届校园招聘-招聘简章,PDK工程师,2026-09-11 17:13:31,2026-09-11,深圳、上海,,,,,硕士及以上,,2027-07-30 00:00:00,,https://www.liepin.com/company/21512481,https://jiuye.uestc.edu.cn/career/recruitment/online/fxwyfwlqbrwh,verified,https://jiuye.uestc.edu.cn/career/recruitment/online,
fb0a0834279cf59044eb0c2e33a39e647adf6f7ca800f0c2f94beb406f351150,2026-09-12 08:57:25,2026-09-12 08:57:25,需求信息,深圳硅基芯擎技术有限公司,硅基芯擎2027届校园招聘-招聘简章,软件工程师,2026-09-11 17:13:31,2026-09-11,深圳,,,,,硕士及以上,,2027-07-30 00:00:00,,https://www.liepin.com/company/21512481,https://jiuye.uestc.edu.cn/career/recruitment/online/fxwyfwlqbrwh,verified,https://jiuye.uestc.edu.cn/career/recruitment/online,
b4a41d51d06612f0faecce9a11232f4a39c0b69ae7fd8ac758b5bab49626407e,2026-09-12 08:57:25,2026-09-12 08:57:25,需求信息,深圳硅基芯擎技术有限公司,硅基芯擎2027届校园招聘-招聘简章,可靠性设计工程师,2026-09-11 17:13:31,2026-09-11,深圳、成都,,,,,硕士及以上,,2027-07-30 00:00:00,,https://www.liepin.com/company/21512481,https://jiuye.uestc.edu.cn/career/recruitment/online/fxwyfwlqbrwh,verified,https://jiuye.uestc.edu.cn/career/recruitment/online,
e0519037022ea2e4dfef3cea9dc6979a5c2a8225299d6e1c674926bcfa31a935,2026-09-12 08:57:25,2026-09-12 08:57:25,需求信息,北京亚控科技发展有限公司,亚控科技2027届校园招聘,未明确列出,2026-09-11 17:12:49,2026-09-11,"北京市:海淀区,四川省:成都市",,,,,硕士,,2026-12-31 00:00:00,,https://app.mokahr.com/campus-recruitment/wellintech/187937?locale=zh-CN,https://jiuye.uestc.edu.cn/career/recruitment/online/fxwyo8qylmo1,verified,https://jiuye.uestc.edu.cn/career/recruitment/online,
cf62407814757e2f532c7749583f43384724920f8175f4c3acd68d7202be7663,2026-09-12 08:57:25,2026-09-12 08:57:25,需求信息,北京汽车集团有限公司,北汽集团2027届全球校园招聘,未明确列出,2026-09-11 17:12:30,2026-09-11,其他(具体查看招聘信息),,,,,本科、硕士、博士,,2027-07-31 00:00:00,,https://baicgroup.zhiye.com/,https://jiuye.uestc.edu.cn/career/recruitment/online/fxwytqbhhb7l,verified,https://jiuye.uestc.edu.cn/career/recruitment/online,
3c5eaac52886adb11d52f506c644b2b59f18f5696ac047bdf5faab8281408c20,2026-09-12 08:57:25,2026-09-12 08:57:25,需求信息,长飞先进半导体(武汉)有限公司,长飞先进半导体2027届校园招聘简章,未明确列出,2026-09-11 17:12:01,2026-09-11,湖北省:武汉市,,,,,本科、硕士、博士后、博士,,2026-12-31 00:00:00,,https://yasc.zhiye.com/campus/jobs,https://jiuye.uestc.edu.cn/career/recruitment/online/fxwzha4ktdz6,verified,https://jiuye.uestc.edu.cn/career/recruitment/online,
33e1b8f30e3df577b6389c8f65a24be1379a9c04294514c2ffafb47f1e523a1c,2026-09-12 08:57:25,2026-09-12 08:57:25,需求信息,山东安得医疗用品股份有限公司,,管理培训生,2026-09-11 17:11:44,2026-09-11,山东淄博,,,,,本科/硕士,工商管理、市场营销、人力资源、财务管理、经济学、金融学等管理类相关专业,2026-12-31 00:00:00,,https://oa.andemed.com/mobile/ebdpage/view/freepass/1251201068151209995/page/1251201068151209995,https://jiuye.uestc.edu.cn/career/recruitment/online/fxx06vgekagx,verified,https://jiuye.uestc.edu.cn/career/recruitment/online,
24e50adc42d99431c494ab05221865b1c37f06b60a93bc0a6b22439acaea589f,2026-09-12 08:57:25,2026-09-12 08:57:25,需求信息,清昴智能科技(北京)有限公司,清昴智能2027届“星耀人才”校招简章,未明确列出,2026-09-11 15:51:58,2026-09-11,"北京市:海淀区,上海市:浦东新区",,,,,本科、硕士、博士,,2027-04-30 00:00:00,,,https://jiuye.uestc.edu.cn/career/recruitment/online/fxwuegip7a4h,verified,https://jiuye.uestc.edu.cn/career/recruitment/online,
a76192da3377fc45d595f2269c4faa23c843186c5f20c9f4ce0ab37ec9e33bbf,2026-09-12 08:57:25,2026-09-12 08:57:25,需求信息,北京大圣光华教育科技集团有限公司,大圣光华教育集团2027秋招线上宣讲会,考研讲师,2026-09-11 15:51:29,2026-09-11,山东省:济南市,,,,,硕士,数学、英语,2027-06-01 00:00:00,,https://work.weixin.qq.com/webapp/tm/JgP09xFY6ob,https://jiuye.uestc.edu.cn/career/recruitment/online/fxwvuszt01dt,verified,https://jiuye.uestc.edu.cn/career/recruitment/online,
276e83a5e3516152b8f7160f024a6c7d5e994ebf90e0d4d32dafd5468925efe3,2026-09-12 08:57:25,2026-09-12 08:57:25,需求信息,北京大圣光华教育科技集团有限公司,大圣光华教育集团2027秋招线上宣讲会,大数据分析讲师,2026-09-11 15:51:29,2026-09-11,山东省:济南市,,,,,硕士,计算机、大数据、统计学相关专业,2027-06-01 00:00:00,,https://work.weixin.qq.com/webapp/tm/JgP09xFY6ob,https://jiuye.uestc.edu.cn/career/recruitment/online/fxwvuszt01dt,verified,https://jiuye.uestc.edu.cn/career/recruitment/online,
9f729c6d334cf43b1c2504ac3449c9cdf7e7b158d96a96f5c534d5744c13c92b,2026-09-12 08:57:25,2026-09-12 08:57:25,需求信息,北京大圣光华教育科技集团有限公司,大圣光华教育集团2027秋招线上宣讲会,专升本讲师,2026-09-11 15:51:29,2026-09-11,山东省:济南市,,,,,本科,语文、数学、英语、计算机,2027-06-01 00:00:00,,https://work.weixin.qq.com/webapp/tm/JgP09xFY6ob,https://jiuye.uestc.edu.cn/career/recruitment/online/fxwvuszt01dt,verified,https://jiuye.uestc.edu.cn/career/recruitment/online,
618f79d274a3992f4e7c7a95155b45ec512fb65973eb0f6bbd2c6d9b60c3c534,2026-09-12 08:57:25,2026-09-12 08:57:25,需求信息,北京大圣光华教育科技集团有限公司,大圣光华教育集团2027秋招线上宣讲会,营养与健康讲师,2026-09-11 15:51:29,2026-09-11,山东省:济南市,,,,,本科,医学类、营养学、健康管理类相关,2027-06-01 00:00:00,,https://work.weixin.qq.com/webapp/tm/JgP09xFY6ob,https://jiuye.uestc.edu.cn/career/recruitment/online/fxwvuszt01dt,verified,https://jiuye.uestc.edu.cn/career/recruitment/online,
bdcde595503dda90c5a5aa07fb56f8f7124a8565c9e8f68f9d67ca4e5dc08b2a,2026-09-12 08:57:25,2026-09-12 08:57:25,需求信息,中国外运华中有限公司,OSH“雁翔·翊2027”项目暨2027届秋季校园招聘公告,未明确列出,2026-09-11 14:21:53,2026-09-11,山东省:青岛市,,,,,本科、硕士、博士,,2027-02-28 13:59:00,,http://sinotrans.zhiye.com/,https://jiuye.uestc.edu.cn/career/recruitment/online/fxwm0ndz083m,verified,https://jiuye.uestc.edu.cn/career/recruitment/online,
e853b412f3b65741fd0454c6c85e8ada3053618c791cca7ccbef27c61ab378d8,2026-09-12 08:57:25,2026-09-12 08:57:25,需求信息,中信银行股份有限公司武汉分行,中信银行武汉分行2027年校园招聘公告,未明确列出,2026-09-11 14:13:11,2026-09-11,湖北省:武汉市,,,,,本科、硕士、博士,,2026-10-09 00:00:00,,https://job.citicbank.com/,https://jiuye.uestc.edu.cn/career/recruitment/online/fxoujlhj9vr5,verified,https://jiuye.uestc.edu.cn/career/recruitment/online,
132d118fd98f4a20a1e87f82f85dc8cb1a9f53218ecc9983df4c3391eeffd24e,2026-09-12 08:57:25,2026-09-12 08:57:25,需求信息,浙江芯道半导体科技有限公司,,安全环保工程师,2026-09-11 13:44:50,2026-09-11,浙江省:嘉兴市,,,,,本科,,2026-12-31 13:15:56,,,https://jiuye.uestc.edu.cn/career/recruitment/online/fxwi5jtjz2td,verified,https://jiuye.uestc.edu.cn/career/recruitment/online,
7f396aa88655bae66e82f108345aff2d895364b7ad5c49ecfbe498d74ce5d481,2026-09-12 08:57:25,2026-09-12 08:57:25,需求信息,浙江芯道半导体科技有限公司,,厂务工程师(机电/水气化),2026-09-11 13:44:50,2026-09-11,浙江省:嘉兴市,,,,,本科,,2026-12-31 13:15:56,,,https://jiuye.uestc.edu.cn/career/recruitment/online/fxwi5jtjz2td,verified,https://jiuye.uestc.edu.cn/career/recruitment/online,
334f945260e6f4cbe84f86bc525e4ec6c4b3476ec935c1872087b4a536da9668,2026-09-12 08:57:25,2026-09-12 08:57:25,需求信息,浙江芯道半导体科技有限公司,,工业工程师,2026-09-11 13:44:50,2026-09-11,浙江省:嘉兴市,,,,,本科,,2026-12-31 13:15:56,,,https://jiuye.uestc.edu.cn/career/recruitment/online/fxwi5jtjz2td,verified,https://jiuye.uestc.edu.cn/career/recruitment/online,
d7b11bae590e9b7422e416d57749de226cf26840e9ecb75b83eb72efa881dc4a,2026-09-12 08:57:25,2026-09-12 08:57:25,需求信息,浙江芯道半导体科技有限公司,,制造工程师,2026-09-11 13:44:50,2026-09-11,浙江省:嘉兴市,,,,,本科,,2026-12-31 13:15:56,,,https://jiuye.uestc.edu.cn/career/recruitment/online/fxwi5jtjz2td,verified,https://jiuye.uestc.edu.cn/career/recruitment/online,
506c8b5bdde3d3ced1f8390972d51d109cc67ec620f5e0a475e805411d620049,2026-09-12 08:57:25,2026-09-12 08:57:25,需求信息,浙江芯道半导体科技有限公司,,SRE站点可靠性工程师,2026-09-11 13:44:50,2026-09-11,浙江省:嘉兴市,,,,,本科,,2026-12-31 13:15:56,,,https://jiuye.uestc.edu.cn/career/recruitment/online/fxwi5jtjz2td,verified,https://jiuye.uestc.edu.cn/career/recruitment/online,
44171ce702050de4194a65517970379e79fe27bb50542a74a1ce82136f09a4d6,2026-09-12 08:57:25,2026-09-12 08:57:25,需求信息,中国建设银行股份有限公司,中国移动九天人工智能科技公司2027届秋季校园招聘正式启动,未明确列出,2026-09-11 13:32:45,2026-09-11,北京市:西城区,,,,,本科,,2026-10-17 00:00:00,,http://campus.51job.com/zyjt,https://jiuye.uestc.edu.cn/career/recruitment/online/fxwj8bj6iosi,verified,https://jiuye.uestc.edu.cn/career/recruitment/online,
d533ff048bdeb66a1f4798c337ba4ba472145ca06e76a4bed17e7f3bea974bbd,2026-09-12 08:57:25,2026-09-12 08:57:25,需求信息,中国石油天然气股份有限公司勘探开发研究院西北分院,——2027届研究生校园招聘,未明确列出,2026-09-11 13:05:47,2026-09-11,甘肃省:兰州市,,,,,本科、硕士、博士,,2026-12-31 00:00:00,,https://zhaopin.cnpc.com.cn/,https://jiuye.uestc.edu.cn/career/recruitment/online/fxwgttmgui9u,verified,https://jiuye.uestc.edu.cn/career/recruitment/online,
07268ad35fd0898ef97c2efbf65fb9b15873b4e0e576519b2b68751fda0e3f9d,2026-09-12 08:57:25,2026-09-12 08:57:25,需求信息,成都心田花开心语教育管理有限公司,年薪30w~50w|心田花开教育集团 ・【竞赛教练】特招,未明确列出,2026-09-11 13:05:25,2026-09-11,",",,,,,本科、硕士、博士,,2026-10-31 00:00:00,,https://app.mokahr.com/su/fS9W3,https://jiuye.uestc.edu.cn/career/recruitment/online/fxwgo18lalfl,verified,https://jiuye.uestc.edu.cn/career/recruitment/online,
09fbff8fe894756bdfbf736aee643b909dcae2268507bf8bbffa89a161a9c9a5,2026-09-12 08:57:25,2026-09-12 08:57:25,需求信息,中国建设银行股份有限公司,中国建设银行总部2027年度校园招聘公告,未明确列出,2026-09-11 11:49:32,2026-09-11,北京市:西城区,,,,,本科,,2026-10-08 00:00:00,,http://job.ccb.com/,https://jiuye.uestc.edu.cn/career/recruitment/online/fxw9r8n06ygy,verified,https://jiuye.uestc.edu.cn/career/recruitment/online,
c4913befdef18cc27b2a197775469ad76e17fb173b697282cf4bb1fb53f87dad,2026-09-12 08:57:25,2026-09-12 08:57:25,需求信息,未岚大陆(北京)科技股份有限公司,未岚大陆 2027 届校园招聘,未明确列出,2026-09-11 11:40:09,2026-09-11,北京市:海淀区,,,,,博士后,,2026-12-21 00:00:00,,https://app.mokahr.com/campus-recruitment/weilandalu,https://jiuye.uestc.edu.cn/career/recruitment/online/fxw8z49hojy9,verified,https://jiuye.uestc.edu.cn/career/recruitment/online,
932e9635ca0a31edd54fd81d24c4465fd1269ac8200ea7ede6bfbaea0094ffc7,2026-09-12 08:57:25,2026-09-12 08:57:25,需求信息,兆易创新科技集团股份有限公司,兆易创新2027校园招聘招聘简章,未明确列出,2026-09-11 11:34:30,2026-09-11,其他(具体查看招聘信息),,,,,硕士、博士、博士后,,2026-10-15 00:00:00,,https://app.mokahr.com/campus-recruitment/gigadevice/92215,https://jiuye.uestc.edu.cn/career/recruitment/online/fxw8kvjsh5vm,verified,https://jiuye.uestc.edu.cn/career/recruitment/online,
42c9c33b25602cdd7c18d354cbd769b97d2f54b66a596f6a020276b8f5d82544,2026-09-12 08:57:25,2026-09-12 08:57:25,需求信息,中国建设银行股份有限公司深圳市分行,中国建设银行深圳市分行2027年度校园招聘公告,未明确列出,2026-09-11 11:25:27,2026-09-11,广东省:深圳市,,,,,本科、硕士、博士、博士后,,2026-10-08 23:59:59,,http://job.ccb.com/,https://jiuye.uestc.edu.cn/career/recruitment/online/fxw4vv11wa2q,verified,https://jiuye.uestc.edu.cn/career/recruitment/online,
caafd047d2a1221772a34a517c3c2f109c31c1616db0415e7d08832c82f5e920,2026-09-12 08:57:25,2026-09-12 08:57:25,需求信息,东方电子股份有限公司,东方电子股份有限公司(总部),电气高级研发工程师(调度、变电自动化、电力电子),2026-09-11 10:49:20,2026-09-11,烟台,,,,,博士,,2026-12-31 00:00:00,,,https://jiuye.uestc.edu.cn/career/recruitment/online/fxw4cdwnwj5t,verified,https://jiuye.uestc.edu.cn/career/recruitment/online,
9078b2134f82b1d36181cbe72809ea6f4800caff3c46dadabc0235187e192a0f,2026-09-12 08:57:25,2026-09-12 08:57:25,需求信息,东方电子股份有限公司,东方电子股份有限公司(总部),电气研发工程师(调度、变电自动化、电力电子、配电、变压器),2026-09-11 10:49:20,2026-09-11,烟台/广州,,,,,本科及以上,,2026-12-31 00:00:00,,,https://jiuye.uestc.edu.cn/career/recruitment/online/fxw4cdwnwj5t,verified,https://jiuye.uestc.edu.cn/career/recruitment/online,
3fdf47a176db1e50cfd8694c690f8bc201c39777e101e9861caf86017847b4ae,2026-09-12 08:57:25,2026-09-12 08:57:25,需求信息,东方电子股份有限公司,东方电子股份有限公司(总部),java研发工程师,2026-09-11 10:49:20,2026-09-11,烟台/广州,,,,,本科及以上,,2026-12-31 00:00:00,,,https://jiuye.uestc.edu.cn/career/recruitment/online/fxw4cdwnwj5t,verified,https://jiuye.uestc.edu.cn/career/recruitment/online,
4f7fb6e8bc01c102b5c08525141a12ff250f4c19f7c68f1d279a20238b412350,2026-09-12 08:57:25,2026-09-12 08:57:25,需求信息,东方电子股份有限公司,东方电子股份有限公司(总部),C++ 研发工程师,2026-09-11 10:49:20,2026-09-11,烟台/广州,,,,,本科及以上,,2026-12-31 00:00:00,,,https://jiuye.uestc.edu.cn/career/recruitment/online/fxw4cdwnwj5t,verified,https://jiuye.uestc.edu.cn/career/recruitment/online,
2504a72def156eca8ebe52640e0c26935e07e36ca1f545d36ec2b3b3c2a28ad7,2026-09-12 08:57:25,2026-09-12 08:57:25,需求信息,东方电子股份有限公司,东方电子股份有限公司(总部),Python研发工程师,2026-09-11 10:49:20,2026-09-11,烟台,,,,,本科及以上,,2026-12-31 00:00:00,,,https://jiuye.uestc.edu.cn/career/recruitment/online/fxw4cdwnwj5t,verified,https://jiuye.uestc.edu.cn/career/recruitment/online,
37db6e21a646b8431316085770e081fd9bae40d8f1e2fa44cfa6ffc5148dac3c,2026-09-12 08:57:25,2026-09-12 08:57:25,需求信息,东方电子股份有限公司,东方电子股份有限公司(总部),嵌入式软件研发工程师,2026-09-11 10:49:20,2026-09-11,烟台,,,,,本科及以上,,2026-12-31 00:00:00,,,https://jiuye.uestc.edu.cn/career/recruitment/online/fxw4cdwnwj5t,verified,https://jiuye.uestc.edu.cn/career/recruitment/online,
99bd3d7b1bea200ae0f0217519ffd958f80372840e44cf5bb25f5f3a7a984412,2026-09-12 08:57:25,2026-09-12 08:57:25,需求信息,东方电子股份有限公司,东方电子股份有限公司(总部),硬件研发工程师,2026-09-11 10:49:20,2026-09-11,烟台,,,,,硕士,,2026-12-31 00:00:00,,,https://jiuye.uestc.edu.cn/career/recruitment/online/fxw4cdwnwj5t,verified,https://jiuye.uestc.edu.cn/career/recruitment/online,
a66760ff9cedc1c355a28392ffe8b3d8cd05bba0229e3da43291411e390e7a99,2026-09-12 08:57:25,2026-09-12 08:57:25,需求信息,东方电子股份有限公司,东方电子股份有限公司(总部),人工智能研发工程师(大模型、知识图谱、智能体、图像算法、无人机、机器人等方向),2026-09-11 10:49:20,2026-09-11,烟台,,,,,本科及以上,,2026-12-31 00:00:00,,,https://jiuye.uestc.edu.cn/career/recruitment/online/fxw4cdwnwj5t,verified,https://jiuye.uestc.edu.cn/career/recruitment/online,
11d233a033581a20f42f24f990a5b99253157e7754ff547466bfc78238c1bea5,2026-09-12 08:57:25,2026-09-12 08:57:25,需求信息,东方电子股份有限公司,东方电子股份有限公司(总部),销售经理(电力、新能源、软件系统等方向),2026-09-11 10:49:20,2026-09-11,国内/海外,,,,,本科,,2026-12-31 00:00:00,,,https://jiuye.uestc.edu.cn/career/recruitment/online/fxw4cdwnwj5t,verified,https://jiuye.uestc.edu.cn/career/recruitment/online,
6253860ec43e0a7faed3c380581f1ffd2604b147aa455260c0aa05f6b3ddfc2d,2026-09-12 08:57:25,2026-09-12 08:57:25,需求信息,东方电子股份有限公司,东方电子股份有限公司(总部),销售储备经理(石油管网、石化化工、轨道交通、港口、新能源等),2026-09-11 10:49:20,2026-09-11,国内,,,,,本科,,2026-12-31 00:00:00,,,https://jiuye.uestc.edu.cn/career/recruitment/online/fxw4cdwnwj5t,verified,https://jiuye.uestc.edu.cn/career/recruitment/online,
b636271600715d7beeac71a4607632d4d8f29cc0a3cce5121ccc4bc023bcf29a,2026-09-12 08:57:25,2026-09-12 08:57:25,需求信息,东方电子股份有限公司,东方电子股份有限公司(总部),电气测试工程师,2026-09-11 10:49:20,2026-09-11,烟台,,,,,本科,,2026-12-31 00:00:00,,,https://jiuye.uestc.edu.cn/career/recruitment/online/fxw4cdwnwj5t,verified,https://jiuye.uestc.edu.cn/career/recruitment/online,
983de8d5e60a3845054e3d8478db72f72694d4a70e047a97cefa326efa66ad47,2026-09-12 08:57:25,2026-09-12 08:57:25,需求信息,东方电子股份有限公司,东方电子股份有限公司(总部),电气设计工程师,2026-09-11 10:49:20,2026-09-11,烟台,,,,,本科及以上,,2026-12-31 00:00:00,,,https://jiuye.uestc.edu.cn/career/recruitment/online/fxw4cdwnwj5t,verified,https://jiuye.uestc.edu.cn/career/recruitment/online,
8e6ddb3620425927eb93cd6902c3dfe770d61b3c8866a89d57eed4a3c7e7cf66,2026-09-12 08:57:25,2026-09-12 08:57:25,需求信息,东方电子股份有限公司,东方电子股份有限公司(总部),方案设计工程师(电气、软件),2026-09-11 10:49:20,2026-09-11,烟台,,,,,本科及以上,,2026-12-31 00:00:00,,,https://jiuye.uestc.edu.cn/career/recruitment/online/fxw4cdwnwj5t,verified,https://jiuye.uestc.edu.cn/career/recruitment/online,
f93dceac91ab128a74d4d11674660427f6a1f6747d3e9b813f9494c4cd3a44f3,2026-09-12 08:57:25,2026-09-12 08:57:25,需求信息,东方电子股份有限公司,东方电子股份有限公司(总部),结构设计工程师,2026-09-11 10:49:20,2026-09-11,烟台,,,,,本科及以上,,2026-12-31 00:00:00,,,https://jiuye.uestc.edu.cn/career/recruitment/online/fxw4cdwnwj5t,verified,https://jiuye.uestc.edu.cn/career/recruitment/online,
339ae3688cd1d799535d4f34156c283e4268341f9f514ddf9995773d7d335132,2026-09-12 08:57:25,2026-09-12 08:57:25,需求信息,东方电子股份有限公司,东方电子股份有限公司(总部),研发技术储备工程师,2026-09-11 10:49:20,2026-09-11,烟台,,,,,本科,,2026-12-31 00:00:00,,,https://jiuye.uestc.edu.cn/career/recruitment/online/fxw4cdwnwj5t,verified,https://jiuye.uestc.edu.cn/career/recruitment/online,
edf8bb61d26cff7ab24ca2834810d539b37f6b1856da6cf43ee5e98eb819c72c,2026-09-12 08:57:25,2026-09-12 08:57:25,需求信息,东方电子股份有限公司,东方电子股份有限公司(总部),项目实施工程师(电气、软件),2026-09-11 10:49:20,2026-09-11,国内/海外,,,,,本科,,2026-12-31 00:00:00,,,https://jiuye.uestc.edu.cn/career/recruitment/online/fxw4cdwnwj5t,verified,https://jiuye.uestc.edu.cn/career/recruitment/online,
2c2b0881a783aba576a17cbbc76ca1e2d386dc6bcef6e6629b2b4deb35f6c001,2026-09-12 08:57:25,2026-09-12 08:57:25,需求信息,魔研匠造(浙江)科技有限公司,面向2026届往届生招聘需求,调试工程师,2026-09-11 10:42:49,2026-09-11,浙江省嘉兴市,,,,,本科,,2026-12-31 00:00:00,,,https://jiuye.uestc.edu.cn/career/recruitment/online/fxt9uk1locua,verified,https://jiuye.uestc.edu.cn/career/recruitment/online,
c76dde4a421ce1d1a7d1aa1940395cd53634a4becb661f7d80d32c37bd3f8a4d,2026-09-12 08:57:25,2026-09-12 08:57:25,需求信息,魔研匠造(浙江)科技有限公司,面向2026届往届生招聘需求,组装工程师,2026-09-11 10:42:49,2026-09-11,浙江省嘉兴市,,,,,本科,,2026-12-31 00:00:00,,,https://jiuye.uestc.edu.cn/career/recruitment/online/fxt9uk1locua,verified,https://jiuye.uestc.edu.cn/career/recruitment/online,
704d4669ea8fbd89ce57dec3579da4e3272dae961f2f1f20fe0dd83f396be6f9,2026-09-12 08:57:25,2026-09-12 08:57:25,需求信息,魔研匠造(浙江)科技有限公司,面向2026届往届生招聘需求,整机综合测试员,2026-09-11 10:42:49,2026-09-11,浙江省嘉兴市,,,,,本科,,2026-12-31 00:00:00,,,https://jiuye.uestc.edu.cn/career/recruitment/online/fxt9uk1locua,verified,https://jiuye.uestc.edu.cn/career/recruitment/online,
70d007b8ea1c658d890d52f04a0294cea17504875dffbc460ce744b4e3c64024,2026-09-12 08:57:25,2026-09-12 08:57:25,需求信息,银河航天(成都)通信有限公司,银河航天2027届校园招聘,未明确列出,2026-09-11 10:42:29,2026-09-11,"四川省:成都市,北京市:通州区,陕西省:西安市,上海市:闵行区,江苏省:南通市",,,,,硕士、博士,,2027-05-31 09:56:04,,,https://jiuye.uestc.edu.cn/career/recruitment/online/fxw1ejtozxfm,verified,https://jiuye.uestc.edu.cn/career/recruitment/online,
bf484eb76e511bd3f3d538a89097a67134d7344259c3396209beb2182800e733,2026-09-12 08:57:25,2026-09-12 08:57:25,需求信息,四川长虹新网科技有限责任公司,,嵌入式软件开发,2026-09-11 10:10:33,2026-09-11,"绵阳市,成都市",,,,,本科及以上,电子信息、通信工程、计算机、软件等专业,2027-06-30 00:00:00,,https://zhaopin.changhong.com/SU6886eae30287e94ac767de53/pb/school.html?orgCode=0%2F100201%2F102599%2F102681,https://jiuye.uestc.edu.cn/career/recruitment/online/fxvy0tuihog2,verified,https://jiuye.uestc.edu.cn/career/recruitment/online,
7f89fef47f2cfac588e4a7a49d339201303001ca8b2f6cc6640d76cb098a4467,2026-09-12 08:57:25,2026-09-12 08:57:25,需求信息,四川长虹新网科技有限责任公司,,软件开发,2026-09-11 10:10:33,2026-09-11,"绵阳市,成都市",,,,,本科及以上,电子信息、通信工程、计算机、软件等专业,2027-06-30 00:00:00,,https://zhaopin.changhong.com/SU6886eae30287e94ac767de53/pb/school.html?orgCode=0%2F100201%2F102599%2F102681,https://jiuye.uestc.edu.cn/career/recruitment/online/fxvy0tuihog2,verified,https://jiuye.uestc.edu.cn/career/recruitment/online,
a78ba7c04a0f14849b4a33133028064eee3840569bf3dc41013e69d1e262a3b3,2026-09-12 08:57:25,2026-09-12 08:57:25,需求信息,四川长虹新网科技有限责任公司,,电路工程师,2026-09-11 10:10:33,2026-09-11,绵阳市,,,,,本科及以上,通信工程等相关专业,2027-06-30 00:00:00,,https://zhaopin.changhong.com/SU6886eae30287e94ac767de53/pb/school.html?orgCode=0%2F100201%2F102599%2F102681,https://jiuye.uestc.edu.cn/career/recruitment/online/fxvy0tuihog2,verified,https://jiuye.uestc.edu.cn/career/recruitment/online,
23ba1129a21394610bb22ed914f53d70362428f3fceb8bcdbafc97673610c865,2026-09-12 08:57:25,2026-09-12 08:57:25,需求信息,四川长虹新网科技有限责任公司,,自动化测试开发,2026-09-11 10:10:33,2026-09-11,绵阳市,,,,,本科及以上,电子信息、通信工程、计算机等专业,2027-06-30 00:00:00,,https://zhaopin.changhong.com/SU6886eae30287e94ac767de53/pb/school.html?orgCode=0%2F100201%2F102599%2F102681,https://jiuye.uestc.edu.cn/career/recruitment/online/fxvy0tuihog2,verified,https://jiuye.uestc.edu.cn/career/recruitment/online,
13e33fd2c620e5b85091e6347acb048c387b90d05da48b390db11567f82f5e7f,2026-09-12 08:57:25,2026-09-12 08:57:25,需求信息,四川长虹新网科技有限责任公司,,工艺工程师,2026-09-11 10:10:33,2026-09-11,绵阳市,,,,,本科及以上,通信工程、机械工程、工业工程、机器人、自动化等相关专业,2027-06-30 00:00:00,,https://zhaopin.changhong.com/SU6886eae30287e94ac767de53/pb/school.html?orgCode=0%2F100201%2F102599%2F102681,https://jiuye.uestc.edu.cn/career/recruitment/online/fxvy0tuihog2,verified,https://jiuye.uestc.edu.cn/career/recruitment/online,
dac8942be3c84fc1c8d06cb6619c966924496f32101b52f3b8ce2320c129251b,2026-09-12 08:57:25,2026-09-12 08:57:25,需求信息,四川长虹新网科技有限责任公司,,IE工程师,2026-09-11 10:10:33,2026-09-11,绵阳市,,,,,本科及以上,工业工程类、 机械类 、 管理科学与工程类,2027-06-30 00:00:00,,https://zhaopin.changhong.com/SU6886eae30287e94ac767de53/pb/school.html?orgCode=0%2F100201%2F102599%2F102681,https://jiuye.uestc.edu.cn/career/recruitment/online/fxvy0tuihog2,verified,https://jiuye.uestc.edu.cn/career/recruitment/online,
f535e8cb49d417838a6a92955d10b174ddf8725f9ea48bd79f34f9bfbb1f2845,2026-09-12 08:57:25,2026-09-12 08:57:25,需求信息,四川长虹新网科技有限责任公司,,结构工程师,2026-09-11 10:10:33,2026-09-11,绵阳市,,,,,本科及以上,机械设计等相关专业,2027-06-30 00:00:00,,https://zhaopin.changhong.com/SU6886eae30287e94ac767de53/pb/school.html?orgCode=0%2F100201%2F102599%2F102681,https://jiuye.uestc.edu.cn/career/recruitment/online/fxvy0tuihog2,verified,https://jiuye.uestc.edu.cn/career/recruitment/online,
047ca2752a0a95e612bbdf54ce1f8b9b95d8106184898c08a6408fda20e8682f,2026-09-12 08:57:25,2026-09-12 08:57:25,需求信息,四川长虹新网科技有限责任公司,,大模型应用开发工程师,2026-09-11 10:10:33,2026-09-11,绵阳市,,,,,本科及以上,计算机类、电子信息类、数学类、统计学类,2027-06-30 00:00:00,,https://zhaopin.changhong.com/SU6886eae30287e94ac767de53/pb/school.html?orgCode=0%2F100201%2F102599%2F102681,https://jiuye.uestc.edu.cn/career/recruitment/online/fxvy0tuihog2,verified,https://jiuye.uestc.edu.cn/career/recruitment/online,
a769ed0d4025bae33c8ec6bbc29179f0075bf71d63b1f0623e46f928faf78d59,2026-09-12 08:57:25,2026-09-12 08:57:25,需求信息,四川长虹新网科技有限责任公司,,项目管理,2026-09-11 10:10:33,2026-09-11,绵阳市,,,,,本科及以上,专业不限,2027-06-30 00:00:00,,https://zhaopin.changhong.com/SU6886eae30287e94ac767de53/pb/school.html?orgCode=0%2F100201%2F102599%2F102681,https://jiuye.uestc.edu.cn/career/recruitment/online/fxvy0tuihog2,verified,https://jiuye.uestc.edu.cn/career/recruitment/online,
35c3d16c4a3a722bfffa2fa5fa27636b83ff8193821dabfd448663066e97c5e4,2026-09-12 08:57:25,2026-09-12 08:57:25,需求信息,四川长虹新网科技有限责任公司,,海外营销,2026-09-11 10:10:33,2026-09-11,绵阳市,,,,,本科及以上,专业不限,2027-06-30 00:00:00,,https://zhaopin.changhong.com/SU6886eae30287e94ac767de53/pb/school.html?orgCode=0%2F100201%2F102599%2F102681,https://jiuye.uestc.edu.cn/career/recruitment/online/fxvy0tuihog2,verified,https://jiuye.uestc.edu.cn/career/recruitment/online,
959a10082fb8531644b4b837d76cdefbb720a0d3facb38c802d50d3c9a6055fd,2026-09-12 08:57:25,2026-09-12 08:57:25,需求信息,四川长虹新网科技有限责任公司,,营销(华南),2026-09-11 10:10:33,2026-09-11,全部地区,,,,,本科及以上,不限,2027-06-30 00:00:00,,https://zhaopin.changhong.com/SU6886eae30287e94ac767de53/pb/school.html?orgCode=0%2F100201%2F102599%2F102681,https://jiuye.uestc.edu.cn/career/recruitment/online/fxvy0tuihog2,verified,https://jiuye.uestc.edu.cn/career/recruitment/online,
6b3e66849c2592da94faa5a0d5dc7b8ec13fb838869b5da918217f798b8bcd9a,2026-09-12 08:57:25,2026-09-12 08:57:25,需求信息,四川长虹新网科技有限责任公司,,营销(华东),2026-09-11 10:10:33,2026-09-11,全部地区,,,,,本科及以上,不限,2027-06-30 00:00:00,,https://zhaopin.changhong.com/SU6886eae30287e94ac767de53/pb/school.html?orgCode=0%2F100201%2F102599%2F102681,https://jiuye.uestc.edu.cn/career/recruitment/online/fxvy0tuihog2,verified,https://jiuye.uestc.edu.cn/career/recruitment/online,
12eb194335f36b6d2ec7a9d6b226621d2712b7379dc76165c41a2bcc13ab1a11,2026-09-12 08:57:25,2026-09-12 08:57:25,需求信息,四川长虹新网科技有限责任公司,,营销(华北),2026-09-11 10:10:33,2026-09-11,全部地区,,,,,本科及以上,不限,2027-06-30 00:00:00,,https://zhaopin.changhong.com/SU6886eae30287e94ac767de53/pb/school.html?orgCode=0%2F100201%2F102599%2F102681,https://jiuye.uestc.edu.cn/career/recruitment/online/fxvy0tuihog2,verified,https://jiuye.uestc.edu.cn/career/recruitment/online,
dc31d8a1f2aa3f0e9501e6fd43e2be19f4b4e8ce2585a68236b936bf485ce54c,2026-09-12 08:57:25,2026-09-12 08:57:25,需求信息,四川长虹新网科技有限责任公司,,营销(西南),2026-09-11 10:10:33,2026-09-11,全部地区,,,,,本科及以上,不限,2027-06-30 00:00:00,,https://zhaopin.changhong.com/SU6886eae30287e94ac767de53/pb/school.html?orgCode=0%2F100201%2F102599%2F102681,https://jiuye.uestc.edu.cn/career/recruitment/online/fxvy0tuihog2,verified,https://jiuye.uestc.edu.cn/career/recruitment/online,
71da882fee70463ed1b746d84d34f4d223c8a538e1d8014d410b4fe263c937af,2026-09-12 08:57:25,2026-09-12 08:57:25,需求信息,思念食品有限公司,思念食品2027届校园招聘,未明确列出,2026-09-11 10:10:14,2026-09-11,其他(具体查看招聘信息),,,,,本科、硕士、博士,,2026-12-30 00:00:00,,https://synear2027.zhaopin.com/,https://jiuye.uestc.edu.cn/career/recruitment/online/fxvzav4irk01,verified,https://jiuye.uestc.edu.cn/career/recruitment/online,
8a78a29d4ce6789bec3a9596bc7e685a0ac59a7db06529f41236692c0a6ae9d2,2026-09-12 08:57:25,2026-09-12 08:57:25,需求信息,星德科包装技术(杭州)有限公司,星德科包装技术2027届校园招聘,机械工程师,2026-09-11 10:10:00,2026-09-11,浙江省:杭州市,,,,,硕士、本科,,2027-04-30 23:59:59,,https://app.mokahr.com/campus-recruitment/syntegon/42656,https://jiuye.uestc.edu.cn/career/recruitment/online/fxvzlo8su4u9,verified,https://jiuye.uestc.edu.cn/career/recruitment/online,
77bd85f7ffba032148d0942e7f29c06938fd69f8e362e844edb440aeef03859c,2026-09-12 08:57:25,2026-09-12 08:57:25,需求信息,星德科包装技术(杭州)有限公司,星德科包装技术2027届校园招聘,电气工程师,2026-09-11 10:10:00,2026-09-11,浙江省:杭州市,,,,,硕士、本科,,2027-04-30 23:59:59,,https://app.mokahr.com/campus-recruitment/syntegon/42656,https://jiuye.uestc.edu.cn/career/recruitment/online/fxvzlo8su4u9,verified,https://jiuye.uestc.edu.cn/career/recruitment/online,
639165a0aea7a0155c9838650b0e591f65b9ece943af6d7e61004c380f6d7615,2026-09-12 08:57:25,2026-09-12 08:57:25,需求信息,星德科包装技术(杭州)有限公司,星德科包装技术2027届校园招聘,销售工程师,2026-09-11 10:10:00,2026-09-11,浙江省:杭州市,,,,,硕士、本科,,2027-04-30 23:59:59,,https://app.mokahr.com/campus-recruitment/syntegon/42656,https://jiuye.uestc.edu.cn/career/recruitment/online/fxvzlo8su4u9,verified,https://jiuye.uestc.edu.cn/career/recruitment/online,
a68a8160505520133cef4524942338db45c1657480355acede74666cfb799d3b,2026-09-12 08:57:25,2026-09-12 08:57:25,需求信息,星德科包装技术(杭州)有限公司,星德科包装技术2027届校园招聘,验证工程师,2026-09-11 10:10:00,2026-09-11,浙江省:杭州市,,,,,硕士、本科,,2027-04-30 23:59:59,,https://app.mokahr.com/campus-recruitment/syntegon/42656,https://jiuye.uestc.edu.cn/career/recruitment/online/fxvzlo8su4u9,verified,https://jiuye.uestc.edu.cn/career/recruitment/online,
f7b0574e72e3f603f1e75dd9f967b4105a45e0e37fdd3344fe01c87b61112955,2026-09-12 08:57:25,2026-09-12 08:57:25,需求信息,星德科包装技术(杭州)有限公司,星德科包装技术2027届校园招聘,售后服务机械/电气工程师,2026-09-11 10:10:00,2026-09-11,浙江省:杭州市,,,,,硕士、本科,,2027-04-30 23:59:59,,https://app.mokahr.com/campus-recruitment/syntegon/42656,https://jiuye.uestc.edu.cn/career/recruitment/online/fxvzlo8su4u9,verified,https://jiuye.uestc.edu.cn/career/recruitment/online,
626595841f987a4b43c900e2751d8bc02d7f88add4f4e9f365e0cf498378cd70,2026-09-12 08:57:25,2026-09-12 08:57:25,需求信息,北京掌上先机网络科技有限公司,慧策集团-校园/实习招聘,"三大类别,全序列多赛道可选",2026-09-11 10:09:01,2026-09-11,北京市:海淀区,,,,,本科、硕士,,2026-10-11 00:00:00,,https://huicecom.zhiye.com/Campus,https://jiuye.uestc.edu.cn/career/recruitment/online/fxw0oqjge5mq,verified,https://jiuye.uestc.edu.cn/career/recruitment/online,
75ac9020ae3bf98611294b8fdfc67d6e0ec9097206c9601178965af96b52f312,2026-09-12 08:57:25,2026-09-12 08:57:25,需求信息,彩讯科技股份有限公司,2027届校园招聘招生简章,未明确列出,2026-09-11 09:23:43,2026-09-11,"北京市:朝阳区,广东省:广州市,广东省:深圳市,四川省:成都市,浙江省:杭州市",,,,,本科、硕士、博士,,2027-06-30 00:00:00,,https://www.richinfo.cn/jobs,https://jiuye.uestc.edu.cn/career/recruitment/online/fxvwxx7nnf9e,verified,https://jiuye.uestc.edu.cn/career/recruitment/online,
e9c750f110aed14eb2ef648bab27e143e2dbe943ff4ef02f5383d54c3fccfe52,2026-09-12 08:57:25,2026-09-12 08:57:25,需求信息,用友网络科技股份有限公司,“友”为青年  用友集团2027届校园招聘简章,未明确列出,2026-09-11 09:22:20,2026-09-11,北京市:海淀区,,,,,本科、硕士、博士,,2027-05-31 00:00:00,,https://career.yonyou.com/,https://jiuye.uestc.edu.cn/career/recruitment/online/fxvwwyklccn5,verified,https://jiuye.uestc.edu.cn/career/recruitment/online,
277ea7dd72f36db99efd7776a075125f927e46297c58af680ceed23af0838b13,2026-09-12 08:57:25,2026-09-12 08:57:25,需求信息,中航科创有限公司,中航科创2027届秋季校园招聘正式启动!,未明确列出,2026-09-11 09:17:34,2026-09-11,上海市:徐汇区,,,,,本科、硕士,,2026-11-06 23:49:19,,http://avicsz.zhiye.com/,https://jiuye.uestc.edu.cn/career/recruitment/online/fxui411eybcx,verified,https://jiuye.uestc.edu.cn/career/recruitment/online,
83d2a7f810cfd3e89d0368555f3cd555e5df10434c34353e094062bcf57251dd,2026-09-12 08:57:25,2026-09-12 08:57:25,需求信息,成都辰显光电有限公司,--成都辰显光电有限公司2027届应届毕业生招聘简章,设计高级研究员(电路/结构/光学/阵列方向),2026-09-11 09:17:14,2026-09-11,成都,,,,,硕士,微电子、光电、材料、机械等相关理工科等相关专业,2026-11-30 00:00:00,,https://vistar.zhiye.com/,https://jiuye.uestc.edu.cn/career/recruitment/online/fxlxqdp404qp,verified,https://jiuye.uestc.edu.cn/career/recruitment/online,
d79ad5be0715674ba581bc4d8def28e0421b9414e5e32414b63dc533a4d71091,2026-09-12 08:57:25,2026-09-12 08:57:25,需求信息,成都辰显光电有限公司,--成都辰显光电有限公司2027届应届毕业生招聘简章,前沿技术高级研究员,2026-09-11 09:17:14,2026-09-11,成都,,,,,博士,"微电子、光电子、材料、半导体,电子信息(信息显示方向)专业",2026-11-30 00:00:00,,https://vistar.zhiye.com/,https://jiuye.uestc.edu.cn/career/recruitment/online/fxlxqdp404qp,verified,https://jiuye.uestc.edu.cn/career/recruitment/online,
644c7926ceb4702a3beeec85ceb256a3a509aaa1db44f1686b05048052799e7b,2026-09-12 08:57:25,2026-09-12 08:57:25,需求信息,成都辰显光电有限公司,--成都辰显光电有限公司2027届应届毕业生招聘简章,巨量转移资深研究员,2026-09-11 09:17:14,2026-09-11,成都,,,,,博士,材料工程、半导体、微电子、电子信息工程,2026-11-30 00:00:00,,https://vistar.zhiye.com/,https://jiuye.uestc.edu.cn/career/recruitment/online/fxlxqdp404qp,verified,https://jiuye.uestc.edu.cn/career/recruitment/online,
7181da439b9e7b9951d6155900f090ce9f4605874e09b835114c277f7b115165,2026-09-12 08:57:25,2026-09-12 08:57:25,需求信息,成都辰显光电有限公司,--成都辰显光电有限公司2027届应届毕业生招聘简章,阵列工艺高级研究员,2026-09-11 09:17:14,2026-09-11,成都,,,,,硕士,材料、物理、微电子、电子信息、化学、光电信息、半导体、集成电路、电子科学与技术等相关理工科专业;,2026-11-30 00:00:00,,https://vistar.zhiye.com/,https://jiuye.uestc.edu.cn/career/recruitment/online/fxlxqdp404qp,verified,https://jiuye.uestc.edu.cn/career/recruitment/online,
f712470e320cc31a9962c7d84d9a257f3fb509acc2c3dff25a6aa34e7e7da852,2026-09-12 08:57:25,2026-09-12 08:57:25,需求信息,成都辰显光电有限公司,--成都辰显光电有限公司2027届应届毕业生招聘简章,研发设备工程师,2026-09-11 09:17:14,2026-09-11,成都,,,,,本科,自动化/电气/机械等相关专业,2026-11-30 00:00:00,,https://vistar.zhiye.com/,https://jiuye.uestc.edu.cn/career/recruitment/online/fxlxqdp404qp,verified,https://jiuye.uestc.edu.cn/career/recruitment/online,
3a7774554eb9af678bd15de43e1ca5abb48f02335ca34399f2a6a81bc5c9ffda,2026-09-12 08:57:25,2026-09-12 08:57:25,需求信息,成都辰显光电有限公司,--成都辰显光电有限公司2027届应届毕业生招聘简章,CIM工程师,2026-09-11 09:17:14,2026-09-11,成都,,,,,本科,自动化/电子信息/软件工程/计算机科学与技术等相关专业,2026-11-30 00:00:00,,https://vistar.zhiye.com/,https://jiuye.uestc.edu.cn/career/recruitment/online/fxlxqdp404qp,verified,https://jiuye.uestc.edu.cn/career/recruitment/online,
74eaa3f21bc35d6fa5e89b5c77739a0e4aee0eaadfbbcc971b8fee1057ed182c,2026-09-12 08:57:25,2026-09-12 08:57:25,需求信息,成都辰显光电有限公司,--成都辰显光电有限公司2027届应届毕业生招聘简章,IE工程师,2026-09-11 09:17:14,2026-09-11,成都,,,,,本科,工业工程、自动化、物流管理等,2026-11-30 00:00:00,,https://vistar.zhiye.com/,https://jiuye.uestc.edu.cn/career/recruitment/online/fxlxqdp404qp,verified,https://jiuye.uestc.edu.cn/career/recruitment/online,
094a0ccc225d21b95d1b6f0e2c5e3ef013944bed44e7b672a566456997fe5bb9,2026-09-12 08:57:25,2026-09-12 08:57:25,需求信息,成都辰显光电有限公司,--成都辰显光电有限公司2027届应届毕业生招聘简章,模组工程师,2026-09-11 09:17:14,2026-09-11,成都,,,,,本科,机械类、自动化、材料类、电子类、物理、光电等理工科专业,2026-11-30 00:00:00,,https://vistar.zhiye.com/,https://jiuye.uestc.edu.cn/career/recruitment/online/fxlxqdp404qp,verified,https://jiuye.uestc.edu.cn/career/recruitment/online,
11ff2b46fdc587ac5eb4b35c2b7d546212186be8bb65f2a3d0be2c0bfed80bc1,2026-09-12 08:57:25,2026-09-12 08:57:25,需求信息,成都辰显光电有限公司,--成都辰显光电有限公司2027届应届毕业生招聘简章,屏体技术工程师,2026-09-11 09:17:14,2026-09-11,成都,,,,,本科及以上,材料/物理/化学,2026-11-30 00:00:00,,https://vistar.zhiye.com/,https://jiuye.uestc.edu.cn/career/recruitment/online/fxlxqdp404qp,verified,https://jiuye.uestc.edu.cn/career/recruitment/online,
323faeb1d493f5090098f88fdf2e29b660df32fae62432c571430dde2bfcfe53,2026-09-12 08:57:25,2026-09-12 08:57:25,需求信息,成都辰显光电有限公司,--成都辰显光电有限公司2027届应届毕业生招聘简章,侧边工程师,2026-09-11 09:17:14,2026-09-11,成都,,,,,本科及以上,"半导体物理,机械,化学,光学等专业",2026-11-30 00:00:00,,https://vistar.zhiye.com/,https://jiuye.uestc.edu.cn/career/recruitment/online/fxlxqdp404qp,verified,https://jiuye.uestc.edu.cn/career/recruitment/online,
8db4506adbba83c1b0d2498a26b643102c3c28c9fc24ba6be2abd8d430eacb5f,2026-09-12 08:57:25,2026-09-12 08:57:25,需求信息,成都辰显光电有限公司,--成都辰显光电有限公司2027届应届毕业生招聘简章,制造工程师,2026-09-11 09:17:14,2026-09-11,成都,,,,,本科,电子、管理、工程技术等理工类相关专业,2026-11-30 00:00:00,,https://vistar.zhiye.com/,https://jiuye.uestc.edu.cn/career/recruitment/online/fxlxqdp404qp,verified,https://jiuye.uestc.edu.cn/career/recruitment/online,
85cd5caa3f6a0c1cc7c095f18ee605813532f940c56d3a3fcbc9b4dcc0cbf43c,2026-09-12 08:57:25,2026-09-12 08:57:25,需求信息,成都辰显光电有限公司,--成都辰显光电有限公司2027届应届毕业生招聘简章,自动化工程师,2026-09-11 09:17:14,2026-09-11,成都,,,,,本科,自动化、电气工程及其自动化、机械工程、电子类,2026-11-30 00:00:00,,https://vistar.zhiye.com/,https://jiuye.uestc.edu.cn/career/recruitment/online/fxlxqdp404qp,verified,https://jiuye.uestc.edu.cn/career/recruitment/online,
4b79afab9029146ccad435a25659d774faa1e4abb05f93486c187a6082d28663,2026-09-12 08:57:25,2026-09-12 08:57:25,需求信息,成都辰显光电有限公司,--成都辰显光电有限公司2027届应届毕业生招聘简章,背板代工工程师,2026-09-11 09:17:14,2026-09-11,合肥,,,,,本科,自动化、电气工程及其自动化、机械工程、微电子类,2026-11-30 00:00:00,,https://vistar.zhiye.com/,https://jiuye.uestc.edu.cn/career/recruitment/online/fxlxqdp404qp,verified,https://jiuye.uestc.edu.cn/career/recruitment/online,
bfc22c635fdf2de8741200ef63888cfdff3079e3a1dccc0796fda8c8e6b42080,2026-09-12 08:57:25,2026-09-12 08:57:25,需求信息,成都辰显光电有限公司,--成都辰显光电有限公司2027届应届毕业生招聘简章,阵列工程师,2026-09-11 09:17:14,2026-09-11,成都,,,,,本科及以上,自动化、电气工程及其自动化、机械工程、微电子类,2026-11-30 00:00:00,,https://vistar.zhiye.com/,https://jiuye.uestc.edu.cn/career/recruitment/online/fxlxqdp404qp,verified,https://jiuye.uestc.edu.cn/career/recruitment/online,
8c66c9e3d6a64a170bb671fb4845a4cd1fa33d8d6fb3c5ebe5902fc477e872f3,2026-09-12 08:57:25,2026-09-12 08:57:25,需求信息,成都辰显光电有限公司,--成都辰显光电有限公司2027届应届毕业生招聘简章,整合工程师,2026-09-11 09:17:14,2026-09-11,成都,,,,,本科及以上,半导体物理/光学/材料学等理工相关专业,2026-11-30 00:00:00,,https://vistar.zhiye.com/,https://jiuye.uestc.edu.cn/career/recruitment/online/fxlxqdp404qp,verified,https://jiuye.uestc.edu.cn/career/recruitment/online,
415675e3c19bad38e563f2c67cb3441a5e35e1c55949ab05d389ab4a9fb12621,2026-09-12 08:57:25,2026-09-12 08:57:25,需求信息,成都辰显光电有限公司,--成都辰显光电有限公司2027届应届毕业生招聘简章,工艺管理工程师,2026-09-11 09:17:14,2026-09-11,成都,,,,,本科,IT相关/半导体物理/统计学相关,2026-11-30 00:00:00,,https://vistar.zhiye.com/,https://jiuye.uestc.edu.cn/career/recruitment/online/fxlxqdp404qp,verified,https://jiuye.uestc.edu.cn/career/recruitment/online,
8f90b8f55390285b38475b65d769ae10e48ec75e39694eb567f978140c954ad4,2026-09-12 08:57:25,2026-09-12 08:57:25,需求信息,成都辰显光电有限公司,--成都辰显光电有限公司2027届应届毕业生招聘简章,检测工程师,2026-09-11 09:17:14,2026-09-11,成都,,,,,本科,"电子类,材料类,化学类,光学类,电气类等理工科相关专业均可",2026-11-30 00:00:00,,https://vistar.zhiye.com/,https://jiuye.uestc.edu.cn/career/recruitment/online/fxlxqdp404qp,verified,https://jiuye.uestc.edu.cn/career/recruitment/online,
c92a1c704bb3011d630f6a7d125acb59328f129dba02ffad528b431052c9e806,2026-09-12 08:57:25,2026-09-12 08:57:25,需求信息,成都辰显光电有限公司,--成都辰显光电有限公司2027届应届毕业生招聘简章,人力资源专员,2026-09-11 09:17:14,2026-09-11,成都,,,,,本科,人力资源管理、心理学、劳动与社会保障、工商管理等相关专业,2026-11-30 00:00:00,,https://vistar.zhiye.com/,https://jiuye.uestc.edu.cn/career/recruitment/online/fxlxqdp404qp,verified,https://jiuye.uestc.edu.cn/career/recruitment/online,
f157f250158dbf97e997cd51e8dbbb3660e299e8a645955adcf66e2b298bc6e9,2026-09-12 08:57:25,2026-09-12 08:57:25,需求信息,成都辰显光电有限公司,--成都辰显光电有限公司2027届应届毕业生招聘简章,财务会计,2026-09-11 09:17:14,2026-09-11,成都,,,,,本科,财务、会计、审计等相关专业,2026-11-30 00:00:00,,https://vistar.zhiye.com/,https://jiuye.uestc.edu.cn/career/recruitment/online/fxlxqdp404qp,verified,https://jiuye.uestc.edu.cn/career/recruitment/online,
760aef29da84a7f8a3cba93683adcb7fa89cbb5e90d33b8c82df9fbb45c77ccc,2026-09-12 08:57:25,2026-09-12 08:57:25,需求信息,成都辰显光电有限公司,--成都辰显光电有限公司2027届应届毕业生招聘简章,计划/物料工程师,2026-09-11 09:17:14,2026-09-11,成都,,,,,本科,供应链管理、物流管理、电子工程、工业工程相关专业,2026-11-30 00:00:00,,https://vistar.zhiye.com/,https://jiuye.uestc.edu.cn/career/recruitment/online/fxlxqdp404qp,verified,https://jiuye.uestc.edu.cn/career/recruitment/online,
a5a98363f54cb8e87136150536f75ed53e8bcca5c73cad1f5d57d135f8bc854f,2026-09-12 08:57:25,2026-09-12 08:57:25,需求信息,成都辰显光电有限公司,--成都辰显光电有限公司2027届应届毕业生招聘简章,采购工程师,2026-09-11 09:17:14,2026-09-11,成都,,,,,本科及以上,供应链管理、物流管理、机械、材料、电子等相关专业;,2026-11-30 00:00:00,,https://vistar.zhiye.com/,https://jiuye.uestc.edu.cn/career/recruitment/online/fxlxqdp404qp,verified,https://jiuye.uestc.edu.cn/career/recruitment/online,
59705817934e7f8c6afcd55ff9ba150ec46a21f0312b59a584131bab3fb94a18,2026-09-12 08:57:25,2026-09-12 08:57:25,需求信息,宁波银行股份有限公司,宁波银行招聘简章,未明确列出,2026-09-11 09:10:46,2026-09-10,其他(具体查看招聘信息),,,,,本科、硕士、博士、博士后,,2026-10-31 00:00:00,,https://zhaopin.nbcb.com.cn/,https://jiuye.uestc.edu.cn/career/recruitment/online/fxty77zm0ow2,verified,https://jiuye.uestc.edu.cn/career/recruitment/online,
68464621161f220a62097abd9c19008075c346036fd997d9245fa1c255b70e94,2026-09-12 08:57:25,2026-09-12 08:57:25,需求信息,重庆市华翌智能装备有限公司,,机电研发类,2026-09-11 09:08:57,2026-09-10,广东省:东莞市,,,,,本科、硕士、博士,,2027-12-31 00:00:00,,,https://jiuye.uestc.edu.cn/career/recruitment/online/ftgb62t8fk75,verified,https://jiuye.uestc.edu.cn/career/recruitment/online,
b1d44cd0c359edac1952ebc12bd778f1b7e3672adeb45c00c209e55dd0b2961f,2026-09-12 08:57:25,2026-09-12 08:57:25,需求信息,重庆市华翌智能装备有限公司,,职能类,2026-09-11 09:08:57,2026-09-10,广东省:东莞市,,,,,本科、硕士、博士,,2027-12-31 00:00:00,,,https://jiuye.uestc.edu.cn/career/recruitment/online/ftgb62t8fk75,verified,https://jiuye.uestc.edu.cn/career/recruitment/online,
332e2d36a6ff7d31700bc9754ac4a964ee3167e8f723c0399d481a2e8c14f115,2026-09-12 08:57:25,2026-09-12 08:57:25,需求信息,河北建设投资集团有限责任公司,,未明确列出,2026-09-11 09:07:04,2026-09-15,河北省:石家庄市,,,,,本科、硕士、博士,,2026-10-09 00:00:00,,https://hecic2027.zhaopin.com/,https://jiuye.uestc.edu.cn/career/recruitment/online/fxtz8wwju6m9,verified,https://jiuye.uestc.edu.cn/career/recruitment/online,
e2a2bbbdf3d072df7efc45d1ef422678def11ccfe6144812eabb51948a7ecb2e,2026-09-13 15:19:15,2026-09-13 15:19:15,现场招聘,湖北省面向电子科技大学定向选调(选聘)2027届优秀大学毕业生,湖北省面向电子科技大学定向选调(选聘)2027届优秀大学毕业生公告,未明确列出,2026-09-13 09:48:57,2026-09-14,其他(具体查看招聘信息),2026-09-14,16:30,18:00,清水河校区品B103,本科、硕士、博士,,,,https://hbdxxd.oumakspt.com:5700/,https://jiuye.uestc.edu.cn/career/recruitment/onsite/fy34ef2uhcld,verified,https://jiuye.uestc.edu.cn/career/recruitment/onsite,
67e6d4ba41af7730f8df5d85d9561b01874283d619535d80522e7e8beac5abfa,2026-09-13 15:19:15,2026-09-13 15:19:15,现场招聘,超聚变数字技术有限公司,面向校招招聘群体,未明确列出,2026-09-12 14:41:42,2026-09-16,"河南省:郑州市,广东省:深圳市,广东省:东莞市,浙江省:杭州市,陕西省:西安市",2026-09-16,09:30,12:00,【清】学生活动中心201,本科、硕士、博士,,,,,https://jiuye.uestc.edu.cn/career/recruitment/onsite/fxt5nq44pypt,verified,https://jiuye.uestc.edu.cn/career/recruitment/onsite,
0639813547a68a304e68ba19b4a5c23ddb720965d3914b7815090c60b4e28cf9,2026-09-13 15:19:15,2026-09-13 15:19:15,现场招聘,教育部、中共海南省委、海南省人民政府,,未明确列出,2026-09-13 12:33:53,2026-09-18,海南省:海口市,2026-09-18,14:00,16:00,【清】学生活动中心201,本科、硕士、博士,,,,,https://jiuye.uestc.edu.cn/career/recruitment/onsite/fy3j41llfr41,verified,https://jiuye.uestc.edu.cn/career/recruitment/onsite,
bfc094718b8affd03bc86d15196f36f2d2aee827bf5f3884522f0783f7f376c4,2026-09-13 15:19:15,2026-09-13 15:19:15,现场招聘,海南人才集团,,未明确列出,2026-09-13 13:27:46,2026-09-18,其他(具体查看招聘信息),2026-09-18,14:00,17:30,【清】学生活动中心201、一楼圆厅,本科、硕士、博士,,,,,https://jiuye.uestc.edu.cn/career/recruitment/group/fy3nx3lyklj6,verified,https://jiuye.uestc.edu.cn/career/recruitment/group,
cd6a4525832c38640fb7da29b55b0a6df7f0609a2cc00ca280266e53fb43f342,2026-09-13 15:19:15,2026-09-13 15:19:15,现场招聘,珠海市杰理科技股份有限公司,杰理科技27届秋季校园招聘简章,未明确列出,2026-09-02 14:20:10,2026-10-13,广东省:珠海市,2026-10-13,14:00,16:00,【清】学生活动中心220,本科、硕士,,,,,https://jiuye.uestc.edu.cn/career/recruitment/onsite/fx0he262pekh,verified,https://jiuye.uestc.edu.cn/career/recruitment/onsite,
75c0c773084e6330da3e971da32effd0a490be19d36e4d4cb9edc1acb0c66b25,2026-09-13 15:19:15,2026-09-13 15:19:15,现场招聘,成都天奥电子股份有限公司,天奥电子2027届校园招聘,未明确列出,2026-08-28 16:49:50,2026-10-13,四川省:成都市,2026-10-13,15:00,17:00,【清】立人楼B117,硕士、博士、博士后,,,,http://campus.51job.com/elecspn,https://jiuye.uestc.edu.cn/career/recruitment/onsite/fwfk3ih1r9xd,verified,https://jiuye.uestc.edu.cn/career/recruitment/onsite,
4ed1b1300386c9309ebd58975dc5002512096a246d888905c7afbbe2c3bd0cb8,2026-09-13 15:19:15,2026-09-13 15:19:15,现场招聘,爱立信(中国)通信有限公司,爱立信中国2027届校园招聘,销售培训生,2026-09-09 13:49:49,2026-10-13,"北京市:朝阳区,四川省:成都市,江苏省:南京市,重庆市:九龙坡区,广东省:广州市",2026-10-13,15:00,17:00,【清】立人楼B120,本科、硕士、博士,,,,,https://jiuye.uestc.edu.cn/career/recruitment/onsite/fxpfs1qa8buq,verified,https://jiuye.uestc.edu.cn/career/recruitment/onsite,
b4b299f9e2363e07c4460f6244ab3e5807f741b5b9ed08b15edcfc44ed638952,2026-09-13 15:19:15,2026-09-13 15:19:15,现场招聘,常州步科电机有限公司,,硬件研发岗 (HP),2026-09-10 10:30:30,2026-10-13,其他(具体查看招聘信息),2026-10-13,15:00,18:00,【清】学生活动中心201,本科、硕士、博士,,,,,https://jiuye.uestc.edu.cn/career/recruitment/onsite/fxsih63wzhmq,verified,https://jiuye.uestc.edu.cn/career/recruitment/onsite,
8c6b111d6da271115a9d6c1346b02327e83813eab71745c6d39178136a253ed3,2026-09-13 15:19:15,2026-09-13 15:19:15,现场招聘,常州步科电机有限公司,,硬件研发岗(MC),2026-09-10 10:30:30,2026-10-13,其他(具体查看招聘信息),2026-10-13,15:00,18:00,【清】学生活动中心201,本科、硕士、博士,,,,,https://jiuye.uestc.edu.cn/career/recruitment/onsite/fxsih63wzhmq,verified,https://jiuye.uestc.edu.cn/career/recruitment/onsite,
cc72f422791872ed9254c0438952cf7454789c0b2b2c90b027cf51009a437827,2026-09-13 15:19:15,2026-09-13 15:19:15,现场招聘,常州步科电机有限公司,,电机控制算法研发岗,2026-09-10 10:30:30,2026-10-13,其他(具体查看招聘信息),2026-10-13,15:00,18:00,【清】学生活动中心201,本科、硕士、博士,,,,,https://jiuye.uestc.edu.cn/career/recruitment/onsite/fxsih63wzhmq,verified,https://jiuye.uestc.edu.cn/career/recruitment/onsite,
43ba8ce23dc8d7c3fb1a52d259ff616e5b21b81dee891acba687cd781151f2b9,2026-09-13 15:19:15,2026-09-13 15:19:15,现场招聘,常州步科电机有限公司,,嵌入式软件研发岗(HP),2026-09-10 10:30:30,2026-10-13,其他(具体查看招聘信息),2026-10-13,15:00,18:00,【清】学生活动中心201,本科、硕士、博士,,,,,https://jiuye.uestc.edu.cn/career/recruitment/onsite/fxsih63wzhmq,verified,https://jiuye.uestc.edu.cn/career/recruitment/onsite,
64e066eab7e64e64b202c4e02e6f23ddce359d9b310520eafaac691464435674,2026-09-13 15:19:15,2026-09-13 15:19:15,现场招聘,常州步科电机有限公司,,嵌入式软件研发岗(MC),2026-09-10 10:30:30,2026-10-13,其他(具体查看招聘信息),2026-10-13,15:00,18:00,【清】学生活动中心201,本科、硕士、博士,,,,,https://jiuye.uestc.edu.cn/career/recruitment/onsite/fxsih63wzhmq,verified,https://jiuye.uestc.edu.cn/career/recruitment/onsite,
b2a46bc5f84d287f82bebe26830cf9206ab4a789ab7d8c817024d6f3f60ac9ef,2026-09-13 15:19:15,2026-09-13 15:19:15,现场招聘,常州步科电机有限公司,,组态软件岗,2026-09-10 10:30:30,2026-10-13,其他(具体查看招聘信息),2026-10-13,15:00,18:00,【清】学生活动中心201,本科、硕士、博士,,,,,https://jiuye.uestc.edu.cn/career/recruitment/onsite/fxsih63wzhmq,verified,https://jiuye.uestc.edu.cn/career/recruitment/onsite,
3973a1f831d65cbc66fb2bc05669abce6bc2fae3751f85975c33c124e34f3971,2026-09-13 15:19:15,2026-09-13 15:19:15,现场招聘,常州步科电机有限公司,,工业AI应用岗,2026-09-10 10:30:30,2026-10-13,其他(具体查看招聘信息),2026-10-13,15:00,18:00,【清】学生活动中心201,本科、硕士、博士,,,,,https://jiuye.uestc.edu.cn/career/recruitment/onsite/fxsih63wzhmq,verified,https://jiuye.uestc.edu.cn/career/recruitment/onsite,
26aa562c0f0ac99bcf6b9adc34c73e4dab5a28b46a97c27db4251c2fa789410b,2026-09-13 15:19:15,2026-09-13 15:19:15,现场招聘,常州步科电机有限公司,,结构研发岗(电机),2026-09-10 10:30:30,2026-10-13,其他(具体查看招聘信息),2026-10-13,15:00,18:00,【清】学生活动中心201,本科、硕士、博士,,,,,https://jiuye.uestc.edu.cn/career/recruitment/onsite/fxsih63wzhmq,verified,https://jiuye.uestc.edu.cn/career/recruitment/onsite,
f29211ffdd947e6c396a06a278b42c42423e513c7ea3db9e94a39215a241227c,2026-09-13 15:19:15,2026-09-13 15:19:15,现场招聘,常州步科电机有限公司,,减速机研发岗,2026-09-10 10:30:30,2026-10-13,其他(具体查看招聘信息),2026-10-13,15:00,18:00,【清】学生活动中心201,本科、硕士、博士,,,,,https://jiuye.uestc.edu.cn/career/recruitment/onsite/fxsih63wzhmq,verified,https://jiuye.uestc.edu.cn/career/recruitment/onsite,
65cdead9f0b054bc9ed23ed9e3e0c425cf5d1fe055d4d32468bb6b54ec72f1a4,2026-09-13 15:19:15,2026-09-13 15:19:15,现场招聘,常州步科电机有限公司,,电磁研发岗,2026-09-10 10:30:30,2026-10-13,其他(具体查看招聘信息),2026-10-13,15:00,18:00,【清】学生活动中心201,本科、硕士、博士,,,,,https://jiuye.uestc.edu.cn/career/recruitment/onsite/fxsih63wzhmq,verified,https://jiuye.uestc.edu.cn/career/recruitment/onsite,
3eebfcb44dca172759f6b80c608102a80c5ee5b87ddca448a134866668077637,2026-09-13 15:19:15,2026-09-13 15:19:15,现场招聘,常州步科电机有限公司,,NVH仿真工程师,2026-09-10 10:30:30,2026-10-13,其他(具体查看招聘信息),2026-10-13,15:00,18:00,【清】学生活动中心201,本科、硕士、博士,,,,,https://jiuye.uestc.edu.cn/career/recruitment/onsite/fxsih63wzhmq,verified,https://jiuye.uestc.edu.cn/career/recruitment/onsite,
43062faf22054c9b1357b7c2f08026c7088ec187ef14172cc5a413f1244f3cfd,2026-09-13 15:19:15,2026-09-13 15:19:15,现场招聘,常州步科电机有限公司,,应用技术岗,2026-09-10 10:30:30,2026-10-13,其他(具体查看招聘信息),2026-10-13,15:00,18:00,【清】学生活动中心201,本科、硕士、博士,,,,,https://jiuye.uestc.edu.cn/career/recruitment/onsite/fxsih63wzhmq,verified,https://jiuye.uestc.edu.cn/career/recruitment/onsite,
80c1ece4139bf3a46d1deca4c9726685c09d0740ff62f1195b6509c74646e398,2026-09-13 15:19:15,2026-09-13 15:19:15,现场招聘,常州步科电机有限公司,,硬件测试岗,2026-09-10 10:30:30,2026-10-13,其他(具体查看招聘信息),2026-10-13,15:00,18:00,【清】学生活动中心201,本科、硕士、博士,,,,,https://jiuye.uestc.edu.cn/career/recruitment/onsite/fxsih63wzhmq,verified,https://jiuye.uestc.edu.cn/career/recruitment/onsite,
1f9dba37082e9d9eb54ae946c582998214db7b3c0a38adab68b92b7e5e4be504,2026-09-13 15:19:15,2026-09-13 15:19:15,现场招聘,常州步科电机有限公司,,软件测试岗,2026-09-10 10:30:30,2026-10-13,其他(具体查看招聘信息),2026-10-13,15:00,18:00,【清】学生活动中心201,本科、硕士、博士,,,,,https://jiuye.uestc.edu.cn/career/recruitment/onsite/fxsih63wzhmq,verified,https://jiuye.uestc.edu.cn/career/recruitment/onsite,
3d7aa8447c5786d498131473cedf63d2d89d6d45367fb9456695b0a6dda1aa92,2026-09-13 15:19:15,2026-09-13 15:19:15,现场招聘,常州步科电机有限公司,,电机测试岗,2026-09-10 10:30:30,2026-10-13,其他(具体查看招聘信息),2026-10-13,15:00,18:00,【清】学生活动中心201,本科、硕士、博士,,,,,https://jiuye.uestc.edu.cn/career/recruitment/onsite/fxsih63wzhmq,verified,https://jiuye.uestc.edu.cn/career/recruitment/onsite,
bc6496fd23ba5b2a164a1cee89ade82e1e292378f509b834c9fb29648863dd94,2026-09-13 15:19:15,2026-09-13 15:19:15,现场招聘,常州步科电机有限公司,,测试设备开发岗,2026-09-10 10:30:30,2026-10-13,其他(具体查看招聘信息),2026-10-13,15:00,18:00,【清】学生活动中心201,本科、硕士、博士,,,,,https://jiuye.uestc.edu.cn/career/recruitment/onsite/fxsih63wzhmq,verified,https://jiuye.uestc.edu.cn/career/recruitment/onsite,
8adac5be618deba5dcc7fe401348c5a073de5647f9f6371405054d979da2e462,2026-09-13 15:19:15,2026-09-13 15:19:15,现场招聘,常州步科电机有限公司,,产品管理岗,2026-09-10 10:30:30,2026-10-13,其他(具体查看招聘信息),2026-10-13,15:00,18:00,【清】学生活动中心201,本科、硕士、博士,,,,,https://jiuye.uestc.edu.cn/career/recruitment/onsite/fxsih63wzhmq,verified,https://jiuye.uestc.edu.cn/career/recruitment/onsite,
512fba00d20c122a5262072162f98678118d7c68d3809805ba22d4c9e5973993,2026-09-13 15:19:15,2026-09-13 15:19:15,现场招聘,常州步科电机有限公司,,应用开发岗,2026-09-10 10:30:30,2026-10-13,其他(具体查看招聘信息),2026-10-13,15:00,18:00,【清】学生活动中心201,本科、硕士、博士,,,,,https://jiuye.uestc.edu.cn/career/recruitment/onsite/fxsih63wzhmq,verified,https://jiuye.uestc.edu.cn/career/recruitment/onsite,
b54b326676d236427a96b908542c076fc4e76f3922764d86c42ca56c3ea57621,2026-09-13 15:19:15,2026-09-13 15:19:15,现场招聘,常州步科电机有限公司,,解决方案岗,2026-09-10 10:30:30,2026-10-13,其他(具体查看招聘信息),2026-10-13,15:00,18:00,【清】学生活动中心201,本科、硕士、博士,,,,,https://jiuye.uestc.edu.cn/career/recruitment/onsite/fxsih63wzhmq,verified,https://jiuye.uestc.edu.cn/career/recruitment/onsite,
20c735fc9e27cb989f7e6e2a3e2eb5b2b29c1f10b104366eb83dedcf2010950a,2026-09-13 15:19:15,2026-09-13 15:19:15,现场招聘,常州步科电机有限公司,,运动学系统研发岗,2026-09-10 10:30:30,2026-10-13,其他(具体查看招聘信息),2026-10-13,15:00,18:00,【清】学生活动中心201,本科、硕士、博士,,,,,https://jiuye.uestc.edu.cn/career/recruitment/onsite/fxsih63wzhmq,verified,https://jiuye.uestc.edu.cn/career/recruitment/onsite,
8441963d61fa95ac9ad538d3c3b57156d1c45b1e3aee49a14ee5fc37b0dfa012,2026-09-13 15:19:15,2026-09-13 15:19:15,现场招聘,常州步科电机有限公司,,国内销售岗,2026-09-10 10:30:30,2026-10-13,其他(具体查看招聘信息),2026-10-13,15:00,18:00,【清】学生活动中心201,本科、硕士、博士,,,,,https://jiuye.uestc.edu.cn/career/recruitment/onsite/fxsih63wzhmq,verified,https://jiuye.uestc.edu.cn/career/recruitment/onsite,
cc073bc28a92f9f652d0ae39ccec25a259de9bd30866691990cb07bac1ea1809,2026-09-13 15:19:15,2026-09-13 15:19:15,现场招聘,常州步科电机有限公司,,海外销售岗,2026-09-10 10:30:30,2026-10-13,其他(具体查看招聘信息),2026-10-13,15:00,18:00,【清】学生活动中心201,本科、硕士、博士,,,,,https://jiuye.uestc.edu.cn/career/recruitment/onsite/fxsih63wzhmq,verified,https://jiuye.uestc.edu.cn/career/recruitment/onsite,
ddab08db4b34c89cc80c5c88a028e70d44bd6fe455b23a4c9afc4f02fd6ea8f2,2026-09-13 15:19:15,2026-09-13 15:19:15,现场招聘,常州步科电机有限公司,,技术支持岗,2026-09-10 10:30:30,2026-10-13,其他(具体查看招聘信息),2026-10-13,15:00,18:00,【清】学生活动中心201,本科、硕士、博士,,,,,https://jiuye.uestc.edu.cn/career/recruitment/onsite/fxsih63wzhmq,verified,https://jiuye.uestc.edu.cn/career/recruitment/onsite,
e0fd1ddb19e21234139dca8c3cb58fca1bff96b07aec4a687ab762b465f81f4a,2026-09-13 15:19:15,2026-09-13 15:19:15,现场招聘,常州步科电机有限公司,,海外技术支持岗,2026-09-10 10:30:30,2026-10-13,其他(具体查看招聘信息),2026-10-13,15:00,18:00,【清】学生活动中心201,本科、硕士、博士,,,,,https://jiuye.uestc.edu.cn/career/recruitment/onsite/fxsih63wzhmq,verified,https://jiuye.uestc.edu.cn/career/recruitment/onsite,
f6c9482cc14d2e3cb5b30919ed152781a511eb9f70221f4b0c19bb3dfb1f4d6e,2026-09-13 15:19:15,2026-09-13 15:19:15,现场招聘,常州步科电机有限公司,,采购 Sourcing 岗,2026-09-10 10:30:30,2026-10-13,其他(具体查看招聘信息),2026-10-13,15:00,18:00,【清】学生活动中心201,本科、硕士、博士,,,,,https://jiuye.uestc.edu.cn/career/recruitment/onsite/fxsih63wzhmq,verified,https://jiuye.uestc.edu.cn/career/recruitment/onsite,
0dbb25e3d2437ddccfc2a33bb095bbe5103ab671ab5b83343da743a4f41c583c,2026-09-13 15:19:15,2026-09-13 15:19:15,现场招聘,常州步科电机有限公司,,计划管理岗,2026-09-10 10:30:30,2026-10-13,其他(具体查看招聘信息),2026-10-13,15:00,18:00,【清】学生活动中心201,本科、硕士、博士,,,,,https://jiuye.uestc.edu.cn/career/recruitment/onsite/fxsih63wzhmq,verified,https://jiuye.uestc.edu.cn/career/recruitment/onsite,
b8b0724497964b38b8d9569b0d28506ae4c7e0947b61dd7b6c6b86c25538ccf7,2026-09-13 15:19:15,2026-09-13 15:19:15,现场招聘,常州步科电机有限公司,,PMC 岗,2026-09-10 10:30:30,2026-10-13,其他(具体查看招聘信息),2026-10-13,15:00,18:00,【清】学生活动中心201,本科、硕士、博士,,,,,https://jiuye.uestc.edu.cn/career/recruitment/onsite/fxsih63wzhmq,verified,https://jiuye.uestc.edu.cn/career/recruitment/onsite,
278c6402b31042bde07d842d6aca6cdb549cce6c00deecf75038ca1f7f240af3,2026-09-13 15:19:15,2026-09-13 15:19:15,现场招聘,常州步科电机有限公司,,PIE岗,2026-09-10 10:30:30,2026-10-13,其他(具体查看招聘信息),2026-10-13,15:00,18:00,【清】学生活动中心201,本科、硕士、博士,,,,,https://jiuye.uestc.edu.cn/career/recruitment/onsite/fxsih63wzhmq,verified,https://jiuye.uestc.edu.cn/career/recruitment/onsite,
d1bcfa8813d07da9ae904692be9e8bedd5cef94e13d2167156868b765fc4f436,2026-09-13 15:19:15,2026-09-13 15:19:15,现场招聘,常州步科电机有限公司,,PQE岗,2026-09-10 10:30:30,2026-10-13,其他(具体查看招聘信息),2026-10-13,15:00,18:00,【清】学生活动中心201,本科、硕士、博士,,,,,https://jiuye.uestc.edu.cn/career/recruitment/onsite/fxsih63wzhmq,verified,https://jiuye.uestc.edu.cn/career/recruitment/onsite,
c0d723a53c2e4fad7ae05ed6ec21f2d7af9cc5db3a30c80caf352f5f46d4174f,2026-09-13 15:19:15,2026-09-13 15:19:15,现场招聘,常州步科电机有限公司,,商务岗,2026-09-10 10:30:30,2026-10-13,其他(具体查看招聘信息),2026-10-13,15:00,18:00,【清】学生活动中心201,本科、硕士、博士,,,,,https://jiuye.uestc.edu.cn/career/recruitment/onsite/fxsih63wzhmq,verified,https://jiuye.uestc.edu.cn/career/recruitment/onsite,
82ef0d4dd902b1d61a3bb5895375fb88c8327769c4487c6b33374256521e97c5,2026-09-13 15:19:15,2026-09-13 15:19:15,现场招聘,云深处科技股份有限公司,,未明确列出,2026-08-28 13:18:24,2026-10-13,"北京市:通州区,浙江省:杭州市",2026-10-13,18:30,20:30,【清】学生活动中心220,硕士、博士、博士后,,,,https://app135149.eapps.dingtalkcloud.com/campus-recruitment/yunshenchu,https://jiuye.uestc.edu.cn/career/recruitment/onsite/fwi1oq8i3uo1,verified,https://jiuye.uestc.edu.cn/career/recruitment/onsite,
fc7c696d30aa126137dd240db33974ea81562be2f9d63eb8b0bc80346b8a0cf0,2026-09-13 15:19:15,2026-09-13 15:19:15,现场招聘,海信集团控股股份有限公司,海信集团2027届校园招聘简章,未明确列出,2026-08-28 22:39:53,2026-10-13,山东省:青岛市,2026-10-13,19:30,21:00,【清】立人楼B117,本科、硕士、博士,,,,,https://jiuye.uestc.edu.cn/career/recruitment/onsite/fwcd1gnr9m9u,verified,https://jiuye.uestc.edu.cn/career/recruitment/onsite,
d01b9b67a22579836fe99357c564c627b37b80f7a046f620e37e3133496eed28,2026-09-13 15:19:15,2026-09-13 15:19:15,现场招聘,深圳市路特创新科技有限公司,四、招聘细则,技术类,2026-09-10 16:53:27,2026-10-13,广东省:深圳市,2026-10-13,19:30,21:00,【清】立人楼B118,本科、硕士,,,,https://app.mokahr.com/campus-recruitment/rootglobal/44850,https://jiuye.uestc.edu.cn/career/recruitment/onsite/fxt92x6025fm,verified,https://jiuye.uestc.edu.cn/career/recruitment/onsite,
54209b9cf83b358a565ff474aa3d95b6ed17bb36825fca88c77a27cec1bbb6b9,2026-09-13 15:19:15,2026-09-13 15:19:15,现场招聘,深圳市路特创新科技有限公司,四、招聘细则,运营类,2026-09-10 16:53:27,2026-10-13,广东省:深圳市,2026-10-13,19:30,21:00,【清】立人楼B118,本科、硕士,,,,https://app.mokahr.com/campus-recruitment/rootglobal/44850,https://jiuye.uestc.edu.cn/career/recruitment/onsite/fxt92x6025fm,verified,https://jiuye.uestc.edu.cn/career/recruitment/onsite,
5d2f1835501d5aae5488dcc241ca8ea3ba19540c70865b2241a264cb1d599c8e,2026-09-13 15:19:15,2026-09-13 15:19:15,现场招聘,深圳市路特创新科技有限公司,四、招聘细则,产品类,2026-09-10 16:53:27,2026-10-13,广东省:深圳市,2026-10-13,19:30,21:00,【清】立人楼B118,本科、硕士,,,,https://app.mokahr.com/campus-recruitment/rootglobal/44850,https://jiuye.uestc.edu.cn/career/recruitment/onsite/fxt92x6025fm,verified,https://jiuye.uestc.edu.cn/career/recruitment/onsite,
ebdfa3edb8a124f06a048b1112abff1ad794a508273cc8be641156af058abb16,2026-09-13 15:19:15,2026-09-13 15:19:15,现场招聘,深圳市路特创新科技有限公司,四、招聘细则,营销类,2026-09-10 16:53:27,2026-10-13,广东省:深圳市,2026-10-13,19:30,21:00,【清】立人楼B118,本科、硕士,,,,https://app.mokahr.com/campus-recruitment/rootglobal/44850,https://jiuye.uestc.edu.cn/career/recruitment/onsite/fxt92x6025fm,verified,https://jiuye.uestc.edu.cn/career/recruitment/onsite,
0fbad7ffebc4a138dea25f60f1bbb0bc7f4d58273729250237dab5397b1d3693,2026-09-13 15:19:15,2026-09-13 15:19:15,现场招聘,深圳市路特创新科技有限公司,四、招聘细则,职能类,2026-09-10 16:53:27,2026-10-13,广东省:深圳市,2026-10-13,19:30,21:00,【清】立人楼B118,本科、硕士,,,,https://app.mokahr.com/campus-recruitment/rootglobal/44850,https://jiuye.uestc.edu.cn/career/recruitment/onsite/fxt92x6025fm,verified,https://jiuye.uestc.edu.cn/career/recruitment/onsite,
ae96bf81705092bfa02565db9d2be2ad7218dcbe16a444c21bbe41273e0cc752,2026-09-13 15:19:15,2026-09-13 15:19:15,现场招聘,深圳市路特创新科技有限公司,四、招聘细则,设计类,2026-09-10 16:53:27,2026-10-13,广东省:深圳市,2026-10-13,19:30,21:00,【清】立人楼B118,本科、硕士,,,,https://app.mokahr.com/campus-recruitment/rootglobal/44850,https://jiuye.uestc.edu.cn/career/recruitment/onsite/fxt92x6025fm,verified,https://jiuye.uestc.edu.cn/career/recruitment/onsite,
431237b5797ab58aa3aedd4759bea02218592471fd3c4a6abf2e024041b7108e,2026-09-13 15:19:15,2026-09-13 15:19:15,需求信息,安克创新科技股份有限公司,,未明确列出,2026-09-13 14:45:42,2026-09-13,其他(具体查看招聘信息),,,,,本科,,2026-12-31 00:00:00,,https://career.anker.com.cn/universities/recruitment,https://jiuye.uestc.edu.cn/career/recruitment/online/fy3t1kj4vyf5,verified,https://jiuye.uestc.edu.cn/career/recruitment/online,
f9ef7ed88105e60e8cb625f0988dd41a7c4563a6d1a5c9ee5b23dac7affab5a2,2026-09-13 15:19:15,2026-09-13 15:19:15,需求信息,天津航空机电有限公司,2027届毕业生招聘,未明确列出,2026-09-13 08:42:47,2026-09-13,天津市:东丽区,,,,,硕士,,2027-09-30 00:00:00,,https://tjaemc.zhiye.com/,https://jiuye.uestc.edu.cn/career/recruitment/online/fy2sfwkt5t6q,verified,https://jiuye.uestc.edu.cn/career/recruitment/online,
4524203ba171b1ec07301547a18d7bfdac70fcc60c39bf62b19763c7e7f00974,2026-09-13 15:19:15,2026-09-13 15:19:15,需求信息,中国移动通信集团浙江有限公司嘉兴分公司,中国移动通信集团浙江有限公司嘉兴分公司2026年度秋季校园招聘公告,未明确列出,2026-09-13 08:40:13,2026-09-12,浙江省:嘉兴市,,,,,本科、硕士,,2026-10-12 00:00:00,,http://www.zj.10086.cn/job,https://jiuye.uestc.edu.cn/career/recruitment/online/fy1aqev174ld,verified,https://jiuye.uestc.edu.cn/career/recruitment/online,
2a9e8612edb2d25641ff8bf100f57d2f7eea8a0866de7d19b65839c89f34e282,2026-09-13 15:19:15,2026-09-13 15:19:15,需求信息,浙商银行股份有限公司,浙商银行2027校园招聘启事,未明确列出,2026-09-13 08:39:15,2026-09-12,浙江省:杭州市,,,,,本科、硕士、博士,,2026-10-25 00:00:00,9月起,https://zp.czbank.com.cn/,https://jiuye.uestc.edu.cn/career/recruitment/online/fy0i69ezw5qa,verified,https://jiuye.uestc.edu.cn/career/recruitment/online,
719b361a5b6af0a60b4c301857653018824dd62265d9df2f0ab9fe2d7c51d589,2026-09-13 15:19:15,2026-09-13 15:19:15,需求信息,四川德康农牧食品集团股份有限公司,德康集团2026年秋季“德计划”管培生校园招聘简章,未明确列出,2026-09-12 11:30:55,2026-09-12,四川省:成都市,,,,,本科、硕士、博士,,2027-07-01 00:00:00,,https://app.mokahr.com/campus-recruitment/dekangmuye/151636?locale=zh-CN,https://jiuye.uestc.edu.cn/career/recruitment/online/fxzpjh3pwzcx,verified,https://jiuye.uestc.edu.cn/career/recruitment/online,
